verify	Set up job	﻿2026-09-28T14:42:43.1674435Z Current runner version: '2.337.0'
verify	Set up job	2026-09-28T14:42:43.1695615Z ##[group]Runner Image Provisioner
verify	Set up job	2026-09-28T14:42:43.1696401Z Hosted Compute Agent
verify	Set up job	2026-09-28T14:42:43.1696982Z Version: 20260828.587
verify	Set up job	2026-09-28T14:42:43.1697526Z Commit: abac92662cab4cc7352de4f9f9d2e2419aad9c29
verify	Set up job	2026-09-28T14:42:43.1698100Z Build Date: 2026-08-28T16:44:25Z
verify	Set up job	2026-09-28T14:42:43.1698717Z Worker ID: {54ff7a5c-4783-471f-a17c-a6eb9653ea04}
verify	Set up job	2026-09-28T14:42:43.1699333Z Azure Region: mexicocentral
verify	Set up job	2026-09-28T14:42:43.1699856Z ##[endgroup]
verify	Set up job	2026-09-28T14:42:43.1701141Z ##[group]Operating System
verify	Set up job	2026-09-28T14:42:43.1701659Z Ubuntu
verify	Set up job	2026-09-28T14:42:43.1702158Z 24.04.5
verify	Set up job	2026-09-28T14:42:43.1702626Z LTS
verify	Set up job	2026-09-28T14:42:43.1703115Z ##[endgroup]
verify	Set up job	2026-09-28T14:42:43.1703585Z ##[group]Runner Image
verify	Set up job	2026-09-28T14:42:43.1704068Z Image: ubuntu-24.04
verify	Set up job	2026-09-28T14:42:43.1704567Z Version: 20260920.314.1
verify	Set up job	2026-09-28T14:42:43.1705461Z Included Software: https://github.com/actions/runner-images/blob/ubuntu24/20260920.314/images/ubuntu/Ubuntu2404-Readme.md
verify	Set up job	2026-09-28T14:42:43.1706879Z Image Release: https://github.com/actions/runner-images/releases/tag/ubuntu24%2F20260920.314
verify	Set up job	2026-09-28T14:42:43.1707656Z ##[endgroup]
verify	Set up job	2026-09-28T14:42:43.1708918Z ##[group]GITHUB_TOKEN Permissions
verify	Set up job	2026-09-28T14:42:43.1710608Z Contents: read
verify	Set up job	2026-09-28T14:42:43.1711293Z Metadata: read
verify	Set up job	2026-09-28T14:42:43.1711763Z Packages: read
verify	Set up job	2026-09-28T14:42:43.1712204Z ##[endgroup]
verify	Set up job	2026-09-28T14:42:43.1713916Z Secret source: Actions
verify	Set up job	2026-09-28T14:42:43.1714674Z Cache mode: write
verify	Set up job	2026-09-28T14:42:43.1715304Z Prepare workflow directory
verify	Set up job	2026-09-28T14:42:43.1990684Z Prepare all required actions
verify	Set up job	2026-09-28T14:42:43.2045369Z Getting action download info
verify	Set up job	2026-09-28T14:42:43.5527957Z Download action repository 'actions/checkout@v7' (SHA:3d3c42e5aac5ba805825da76410c181273ba90b1)
verify	Set up job	2026-09-28T14:42:43.6771164Z Download action repository 'actions/setup-java@v6' (SHA:de7274f081f381c8f8158605e0321c36c376e2e6)
verify	Set up job	2026-09-28T14:42:44.7391501Z Download action repository 'actions/setup-node@v7' (SHA:820762786026740c76f36085b0efc47a31fe5020)
verify	Set up job	2026-09-28T14:42:44.8351762Z Download action repository 'actions/upload-artifact@v7' (SHA:043fb46d1a93c77aae656e7c1c64a875d1fc6a0a)
verify	Set up job	2026-09-28T14:42:45.1907118Z Complete job name: verify
verify	Run actions/checkout@v7	﻿2026-09-28T14:42:45.2655500Z ##[group]Run actions/checkout@v7
verify	Run actions/checkout@v7	2026-09-28T14:42:45.2656611Z with:
verify	Run actions/checkout@v7	2026-09-28T14:42:45.2657582Z   repository: Kalicon/ecohospital-esg-cicd
verify	Run actions/checkout@v7	2026-09-28T14:42:45.2664951Z   token: ***
verify	Run actions/checkout@v7	2026-09-28T14:42:45.2665743Z   ssh-strict: true
verify	Run actions/checkout@v7	2026-09-28T14:42:45.2666662Z   ssh-user: git
verify	Run actions/checkout@v7	2026-09-28T14:42:45.2667501Z   persist-credentials: true
verify	Run actions/checkout@v7	2026-09-28T14:42:45.2668444Z   clean: true
verify	Run actions/checkout@v7	2026-09-28T14:42:45.2669293Z   sparse-checkout-cone-mode: true
verify	Run actions/checkout@v7	2026-09-28T14:42:45.2670237Z   fetch-depth: 1
verify	Run actions/checkout@v7	2026-09-28T14:42:45.2671271Z   fetch-tags: false
verify	Run actions/checkout@v7	2026-09-28T14:42:45.2672099Z   show-progress: true
verify	Run actions/checkout@v7	2026-09-28T14:42:45.2672979Z   lfs: false
verify	Run actions/checkout@v7	2026-09-28T14:42:45.2673771Z   submodules: false
verify	Run actions/checkout@v7	2026-09-28T14:42:45.2674615Z   set-safe-directory: true
verify	Run actions/checkout@v7	2026-09-28T14:42:45.2675782Z   allow-unsafe-pr-checkout: false
verify	Run actions/checkout@v7	2026-09-28T14:42:45.2677356Z ##[endgroup]
verify	Run actions/checkout@v7	2026-09-28T14:42:45.3528631Z Syncing repository: Kalicon/ecohospital-esg-cicd
verify	Run actions/checkout@v7	2026-09-28T14:42:45.3532333Z ##[group]Getting Git version info
verify	Run actions/checkout@v7	2026-09-28T14:42:45.3534405Z Working directory is '/home/runner/work/ecohospital-esg-cicd/ecohospital-esg-cicd'
verify	Run actions/checkout@v7	2026-09-28T14:42:45.3536958Z [command]/usr/bin/git version
verify	Run actions/checkout@v7	2026-09-28T14:42:45.3866534Z git version 2.55.0
verify	Run actions/checkout@v7	2026-09-28T14:42:45.3886766Z ##[endgroup]
verify	Run actions/checkout@v7	2026-09-28T14:42:45.3896662Z Temporarily overriding HOME='/home/runner/work/_temp/d6f9edf0-a73e-45ca-9954-6263f28d40c4' before making global git config changes
verify	Run actions/checkout@v7	2026-09-28T14:42:45.3900105Z Adding repository directory to the temporary git global config as a safe directory
verify	Run actions/checkout@v7	2026-09-28T14:42:45.3903236Z [command]/usr/bin/git config --global --add safe.directory /home/runner/work/ecohospital-esg-cicd/ecohospital-esg-cicd
verify	Run actions/checkout@v7	2026-09-28T14:42:45.3949884Z Deleting the contents of '/home/runner/work/ecohospital-esg-cicd/ecohospital-esg-cicd'
verify	Run actions/checkout@v7	2026-09-28T14:42:45.3953551Z ##[group]Determining repository object format
verify	Run actions/checkout@v7	2026-09-28T14:42:45.3956366Z ##[endgroup]
verify	Run actions/checkout@v7	2026-09-28T14:42:45.3958449Z ##[group]Initializing the repository
verify	Run actions/checkout@v7	2026-09-28T14:42:45.3960794Z [command]/usr/bin/git init /home/runner/work/ecohospital-esg-cicd/ecohospital-esg-cicd
verify	Run actions/checkout@v7	2026-09-28T14:42:45.4231682Z hint: Using 'master' as the name for the initial branch. This default branch name
verify	Run actions/checkout@v7	2026-09-28T14:42:45.4234020Z hint: will change to "main" in Git 3.0. To configure the initial branch name
verify	Run actions/checkout@v7	2026-09-28T14:42:45.4236270Z hint: to use in all of your new repositories, which will suppress this warning,
verify	Run actions/checkout@v7	2026-09-28T14:42:45.4237670Z hint: call:
verify	Run actions/checkout@v7	2026-09-28T14:42:45.4238528Z hint:
verify	Run actions/checkout@v7	2026-09-28T14:42:45.4239503Z hint: 	git config --global init.defaultBranch <name>
verify	Run actions/checkout@v7	2026-09-28T14:42:45.4240679Z hint:
verify	Run actions/checkout@v7	2026-09-28T14:42:45.4242291Z hint: Names commonly chosen instead of 'master' are 'main', 'trunk' and
verify	Run actions/checkout@v7	2026-09-28T14:42:45.4244206Z hint: 'development'. The just-created branch can be renamed via this command:
verify	Run actions/checkout@v7	2026-09-28T14:42:45.4245559Z hint:
verify	Run actions/checkout@v7	2026-09-28T14:42:45.4246415Z hint: 	git branch -m <name>
verify	Run actions/checkout@v7	2026-09-28T14:42:45.4247305Z hint:
verify	Run actions/checkout@v7	2026-09-28T14:42:45.4248457Z hint: Disable this message with "git config set advice.defaultBranchName false"
verify	Run actions/checkout@v7	2026-09-28T14:42:45.4250492Z Initialized empty Git repository in /home/runner/work/ecohospital-esg-cicd/ecohospital-esg-cicd/.git/
verify	Run actions/checkout@v7	2026-09-28T14:42:45.4254027Z [command]/usr/bin/git remote add origin https://github.com/Kalicon/ecohospital-esg-cicd
verify	Run actions/checkout@v7	2026-09-28T14:42:45.4292018Z ##[endgroup]
verify	Run actions/checkout@v7	2026-09-28T14:42:45.4295113Z ##[group]Disabling automatic garbage collection
verify	Run actions/checkout@v7	2026-09-28T14:42:45.4296835Z [command]/usr/bin/git config --local gc.auto 0
verify	Run actions/checkout@v7	2026-09-28T14:42:45.4326375Z ##[endgroup]
verify	Run actions/checkout@v7	2026-09-28T14:42:45.4328494Z ##[group]Setting up auth
verify	Run actions/checkout@v7	2026-09-28T14:42:45.4329918Z Removing SSH command configuration
verify	Run actions/checkout@v7	2026-09-28T14:42:45.4332134Z [command]/usr/bin/git config --local --name-only --get-regexp core\.sshCommand
verify	Run actions/checkout@v7	2026-09-28T14:42:45.4362824Z [command]/usr/bin/git submodule foreach --recursive sh -c "git config --local --name-only --get-regexp 'core\.sshCommand' && git config --local --unset-all 'core.sshCommand' || :"
verify	Run actions/checkout@v7	2026-09-28T14:42:45.6711196Z Removing HTTP extra header
verify	Run actions/checkout@v7	2026-09-28T14:42:45.6715720Z [command]/usr/bin/git config --local --name-only --get-regexp http\.https\:\/\/github\.com\/\.extraheader
verify	Run actions/checkout@v7	2026-09-28T14:42:45.6746672Z [command]/usr/bin/git submodule foreach --recursive sh -c "git config --local --name-only --get-regexp 'http\.https\:\/\/github\.com\/\.extraheader' && git config --local --unset-all 'http.https://github.com/.extraheader' || :"
verify	Run actions/checkout@v7	2026-09-28T14:42:45.6946450Z Removing includeIf entries pointing to credentials config files
verify	Run actions/checkout@v7	2026-09-28T14:42:45.6952682Z [command]/usr/bin/git config --local --name-only --get-regexp ^includeIf\.gitdir:
verify	Run actions/checkout@v7	2026-09-28T14:42:45.6989748Z [command]/usr/bin/git submodule foreach --recursive git config --local --show-origin --name-only --get-regexp remote.origin.url
verify	Run actions/checkout@v7	2026-09-28T14:42:45.7198210Z [command]/usr/bin/git config --file /home/runner/work/_temp/git-credentials-ffeaf492-7f81-4157-85d7-aebcdb1fa7ef.config http.https://github.com/.extraheader AUTHORIZATION: basic ***
verify	Run actions/checkout@v7	2026-09-28T14:42:45.7234378Z [command]/usr/bin/git config --local includeIf.gitdir:/home/runner/work/ecohospital-esg-cicd/ecohospital-esg-cicd/.git.path /home/runner/work/_temp/git-credentials-ffeaf492-7f81-4157-85d7-aebcdb1fa7ef.config
verify	Run actions/checkout@v7	2026-09-28T14:42:45.7263986Z [command]/usr/bin/git config --local includeIf.gitdir:/home/runner/work/ecohospital-esg-cicd/ecohospital-esg-cicd/.git/worktrees/*.path /home/runner/work/_temp/git-credentials-ffeaf492-7f81-4157-85d7-aebcdb1fa7ef.config
verify	Run actions/checkout@v7	2026-09-28T14:42:45.7297207Z [command]/usr/bin/git config --local includeIf.gitdir:/github/workspace/.git.path /github/runner_temp/git-credentials-ffeaf492-7f81-4157-85d7-aebcdb1fa7ef.config
verify	Run actions/checkout@v7	2026-09-28T14:42:45.7936471Z [command]/usr/bin/git config --local includeIf.gitdir:/github/workspace/.git/worktrees/*.path /github/runner_temp/git-credentials-ffeaf492-7f81-4157-85d7-aebcdb1fa7ef.config
verify	Run actions/checkout@v7	2026-09-28T14:42:45.7966709Z ##[endgroup]
verify	Run actions/checkout@v7	2026-09-28T14:42:45.7968406Z ##[group]Fetching the repository
verify	Run actions/checkout@v7	2026-09-28T14:42:45.7972394Z [command]/usr/bin/git -c protocol.version=2 fetch --no-tags --prune --no-recurse-submodules --depth=1 origin +461ffa3eea37b904018856681c4fbea1cdc2c8b8:refs/remotes/origin/main
verify	Run actions/checkout@v7	2026-09-28T14:42:46.6609345Z From https://github.com/Kalicon/ecohospital-esg-cicd
verify	Run actions/checkout@v7	2026-09-28T14:42:46.6610224Z  * [new ref]         461ffa3eea37b904018856681c4fbea1cdc2c8b8 -> origin/main
verify	Run actions/checkout@v7	2026-09-28T14:42:46.6617214Z [command]/usr/bin/git branch --list --remote origin/main
verify	Run actions/checkout@v7	2026-09-28T14:42:46.6642196Z   origin/main
verify	Run actions/checkout@v7	2026-09-28T14:42:46.6648275Z [command]/usr/bin/git rev-parse refs/remotes/origin/main
verify	Run actions/checkout@v7	2026-09-28T14:42:46.6671196Z 461ffa3eea37b904018856681c4fbea1cdc2c8b8
verify	Run actions/checkout@v7	2026-09-28T14:42:46.6674365Z ##[endgroup]
verify	Run actions/checkout@v7	2026-09-28T14:42:46.6674954Z ##[group]Determining the checkout info
verify	Run actions/checkout@v7	2026-09-28T14:42:46.6678209Z ##[endgroup]
verify	Run actions/checkout@v7	2026-09-28T14:42:46.6678719Z [command]/usr/bin/git sparse-checkout disable
verify	Run actions/checkout@v7	2026-09-28T14:42:46.6723879Z [command]/usr/bin/git config --local --unset-all extensions.worktreeConfig
verify	Run actions/checkout@v7	2026-09-28T14:42:46.6770727Z ##[group]Checking out the ref
verify	Run actions/checkout@v7	2026-09-28T14:42:46.6774031Z [command]/usr/bin/git checkout --progress --force -B main refs/remotes/origin/main
verify	Run actions/checkout@v7	2026-09-28T14:42:46.6885111Z Switched to a new branch 'main'
verify	Run actions/checkout@v7	2026-09-28T14:42:46.6889897Z branch 'main' set up to track 'origin/main'.
verify	Run actions/checkout@v7	2026-09-28T14:42:46.6895376Z ##[endgroup]
verify	Run actions/checkout@v7	2026-09-28T14:42:46.6934273Z [command]/usr/bin/git log -1 --format=%H
verify	Run actions/checkout@v7	2026-09-28T14:42:46.6958607Z 461ffa3eea37b904018856681c4fbea1cdc2c8b8
verify	Run actions/setup-java@v6	﻿2026-09-28T14:42:46.8306497Z ##[group]Run actions/setup-java@v6
verify	Run actions/setup-java@v6	2026-09-28T14:42:46.8306825Z with:
verify	Run actions/setup-java@v6	2026-09-28T14:42:46.8307035Z   distribution: temurin
verify	Run actions/setup-java@v6	2026-09-28T14:42:46.8307258Z   java-version: 17
verify	Run actions/setup-java@v6	2026-09-28T14:42:46.8307474Z   cache: maven
verify	Run actions/setup-java@v6	2026-09-28T14:42:46.8307688Z   java-package: jdk
verify	Run actions/setup-java@v6	2026-09-28T14:42:46.8307901Z   check-latest: false
verify	Run actions/setup-java@v6	2026-09-28T14:42:46.8308118Z   force-download: false
verify	Run actions/setup-java@v6	2026-09-28T14:42:46.8308332Z   set-default: true
verify	Run actions/setup-java@v6	2026-09-28T14:42:46.8308537Z   server-id: github
verify	Run actions/setup-java@v6	2026-09-28T14:42:46.8308789Z   mvn-repositories-include-central: true
verify	Run actions/setup-java@v6	2026-09-28T14:42:46.8309088Z   mvn-repositories-prioritize-central: true
verify	Run actions/setup-java@v6	2026-09-28T14:42:46.8309374Z   overwrite-settings: true
verify	Run actions/setup-java@v6	2026-09-28T14:42:46.8309614Z   cache-read-only: false
verify	Run actions/setup-java@v6	2026-09-28T14:42:46.8309848Z   job-status: success
verify	Run actions/setup-java@v6	2026-09-28T14:42:46.8312131Z   token: ***
verify	Run actions/setup-java@v6	2026-09-28T14:42:46.8312359Z   show-download-progress: false
verify	Run actions/setup-java@v6	2026-09-28T14:42:46.8312611Z   problem-matcher: true
verify	Run actions/setup-java@v6	2026-09-28T14:42:46.8312833Z ##[endgroup]
verify	Run actions/setup-java@v6	2026-09-28T14:42:46.8895880Z ##[group]Installed distributions
verify	Run actions/setup-java@v6	2026-09-28T14:42:46.9272616Z Resolved Java 17.0.20+1 from tool-cache
verify	Run actions/setup-java@v6	2026-09-28T14:42:46.9273231Z Setting Java 17.0.20+1 as the default
verify	Run actions/setup-java@v6	2026-09-28T14:42:46.9278643Z 
verify	Run actions/setup-java@v6	2026-09-28T14:42:46.9278827Z Java configuration:
verify	Run actions/setup-java@v6	2026-09-28T14:42:46.9279176Z   Distribution: temurin
verify	Run actions/setup-java@v6	2026-09-28T14:42:46.9279418Z   Version: 17.0.20+1
verify	Run actions/setup-java@v6	2026-09-28T14:42:46.9279778Z   Path: /opt/hostedtoolcache/Java_Temurin-Hotspot_jdk/17.0.20-1/x64
verify	Run actions/setup-java@v6	2026-09-28T14:42:46.9280044Z 
verify	Run actions/setup-java@v6	2026-09-28T14:42:46.9312932Z ##[endgroup]
verify	Run actions/setup-java@v6	2026-09-28T14:42:46.9364357Z Creating settings.xml with server-id: github
verify	Run actions/setup-java@v6	2026-09-28T14:42:46.9366765Z Creating toolchains.xml for JDK version 17 from temurin
verify	Run actions/setup-java@v6	2026-09-28T14:42:46.9376711Z Writing to /home/runner/.m2/settings.xml
verify	Run actions/setup-java@v6	2026-09-28T14:42:46.9380657Z Writing to /home/runner/.m2/toolchains.xml
verify	Run actions/setup-java@v6	2026-09-28T14:42:46.9387149Z Configured MAVEN_ARGS to include -ntp to suppress Maven transfer progress logs. Set 'show-download-progress: true' to keep the download progress output.
verify	Run actions/setup-java@v6	2026-09-28T14:42:47.1859400Z Cache hit for: setup-java-Linux-x64-maven-66f01ad382ea930d3189cf3a0b02dc35b4e9b4016375c97b065237f2f5c8fc6d
verify	Run actions/setup-java@v6	2026-09-28T14:42:47.2057293Z Cache hit for: setup-java-Linux-x64-maven-wrapper-8cfda2abb09e83e53b59dae5d410e36050316510ade3fef2521f1cb035ba1fc0
verify	Run actions/setup-java@v6	2026-09-28T14:42:48.2524471Z Received 9124707 of 9124707 (100.0%), 10.3 MBs/sec
verify	Run actions/setup-java@v6	2026-09-28T14:42:48.2525078Z Cache Size: ~9 MB (9124707 B)
verify	Run actions/setup-java@v6	2026-09-28T14:42:48.2615040Z [command]/usr/bin/tar -xf /home/runner/work/_temp/54af589f-5b39-4063-9a9e-750d46a6744b/cache.tzst -P -C /home/runner/work/ecohospital-esg-cicd/ecohospital-esg-cicd --use-compress-program unzstd
verify	Run actions/setup-java@v6	2026-09-28T14:42:48.2871965Z Cache restored successfully
verify	Run actions/setup-java@v6	2026-09-28T14:42:48.2903787Z maven-wrapper cache restored from key: setup-java-Linux-x64-maven-wrapper-8cfda2abb09e83e53b59dae5d410e36050316510ade3fef2521f1cb035ba1fc0
verify	Run actions/setup-java@v6	2026-09-28T14:42:48.4196332Z Received 25165824 of 59090270 (42.6%), 24.0 MBs/sec
verify	Run actions/setup-java@v6	2026-09-28T14:42:48.6168522Z Received 59090270 of 59090270 (100.0%), 47.1 MBs/sec
verify	Run actions/setup-java@v6	2026-09-28T14:42:48.6169311Z Cache Size: ~56 MB (59090270 B)
verify	Run actions/setup-java@v6	2026-09-28T14:42:48.6254437Z [command]/usr/bin/tar -xf /home/runner/work/_temp/af070741-b3a9-4ec8-8658-336d1095f853/cache.tzst -P -C /home/runner/work/ecohospital-esg-cicd/ecohospital-esg-cicd --use-compress-program unzstd
verify	Run actions/setup-java@v6	2026-09-28T14:42:48.7419623Z Cache restored successfully
verify	Run actions/setup-java@v6	2026-09-28T14:42:48.7446920Z Cache restored from key: setup-java-Linux-x64-maven-66f01ad382ea930d3189cf3a0b02dc35b4e9b4016375c97b065237f2f5c8fc6d
verify	Run actions/setup-node@v7	﻿2026-09-28T14:42:48.7618130Z ##[group]Run actions/setup-node@v7
verify	Run actions/setup-node@v7	2026-09-28T14:42:48.7618390Z with:
verify	Run actions/setup-node@v7	2026-09-28T14:42:48.7618598Z   node-version: 22
verify	Run actions/setup-node@v7	2026-09-28T14:42:48.7618812Z   check-latest: false
verify	Run actions/setup-node@v7	2026-09-28T14:42:48.7621144Z   token: ***
verify	Run actions/setup-node@v7	2026-09-28T14:42:48.7621363Z   package-manager-cache: true
verify	Run actions/setup-node@v7	2026-09-28T14:42:48.7621596Z env:
verify	Run actions/setup-node@v7	2026-09-28T14:42:48.7621866Z   JAVA_HOME: /opt/hostedtoolcache/Java_Temurin-Hotspot_jdk/17.0.20-1/x64
verify	Run actions/setup-node@v7	2026-09-28T14:42:48.7622276Z   JAVA_HOME_17_X64: /opt/hostedtoolcache/Java_Temurin-Hotspot_jdk/17.0.20-1/x64
verify	Run actions/setup-node@v7	2026-09-28T14:42:48.7622608Z   MAVEN_ARGS: -ntp
verify	Run actions/setup-node@v7	2026-09-28T14:42:48.7622807Z ##[endgroup]
verify	Run actions/setup-node@v7	2026-09-28T14:42:49.0131842Z Found in cache @ /opt/hostedtoolcache/node/22.23.2/x64
verify	Run actions/setup-node@v7	2026-09-28T14:42:49.0133839Z ##[group]Environment details
verify	Run actions/setup-node@v7	2026-09-28T14:42:49.4415506Z node: v22.23.2
verify	Run actions/setup-node@v7	2026-09-28T14:42:49.4416023Z npm: 10.9.8
verify	Run actions/setup-node@v7	2026-09-28T14:42:49.4416289Z yarn: 1.22.22
verify	Run actions/setup-node@v7	2026-09-28T14:42:49.4416950Z ##[endgroup]
verify	Testes existentes e sintaxe do frontend	﻿2026-09-28T14:42:49.4525500Z ##[group]Run node --check public/app.js
verify	Testes existentes e sintaxe do frontend	2026-09-28T14:42:49.4525908Z ^[[36;1mnode --check public/app.js^[[0m
verify	Testes existentes e sintaxe do frontend	2026-09-28T14:42:49.4526204Z ^[[36;1mnode --check src/server.js^[[0m
verify	Testes existentes e sintaxe do frontend	2026-09-28T14:42:49.4526448Z ^[[36;1mnode src/test_mongodb_runner.js^[[0m
verify	Testes existentes e sintaxe do frontend	2026-09-28T14:42:49.4754705Z shell: /usr/bin/bash -e {0}
verify	Testes existentes e sintaxe do frontend	2026-09-28T14:42:49.4754957Z env:
verify	Testes existentes e sintaxe do frontend	2026-09-28T14:42:49.4755232Z   JAVA_HOME: /opt/hostedtoolcache/Java_Temurin-Hotspot_jdk/17.0.20-1/x64
verify	Testes existentes e sintaxe do frontend	2026-09-28T14:42:49.4755650Z   JAVA_HOME_17_X64: /opt/hostedtoolcache/Java_Temurin-Hotspot_jdk/17.0.20-1/x64
verify	Testes existentes e sintaxe do frontend	2026-09-28T14:42:49.4755957Z   MAVEN_ARGS: -ntp
verify	Testes existentes e sintaxe do frontend	2026-09-28T14:42:49.4756148Z ##[endgroup]
verify	Testes existentes e sintaxe do frontend	2026-09-28T14:42:49.5412419Z ================================================================================
verify	Testes existentes e sintaxe do frontend	2026-09-28T14:42:49.5413674Z >>> [MONGODB TEST RUNNER] Inicializando Simulação e Validação NoSQL ESG...
verify	Testes existentes e sintaxe do frontend	2026-09-28T14:42:49.5414437Z >>> Data/Hora da Execução: 2026-09-28T14:42:49.540Z
verify	Testes existentes e sintaxe do frontend	2026-09-28T14:42:49.5415233Z >>> Conexão simulada com: mongodb://localhost:27017/esg_hospital_db
verify	Testes existentes e sintaxe do frontend	2026-09-28T14:42:49.5416011Z ================================================================================
verify	Testes existentes e sintaxe do frontend	2026-09-28T14:42:49.5416355Z 
verify	Testes existentes e sintaxe do frontend	2026-09-28T14:42:49.5416858Z >>> [1. CREATE / INSERÇÃO INICIAL]
verify	Testes existentes e sintaxe do frontend	2026-09-28T14:42:49.5417490Z - unidades_hospitalares: 10 documentos inseridos.
verify	Testes existentes e sintaxe do frontend	2026-09-28T14:42:49.5418343Z - fontes_emissao:        10 documentos inseridos (Esquema Polimórfico).
verify	Testes existentes e sintaxe do frontend	2026-09-28T14:42:49.5419135Z - leituras_carbono_iot:  10 documentos de telemetria inseridos.
verify	Testes existentes e sintaxe do frontend	2026-09-28T14:42:49.5420007Z - licencas_ambientais:   10 documentos com condicionantes inseridos.
verify	Testes existentes e sintaxe do frontend	2026-09-28T14:42:49.5421088Z - logs_auditoria_esg:    10 logs de governança inseridos.
verify	Testes existentes e sintaxe do frontend	2026-09-28T14:42:49.5421856Z Status: TODOS OS 50 DOCUMENTOS INSERIDOS COM SUCESSO!
verify	Testes existentes e sintaxe do frontend	2026-09-28T14:42:49.5422279Z 
verify	Testes existentes e sintaxe do frontend	2026-09-28T14:42:49.5422920Z ================================================================================
verify	Testes existentes e sintaxe do frontend	2026-09-28T14:42:49.5423622Z >>> [2. OPERAÇÕES DE CONSULTA - READ / FIND]
verify	Testes existentes e sintaxe do frontend	2026-09-28T14:42:49.5424194Z ================================================================================
verify	Testes existentes e sintaxe do frontend	2026-09-28T14:42:49.5424817Z 
verify	Testes existentes e sintaxe do frontend	2026-09-28T14:42:49.5425406Z --- [2.1] db.unidades_hospitalares.find({ certificacoes_esg: "ISO 14001", leitos_ativos: { $gt: 200 } }) ---
verify	Testes existentes e sintaxe do frontend	2026-09-28T14:42:49.5426117Z Resultados encontrados: 5
verify	Testes existentes e sintaxe do frontend	2026-09-28T14:42:49.5426961Z   * [UNID-HOSP-001] Hospital Central de Clínicas Sustentáveis | Leitos: 420 | Cidade: São Paulo
verify	Testes existentes e sintaxe do frontend	2026-09-28T14:42:49.5427990Z   * [UNID-HOSP-003] Complexo Hospitalar do Vale do Paraíba | Leitos: 310 | Cidade: São José dos Campos
verify	Testes existentes e sintaxe do frontend	2026-09-28T14:42:49.5429001Z   * [UNID-HOSP-004] Hospital Universitário BioSaúde Campinas | Leitos: 500 | Cidade: Campinas
verify	Testes existentes e sintaxe do frontend	2026-09-28T14:42:49.5430178Z   * [UNID-HOSP-006] Hospital Geral de Santos e Litoral Sustentável | Leitos: 260 | Cidade: Santos
verify	Testes existentes e sintaxe do frontend	2026-09-28T14:42:49.5431367Z   * [UNID-HOSP-008] Hospital Metropolitano Zona Leste Verde | Leitos: 380 | Cidade: São Paulo
verify	Testes existentes e sintaxe do frontend	2026-09-28T14:42:49.5431850Z 
verify	Testes existentes e sintaxe do frontend	2026-09-28T14:42:49.5432284Z --- [2.2] db.fontes_emissao.find({ limite_max_co2_kg_hora: { $gte: 500 } }) ---
verify	Testes existentes e sintaxe do frontend	2026-09-28T14:42:49.5432892Z Resultados encontrados: 4
verify	Testes existentes e sintaxe do frontend	2026-09-28T14:42:49.5433609Z   * [FONTE-CALD-01] Caldeira Aquotubular Principal - Ala Norte | Tipo: CALDEIRA_VAPOR | Limite CO2: 1500 kg/h
verify	Testes existentes e sintaxe do frontend	2026-09-28T14:42:49.5434854Z   * [FONTE-CALD-02] Caldeira Flamotubular de Alta Eficiência - Bloco Cirúrgico | Tipo: CALDEIRA_VAPOR | Limite CO2: 1200 kg/h
verify	Testes existentes e sintaxe do frontend	2026-09-28T14:42:49.5436055Z   * [FONTE-GER-02] Gerador Backup Subestação Leste | Tipo: GRUPO_GERADOR_DIESEL | Limite CO2: 900 kg/h
verify	Testes existentes e sintaxe do frontend	2026-09-28T14:42:49.5437258Z   * [FONTE-GER-01] Grupo Gerador de Emergência UTI / Centros Cirúrgicos | Tipo: GRUPO_GERADOR_DIESEL | Limite CO2: 850 kg/h
verify	Testes existentes e sintaxe do frontend	2026-09-28T14:42:49.5437791Z 
verify	Testes existentes e sintaxe do frontend	2026-09-28T14:42:49.5438190Z --- [2.3] db.fontes_emissao.find({ tipo_fonte: "FROTA_AMBULANCIA_HIBRIDA" }) ---
verify	Testes existentes e sintaxe do frontend	2026-09-28T14:42:49.5439174Z Resultados encontrados: 2 (Demonstração de atributos polimórficos de bateria e autonomia)
verify	Testes existentes e sintaxe do frontend	2026-09-28T14:42:49.5440142Z   * [FONTE-FROT-01] Placa: ESG-2026 | Propulsão: 100% Elétrica Plug-in (BEV) | Autonomia: 260km
verify	Testes existentes e sintaxe do frontend	2026-09-28T14:42:49.5441609Z   * [FONTE-FROT-02] Placa: BIO-9E26 | Propulsão: Híbrida Flex (Etanol / Elétrico) | Autonomia: 120km
verify	Testes existentes e sintaxe do frontend	2026-09-28T14:42:49.5442106Z 
verify	Testes existentes e sintaxe do frontend	2026-09-28T14:42:49.5442725Z --- [2.4] db.leituras_carbono_iot.find({ status_conformidade: { $in: ["ALERTA_PREVENTIVO", "VIOLACAO_BLOQUEANTE"] } }) ---
verify	Testes existentes e sintaxe do frontend	2026-09-28T14:42:49.5443529Z Leituras críticas encontradas: 2
verify	Testes existentes e sintaxe do frontend	2026-09-28T14:42:49.5444364Z   * [LEIT-2026-0002] Fonte: FONTE-CALD-01 | CO2: 1450 kg/h (Limite: 1500) | Status: ALERTA_PREVENTIVO | Árvores: 29
verify	Testes existentes e sintaxe do frontend	2026-09-28T14:42:49.5445459Z   * [LEIT-2026-0003] Fonte: FONTE-CALD-01 | CO2: 1620 kg/h (Limite: 1500) | Status: VIOLACAO_BLOQUEANTE | Árvores: 32
verify	Testes existentes e sintaxe do frontend	2026-09-28T14:42:49.5445960Z 
verify	Testes existentes e sintaxe do frontend	2026-09-28T14:42:49.5446660Z --- [2.5] db.leituras_carbono_iot.aggregate([ { $group: { _id: "$codigo_fonte", total_arvores: { $sum: "$compensacao_ambiental.arvores_sugeridas" } } } ]) ---
verify	Testes existentes e sintaxe do frontend	2026-09-28T14:42:49.5447482Z Agregação de Emissões e Compensação por Fonte:
verify	Testes existentes e sintaxe do frontend	2026-09-28T14:42:49.5448222Z   * Fonte: FONTE-CALD-01   | Média CO2: 1423.33 kg/h | Total Árvores para Plantio: 85
verify	Testes existentes e sintaxe do frontend	2026-09-28T14:42:49.5449054Z   * Fonte: FONTE-CALD-02   | Média CO2:  780.00 kg/h | Total Árvores para Plantio: 16
verify	Testes existentes e sintaxe do frontend	2026-09-28T14:42:49.5449844Z   * Fonte: FONTE-GER-01    | Média CO2:  620.00 kg/h | Total Árvores para Plantio: 12
verify	Testes existentes e sintaxe do frontend	2026-09-28T14:42:49.5450614Z   * Fonte: FONTE-GER-02    | Média CO2:  710.00 kg/h | Total Árvores para Plantio: 14
verify	Testes existentes e sintaxe do frontend	2026-09-28T14:42:49.5451674Z   * Fonte: FONTE-INC-01    | Média CO2:  380.00 kg/h | Total Árvores para Plantio: 8
verify	Testes existentes e sintaxe do frontend	2026-09-28T14:42:49.5452417Z   * Fonte: FONTE-INC-02    | Média CO2:  150.00 kg/h | Total Árvores para Plantio: 3
verify	Testes existentes e sintaxe do frontend	2026-09-28T14:42:49.5453197Z   * Fonte: FONTE-FROT-01   | Média CO2:    8.50 kg/h | Total Árvores para Plantio: 1
verify	Testes existentes e sintaxe do frontend	2026-09-28T14:42:49.5453990Z   * Fonte: FONTE-CHILL-01  | Média CO2:  190.00 kg/h | Total Árvores para Plantio: 4
verify	Testes existentes e sintaxe do frontend	2026-09-28T14:42:49.5454378Z 
verify	Testes existentes e sintaxe do frontend	2026-09-28T14:42:49.5454845Z --- [2.6] db.licencas_ambientais.find({ status: { $in: ["EXPIRA_EM_BREVE", "VENCIDA"] } }) ---
verify	Testes existentes e sintaxe do frontend	2026-09-28T14:42:49.5455586Z Licenças em situação crítica encontradas: 3
verify	Testes existentes e sintaxe do frontend	2026-09-28T14:42:49.5456680Z   * Processo: CETESB-2024-SP-098234 | Órgão: CETESB | Vencimento: 2026-04-15T00:00:00Z | Status: EXPIRA_EM_BREVE
verify	Testes existentes e sintaxe do frontend	2026-09-28T14:42:49.5457789Z   * Processo: CETESB-2023-SJC-04421 | Órgão: CETESB | Vencimento: 2026-05-10T00:00:00Z | Status: EXPIRA_EM_BREVE
verify	Testes existentes e sintaxe do frontend	2026-09-28T14:42:49.5458829Z   * Processo: CETESB-2023-STS-07812 | Órgão: CETESB | Vencimento: 2025-11-20T00:00:00Z | Status: VENCIDA
verify	Testes existentes e sintaxe do frontend	2026-09-28T14:42:49.5459302Z 
verify	Testes existentes e sintaxe do frontend	2026-09-28T14:42:49.5459760Z --- [2.7] db.logs_auditoria_esg.find({ nivel_severidade: { $in: ["CRITICAL", "AUDIT"] } }) ---
verify	Testes existentes e sintaxe do frontend	2026-09-28T14:42:49.5460442Z Logs de Auditoria Críticos: 4
verify	Testes existentes e sintaxe do frontend	2026-09-28T14:42:49.5461640Z   * [LOG-ESG-2026-0003] VIOLACAO_LIMITE_CO2 [CRITICAL]: INCIDENTE BLOQUEANTE: Emissão de 1620kg/h ultrapassou o limite de 1500kg/h na fonte FONTE-CALD-01.
verify	Testes existentes e sintaxe do frontend	2026-09-28T14:42:49.5463218Z   * [LOG-ESG-2026-0004] SEGURANCA_PARAMETROS [AUDIT]: SEGURANÇA: Tentativa de alteração de parâmetro regulamentar da fonte FONTE-CALD-01 auditada e validada.
verify	Testes existentes e sintaxe do frontend	2026-09-28T14:42:49.5464637Z   * [LOG-ESG-2026-0006] ALERTA_VENCIMENTO_LICENCA [CRITICAL]: GRAVE: A Licença Ambiental CETESB-2023-STS-07812 está VENCIDA.
verify	Testes existentes e sintaxe do frontend	2026-09-28T14:42:49.5466069Z   * [LOG-ESG-2026-0010] AUDITORIA_INTEGRIDADE_DADOS [AUDIT]: Auditoria externa periódica de rastreabilidade de dados ESG concluída sem inconformidades.
verify	Testes existentes e sintaxe do frontend	2026-09-28T14:42:49.5466757Z 
verify	Testes existentes e sintaxe do frontend	2026-09-28T14:42:49.5467052Z ================================================================================
verify	Testes existentes e sintaxe do frontend	2026-09-28T14:42:49.5487277Z >>> [3. OPERAÇÕES DE ATUALIZAÇÃO - UPDATE]
verify	Testes existentes e sintaxe do frontend	2026-09-28T14:42:49.5487938Z ================================================================================
verify	Testes existentes e sintaxe do frontend	2026-09-28T14:42:49.5489114Z >>> [3.1] db.unidades_hospitalares.updateOne({ codigo_unidade: "UNID-HOSP-001" }, { $set: { "metas_esg_anuais.meta_reducao_carbono_pct": 22.0 }, $push: { certificacoes_esg: "Certificado Net Zero Carbon Healthcare 2026" } })
verify	Testes existentes e sintaxe do frontend	2026-09-28T14:42:49.5489980Z   -> Unidade atualizada com sucesso! Novas certificações: [
verify	Testes existentes e sintaxe do frontend	2026-09-28T14:42:49.5490444Z   'ISO 14001',
verify	Testes existentes e sintaxe do frontend	2026-09-28T14:42:49.5490764Z   'ONA Nível 3 - Acreditado com Excelência',
verify	Testes existentes e sintaxe do frontend	2026-09-28T14:42:49.5491271Z   'LEED Gold',
verify	Testes existentes e sintaxe do frontend	2026-09-28T14:42:49.5491586Z   'Hospital Amigo do Clima',
verify	Testes existentes e sintaxe do frontend	2026-09-28T14:42:49.5492032Z   'Certificado Net Zero Carbon Healthcare 2026'
verify	Testes existentes e sintaxe do frontend	2026-09-28T14:42:49.5492405Z ]
verify	Testes existentes e sintaxe do frontend	2026-09-28T14:42:49.5492502Z 
verify	Testes existentes e sintaxe do frontend	2026-09-28T14:42:49.5492908Z >>> [3.2] db.fontes_emissao.updateOne({ codigo_fonte: "FONTE-CALD-01" }, { $set: { status_operacional: "OPERANDO_OTIMIZADO" } })
verify	Testes existentes e sintaxe do frontend	2026-09-28T14:42:49.5493427Z   -> Fonte atualizada: Status = OPERANDO_OTIMIZADO
verify	Testes existentes e sintaxe do frontend	2026-09-28T14:42:49.5493612Z 
verify	Testes existentes e sintaxe do frontend	2026-09-28T14:42:49.5494020Z >>> [3.3] db.leituras_carbono_iot.updateMany({ status_conformidade: "CONFORME" }, { $set: { auditoria_qualidade_validada: true } })
verify	Testes existentes e sintaxe do frontend	2026-09-28T14:42:49.5494621Z   -> 8 documentos de leitura atualizados com a flag auditoria_qualidade_validada = true.
verify	Testes existentes e sintaxe do frontend	2026-09-28T14:42:49.5495014Z 
verify	Testes existentes e sintaxe do frontend	2026-09-28T14:42:49.5495512Z >>> [3.4] db.licencas_ambientais.updateOne({ numero_processo: "CETESB-2024-SP-098234" }, { $push: { condicionantes_ambientais: { item: 4, status: "CUMPRIDA" } } })
verify	Testes existentes e sintaxe do frontend	2026-09-28T14:42:49.5496130Z   -> Nova condicionante adicionada. Total de condicionantes: 4
verify	Testes existentes e sintaxe do frontend	2026-09-28T14:42:49.5496339Z 
verify	Testes existentes e sintaxe do frontend	2026-09-28T14:42:49.5496721Z >>> [3.5] db.logs_auditoria_esg.updateOne({ codigo_log: "LOG-ESG-2026-0003" }, { $set: { status_resolucao: "RESOLVIDO" } })
verify	Testes existentes e sintaxe do frontend	2026-09-28T14:42:49.5497330Z   -> Incidente crítico marcado como RESOLVIDO no log de governança.
verify	Testes existentes e sintaxe do frontend	2026-09-28T14:42:49.5497594Z 
verify	Testes existentes e sintaxe do frontend	2026-09-28T14:42:49.5497782Z ================================================================================
verify	Testes existentes e sintaxe do frontend	2026-09-28T14:42:49.5498155Z >>> [4. OPERAÇÕES DE EXCLUSÃO - DELETE]
verify	Testes existentes e sintaxe do frontend	2026-09-28T14:42:49.5498515Z ================================================================================
verify	Testes existentes e sintaxe do frontend	2026-09-28T14:42:49.5498963Z >>> [4.1] db.unidades_hospitalares.deleteOne({ codigo_unidade: "UNID-TEMP-999" })
verify	Testes existentes e sintaxe do frontend	2026-09-28T14:42:49.5499517Z   -> 1 documento temporário removido. Contagem anterior: 11, Atual: 10
verify	Testes existentes e sintaxe do frontend	2026-09-28T14:42:49.5499756Z 
verify	Testes existentes e sintaxe do frontend	2026-09-28T14:42:49.5500023Z >>> [4.2] db.leituras_carbono_iot.deleteMany({ status_conformidade: "TESTE_CORROMPIDO" })
verify	Testes existentes e sintaxe do frontend	2026-09-28T14:42:49.5500672Z   -> 2 leituras temporárias removidas em lote. Contagem atual: 10
verify	Testes existentes e sintaxe do frontend	2026-09-28T14:42:49.5501068Z 
verify	Testes existentes e sintaxe do frontend	2026-09-28T14:42:49.5501336Z ================================================================================
verify	Testes existentes e sintaxe do frontend	2026-09-28T14:42:49.5501708Z >>> [5. ESTATÍSTICAS FINAIS DE VALIDAÇÃO]
verify	Testes existentes e sintaxe do frontend	2026-09-28T14:42:49.5502034Z ================================================================================
verify	Testes existentes e sintaxe do frontend	2026-09-28T14:42:49.5502346Z - unidades_hospitalares: 10 documentos
verify	Testes existentes e sintaxe do frontend	2026-09-28T14:42:49.5502627Z - fontes_emissao:        10 documentos
verify	Testes existentes e sintaxe do frontend	2026-09-28T14:42:49.5502904Z - leituras_carbono_iot:  10 documentos
verify	Testes existentes e sintaxe do frontend	2026-09-28T14:42:49.5503178Z - licencas_ambientais:   10 documentos
verify	Testes existentes e sintaxe do frontend	2026-09-28T14:42:49.5503452Z - logs_auditoria_esg:    10 documentos
verify	Testes existentes e sintaxe do frontend	2026-09-28T14:42:49.5503768Z ================================================================================
verify	Testes existentes e sintaxe do frontend	2026-09-28T14:42:49.5504280Z >>> [SUCESSO] Asserções de consultas e CRUD simulados aprovadas para 50 documentos.
verify	Build, JUnit e empacotamento Spring Boot	﻿2026-09-28T14:42:49.5673960Z ##[group]Run bash mvnw -B -ntp verify
verify	Build, JUnit e empacotamento Spring Boot	2026-09-28T14:42:49.5674262Z ^[[36;1mbash mvnw -B -ntp verify^[[0m
verify	Build, JUnit e empacotamento Spring Boot	2026-09-28T14:42:49.5730458Z shell: /usr/bin/bash -e {0}
verify	Build, JUnit e empacotamento Spring Boot	2026-09-28T14:42:49.5730686Z env:
verify	Build, JUnit e empacotamento Spring Boot	2026-09-28T14:42:49.5731166Z   JAVA_HOME: /opt/hostedtoolcache/Java_Temurin-Hotspot_jdk/17.0.20-1/x64
verify	Build, JUnit e empacotamento Spring Boot	2026-09-28T14:42:49.5731563Z   JAVA_HOME_17_X64: /opt/hostedtoolcache/Java_Temurin-Hotspot_jdk/17.0.20-1/x64
verify	Build, JUnit e empacotamento Spring Boot	2026-09-28T14:42:49.5731877Z   MAVEN_ARGS: -ntp
verify	Build, JUnit e empacotamento Spring Boot	2026-09-28T14:42:49.5732058Z ##[endgroup]
verify	Build, JUnit e empacotamento Spring Boot	2026-09-28T14:42:53.1652434Z [INFO] Scanning for projects...
verify	Build, JUnit e empacotamento Spring Boot	2026-09-28T14:42:53.3841903Z [INFO] 
verify	Build, JUnit e empacotamento Spring Boot	2026-09-28T14:42:53.3871731Z [INFO] ---------------------< br.com.ecohospital:esg-app >---------------------
verify	Build, JUnit e empacotamento Spring Boot	2026-09-28T14:42:53.3901607Z [INFO] Building EcoHospital Smart - ESG CI/CD 1.0.0
verify	Build, JUnit e empacotamento Spring Boot	2026-09-28T14:42:53.3911307Z [INFO]   from pom.xml
verify	Build, JUnit e empacotamento Spring Boot	2026-09-28T14:42:53.3919881Z [INFO] --------------------------------[ jar ]---------------------------------
verify	Build, JUnit e empacotamento Spring Boot	2026-09-28T14:42:53.6682174Z [INFO] 
verify	Build, JUnit e empacotamento Spring Boot	2026-09-28T14:42:53.6688204Z [INFO] --- resources:3.3.1:resources (default-resources) @ esg-app ---
verify	Build, JUnit e empacotamento Spring Boot	2026-09-28T14:42:53.7838461Z [INFO] Copying 1 resource from src/main/resources to target/classes
verify	Build, JUnit e empacotamento Spring Boot	2026-09-28T14:42:53.7865494Z [INFO] Copying 3 resources from public to target/classes/static
verify	Build, JUnit e empacotamento Spring Boot	2026-09-28T14:42:53.7872026Z [INFO] Copying 1 resource from data to target/classes/seed
verify	Build, JUnit e empacotamento Spring Boot	2026-09-28T14:42:53.7884407Z [INFO] 
verify	Build, JUnit e empacotamento Spring Boot	2026-09-28T14:42:53.7885281Z [INFO] --- compiler:3.14.1:compile (default-compile) @ esg-app ---
verify	Build, JUnit e empacotamento Spring Boot	2026-09-28T14:42:53.9128947Z [INFO] Recompiling the module because of changed source code.
verify	Build, JUnit e empacotamento Spring Boot	2026-09-28T14:42:53.9222441Z [INFO] Compiling 4 source files with javac [debug parameters release 17] to target/classes
verify	Build, JUnit e empacotamento Spring Boot	2026-09-28T14:42:55.3402161Z [INFO] 
verify	Build, JUnit e empacotamento Spring Boot	2026-09-28T14:42:55.3403119Z [INFO] --- resources:3.3.1:testResources (default-testResources) @ esg-app ---
verify	Build, JUnit e empacotamento Spring Boot	2026-09-28T14:42:55.3430552Z [INFO] skip non existing resourceDirectory /home/runner/work/ecohospital-esg-cicd/ecohospital-esg-cicd/src/test/resources
verify	Build, JUnit e empacotamento Spring Boot	2026-09-28T14:42:55.3432917Z [INFO] 
verify	Build, JUnit e empacotamento Spring Boot	2026-09-28T14:42:55.3433889Z [INFO] --- compiler:3.14.1:testCompile (default-testCompile) @ esg-app ---
verify	Build, JUnit e empacotamento Spring Boot	2026-09-28T14:42:55.3497255Z [INFO] Recompiling the module because of changed dependency.
verify	Build, JUnit e empacotamento Spring Boot	2026-09-28T14:42:55.3511830Z [INFO] Compiling 2 source files with javac [debug parameters release 17] to target/test-classes
verify	Build, JUnit e empacotamento Spring Boot	2026-09-28T14:42:55.7114520Z [INFO] 
verify	Build, JUnit e empacotamento Spring Boot	2026-09-28T14:42:55.7117583Z [INFO] --- surefire:3.5.6:test (default-test) @ esg-app ---
verify	Build, JUnit e empacotamento Spring Boot	2026-09-28T14:42:55.8637843Z [INFO] Using auto detected provider org.apache.maven.surefire.junitplatform.JUnitPlatformProvider
verify	Build, JUnit e empacotamento Spring Boot	2026-09-28T14:42:55.9002520Z [INFO] 
verify	Build, JUnit e empacotamento Spring Boot	2026-09-28T14:42:55.9021844Z [INFO] -------------------------------------------------------
verify	Build, JUnit e empacotamento Spring Boot	2026-09-28T14:42:55.9022488Z [INFO]  T E S T S
verify	Build, JUnit e empacotamento Spring Boot	2026-09-28T14:42:55.9023108Z [INFO] -------------------------------------------------------
verify	Build, JUnit e empacotamento Spring Boot	2026-09-28T14:42:56.5449333Z [INFO] Running br.com.ecohospital.EsgApiTest
verify	Build, JUnit e empacotamento Spring Boot	2026-09-28T14:42:56.7246479Z 14:42:56.667 [main] INFO org.springframework.test.context.support.AnnotationConfigContextLoaderUtils -- Could not detect default configuration classes for test class [br.com.ecohospital.EsgApiTest]: EsgApiTest does not declare any static, non-private, non-final, nested classes annotated with @Configuration.
verify	Build, JUnit e empacotamento Spring Boot	2026-09-28T14:42:56.8226561Z 14:42:56.753 [main] INFO org.springframework.boot.test.context.SpringBootTestContextBootstrapper -- Found @SpringBootConfiguration br.com.ecohospital.EsgApplication for test class br.com.ecohospital.EsgApiTest
verify	Build, JUnit e empacotamento Spring Boot	2026-09-28T14:42:57.2238046Z 
verify	Build, JUnit e empacotamento Spring Boot	2026-09-28T14:42:57.2239092Z   .   ____          _            __ _ _
verify	Build, JUnit e empacotamento Spring Boot	2026-09-28T14:42:57.2239767Z  /\\ / ___'_ __ _ _(_)_ __  __ _ \ \ \ \
verify	Build, JUnit e empacotamento Spring Boot	2026-09-28T14:42:57.2240358Z ( ( )\___ | '_ | '_| | '_ \/ _` | \ \ \ \
verify	Build, JUnit e empacotamento Spring Boot	2026-09-28T14:42:57.2241098Z  \\/  ___)| |_)| | | | | || (_| |  ) ) ) )
verify	Build, JUnit e empacotamento Spring Boot	2026-09-28T14:42:57.2241644Z   '  |____| .__|_| |_|_| |_\__, | / / / /
verify	Build, JUnit e empacotamento Spring Boot	2026-09-28T14:42:57.2242185Z  =========|_|==============|___/=/_/_/_/
verify	Build, JUnit e empacotamento Spring Boot	2026-09-28T14:42:57.2242548Z 
verify	Build, JUnit e empacotamento Spring Boot	2026-09-28T14:42:57.2243063Z  :: Spring Boot ::               (v3.5.16)
verify	Build, JUnit e empacotamento Spring Boot	2026-09-28T14:42:57.2243877Z 
verify	Build, JUnit e empacotamento Spring Boot	2026-09-28T14:42:57.2245370Z 2026-09-28T14:42:57.183Z  INFO 2293 --- [ecohospital-esg] [           main] br.com.ecohospital.EsgApiTest            : Starting EsgApiTest using Java 17.0.20.1 with PID 2293 (started by runner in /home/runner/work/ecohospital-esg-cicd/ecohospital-esg-cicd)
verify	Build, JUnit e empacotamento Spring Boot	2026-09-28T14:42:57.2247586Z 2026-09-28T14:42:57.184Z  INFO 2293 --- [ecohospital-esg] [           main] br.com.ecohospital.EsgApiTest            : No active profile set, falling back to 1 default profile: "default"
verify	Build, JUnit e empacotamento Spring Boot	2026-09-28T14:42:58.0305836Z 2026-09-28T14:42:58.007Z  INFO 2293 --- [ecohospital-esg] [           main] o.s.b.a.w.s.WelcomePageHandlerMapping    : Adding welcome page: class path resource [static/index.html]
verify	Build, JUnit e empacotamento Spring Boot	2026-09-28T14:42:58.3326950Z 2026-09-28T14:42:58.322Z  INFO 2293 --- [ecohospital-esg] [           main] o.s.b.t.m.w.SpringBootMockServletContext : Initializing Spring TestDispatcherServlet ''
verify	Build, JUnit e empacotamento Spring Boot	2026-09-28T14:42:58.3352728Z 2026-09-28T14:42:58.323Z  INFO 2293 --- [ecohospital-esg] [           main] o.s.t.web.servlet.TestDispatcherServlet  : Initializing Servlet ''
verify	Build, JUnit e empacotamento Spring Boot	2026-09-28T14:42:58.3374254Z 2026-09-28T14:42:58.328Z  INFO 2293 --- [ecohospital-esg] [           main] o.s.b.a.e.web.EndpointLinksResolver      : Exposing 1 endpoint beneath base path '/actuator'
verify	Build, JUnit e empacotamento Spring Boot	2026-09-28T14:42:58.4303334Z 2026-09-28T14:42:58.334Z  INFO 2293 --- [ecohospital-esg] [           main] o.s.t.web.servlet.TestDispatcherServlet  : Completed initialization in 10 ms
verify	Build, JUnit e empacotamento Spring Boot	2026-09-28T14:42:58.4305533Z 2026-09-28T14:42:58.385Z  INFO 2293 --- [ecohospital-esg] [           main] br.com.ecohospital.EsgApiTest            : Started EsgApiTest in 1.529 seconds (process running for 2.383)
verify	Build, JUnit e empacotamento Spring Boot	2026-09-28T14:42:58.7636522Z OpenJDK 64-Bit Server VM warning: Sharing is only supported for boot loader classes because bootstrap classpath has been appended
verify	Build, JUnit e empacotamento Spring Boot	2026-09-28T14:42:59.3565448Z 2026-09-28T14:42:59.353Z  WARN 2293 --- [ecohospital-esg] [           main] .w.s.m.s.DefaultHandlerExceptionResolver : Resolved [org.springframework.http.converter.HttpMessageNotReadableException: JSON parse error: Unexpected character ('b' (code 98)): was expecting double-quote to start field name]
verify	Build, JUnit e empacotamento Spring Boot	2026-09-28T14:42:59.5112535Z [INFO] Tests run: 20, Failures: 0, Errors: 0, Skipped: 0, Time elapsed: 2.915 s -- in br.com.ecohospital.EsgApiTest
verify	Build, JUnit e empacotamento Spring Boot	2026-09-28T14:42:59.5141764Z [INFO] Running br.com.ecohospital.EsgStoreTest
verify	Build, JUnit e empacotamento Spring Boot	2026-09-28T14:42:59.5860803Z [INFO] Tests run: 5, Failures: 0, Errors: 0, Skipped: 0, Time elapsed: 0.119 s -- in br.com.ecohospital.EsgStoreTest
verify	Build, JUnit e empacotamento Spring Boot	2026-09-28T14:42:59.6226677Z [INFO] 
verify	Build, JUnit e empacotamento Spring Boot	2026-09-28T14:42:59.6227031Z [INFO] Results:
verify	Build, JUnit e empacotamento Spring Boot	2026-09-28T14:42:59.6227283Z [INFO] 
verify	Build, JUnit e empacotamento Spring Boot	2026-09-28T14:42:59.6229907Z [INFO] Tests run: 25, Failures: 0, Errors: 0, Skipped: 0
verify	Build, JUnit e empacotamento Spring Boot	2026-09-28T14:42:59.6230306Z [INFO] 
verify	Build, JUnit e empacotamento Spring Boot	2026-09-28T14:42:59.6257615Z [INFO] 
verify	Build, JUnit e empacotamento Spring Boot	2026-09-28T14:42:59.6258064Z [INFO] --- jar:3.4.2:jar (default-jar) @ esg-app ---
verify	Build, JUnit e empacotamento Spring Boot	2026-09-28T14:42:59.7763385Z [INFO] Building jar: /home/runner/work/ecohospital-esg-cicd/ecohospital-esg-cicd/target/esg-app.jar
verify	Build, JUnit e empacotamento Spring Boot	2026-09-28T14:42:59.8071880Z [INFO] 
verify	Build, JUnit e empacotamento Spring Boot	2026-09-28T14:42:59.8110014Z [INFO] --- spring-boot:3.5.16:repackage (repackage) @ esg-app ---
verify	Build, JUnit e empacotamento Spring Boot	2026-09-28T14:43:00.0002757Z [INFO] Replacing main artifact /home/runner/work/ecohospital-esg-cicd/ecohospital-esg-cicd/target/esg-app.jar with repackaged archive, adding nested dependencies in BOOT-INF/.
verify	Build, JUnit e empacotamento Spring Boot	2026-09-28T14:43:00.0004525Z [INFO] The original artifact has been renamed to /home/runner/work/ecohospital-esg-cicd/ecohospital-esg-cicd/target/esg-app.jar.original
verify	Build, JUnit e empacotamento Spring Boot	2026-09-28T14:43:00.0011948Z [INFO] ------------------------------------------------------------------------
verify	Build, JUnit e empacotamento Spring Boot	2026-09-28T14:43:00.0012633Z [INFO] BUILD SUCCESS
verify	Build, JUnit e empacotamento Spring Boot	2026-09-28T14:43:00.0013431Z [INFO] ------------------------------------------------------------------------
verify	Build, JUnit e empacotamento Spring Boot	2026-09-28T14:43:00.0022713Z [INFO] Total time:  6.861 s
verify	Build, JUnit e empacotamento Spring Boot	2026-09-28T14:43:00.0023294Z [INFO] Finished at: 2026-09-28T14:42:59Z
verify	Build, JUnit e empacotamento Spring Boot	2026-09-28T14:43:00.0023995Z [INFO] ------------------------------------------------------------------------
verify	Preservar relatórios e JAR	﻿2026-09-28T14:43:00.0339448Z ##[group]Run actions/upload-artifact@v7
verify	Preservar relatórios e JAR	2026-09-28T14:43:00.0339715Z with:
verify	Preservar relatórios e JAR	2026-09-28T14:43:00.0339960Z   name: build-and-tests-461ffa3eea37b904018856681c4fbea1cdc2c8b8
verify	Preservar relatórios e JAR	2026-09-28T14:43:00.0340290Z   path: target/surefire-reports/
verify	Preservar relatórios e JAR	target/esg-app.jar
verify	Preservar relatórios e JAR	
verify	Preservar relatórios e JAR	2026-09-28T14:43:00.0340550Z   if-no-files-found: warn
verify	Preservar relatórios e JAR	2026-09-28T14:43:00.0340761Z   compression-level: 6
verify	Preservar relatórios e JAR	2026-09-28T14:43:00.0341375Z   overwrite: false
verify	Preservar relatórios e JAR	2026-09-28T14:43:00.0341573Z   include-hidden-files: false
verify	Preservar relatórios e JAR	2026-09-28T14:43:00.0341779Z   archive: true
verify	Preservar relatórios e JAR	2026-09-28T14:43:00.0341945Z env:
verify	Preservar relatórios e JAR	2026-09-28T14:43:00.0342204Z   JAVA_HOME: /opt/hostedtoolcache/Java_Temurin-Hotspot_jdk/17.0.20-1/x64
verify	Preservar relatórios e JAR	2026-09-28T14:43:00.0342591Z   JAVA_HOME_17_X64: /opt/hostedtoolcache/Java_Temurin-Hotspot_jdk/17.0.20-1/x64
verify	Preservar relatórios e JAR	2026-09-28T14:43:00.0342900Z   MAVEN_ARGS: -ntp
verify	Preservar relatórios e JAR	2026-09-28T14:43:00.0343082Z ##[endgroup]
verify	Preservar relatórios e JAR	2026-09-28T14:43:00.1452197Z Multiple search paths detected. Calculating the least common ancestor of all paths
verify	Preservar relatórios e JAR	2026-09-28T14:43:00.1454125Z The least common ancestor is /home/runner/work/ecohospital-esg-cicd/ecohospital-esg-cicd/target. This will be the root directory of the artifact
verify	Preservar relatórios e JAR	2026-09-28T14:43:00.1455369Z With the provided path, there will be 5 files uploaded
verify	Preservar relatórios e JAR	2026-09-28T14:43:00.1456159Z Artifact name is valid!
verify	Preservar relatórios e JAR	2026-09-28T14:43:00.1456610Z Root directory input is valid!
verify	Preservar relatórios e JAR	2026-09-28T14:43:00.5087322Z Uploading artifact: build-and-tests-461ffa3eea37b904018856681c4fbea1cdc2c8b8.zip
verify	Preservar relatórios e JAR	2026-09-28T14:43:00.5120631Z Beginning upload of artifact content to blob storage
verify	Preservar relatórios e JAR	2026-09-28T14:43:01.6098184Z Uploaded bytes 8388608
verify	Preservar relatórios e JAR	2026-09-28T14:43:01.7595799Z Uploaded bytes 16777216
verify	Preservar relatórios e JAR	2026-09-28T14:43:01.9477298Z Uploaded bytes 21340416
verify	Preservar relatórios e JAR	2026-09-28T14:43:02.0086403Z Finished uploading artifact content to blob storage!
verify	Preservar relatórios e JAR	2026-09-28T14:43:02.0088672Z SHA256 digest of uploaded artifact is 5d32a50383c1a3614aa8982d4ff1d8745b20ca221786ab890029158a5f487f73
verify	Preservar relatórios e JAR	2026-09-28T14:43:02.0090444Z Finalizing artifact upload
verify	Preservar relatórios e JAR	2026-09-28T14:43:02.4090781Z Artifact build-and-tests-461ffa3eea37b904018856681c4fbea1cdc2c8b8 successfully finalized. Artifact ID 10976666193
verify	Preservar relatórios e JAR	2026-09-28T14:43:02.4092017Z Artifact build-and-tests-461ffa3eea37b904018856681c4fbea1cdc2c8b8 has been successfully uploaded! Final size is 21340416 bytes. Artifact ID is 10976666193
verify	Preservar relatórios e JAR	2026-09-28T14:43:02.4096205Z Artifact download URL: https://github.com/Kalicon/ecohospital-esg-cicd/actions/runs/36438015592/artifacts/10976666193
verify	Post Run actions/setup-node@v7	﻿2026-09-28T14:43:02.4242373Z Post job cleanup.
verify	Post Run actions/setup-java@v6	﻿2026-09-28T14:43:02.5265796Z Post job cleanup.
verify	Post Run actions/setup-java@v6	2026-09-28T14:43:02.6149308Z Cache hit occurred on the maven-wrapper primary key setup-java-Linux-x64-maven-wrapper-8cfda2abb09e83e53b59dae5d410e36050316510ade3fef2521f1cb035ba1fc0, not saving cache.
verify	Post Run actions/setup-java@v6	2026-09-28T14:43:02.6154131Z Cache hit occurred on the primary key setup-java-Linux-x64-maven-66f01ad382ea930d3189cf3a0b02dc35b4e9b4016375c97b065237f2f5c8fc6d, not saving cache.
verify	Post Run actions/checkout@v7	﻿2026-09-28T14:43:02.6290072Z Post job cleanup.
verify	Post Run actions/checkout@v7	2026-09-28T14:43:02.6977450Z [command]/usr/bin/git version
verify	Post Run actions/checkout@v7	2026-09-28T14:43:02.7013191Z git version 2.55.0
verify	Post Run actions/checkout@v7	2026-09-28T14:43:02.7050714Z Temporarily overriding HOME='/home/runner/work/_temp/cbc49833-fc48-485f-919f-880c3e088789' before making global git config changes
verify	Post Run actions/checkout@v7	2026-09-28T14:43:02.7052036Z Adding repository directory to the temporary git global config as a safe directory
verify	Post Run actions/checkout@v7	2026-09-28T14:43:02.7055465Z [command]/usr/bin/git config --global --add safe.directory /home/runner/work/ecohospital-esg-cicd/ecohospital-esg-cicd
verify	Post Run actions/checkout@v7	2026-09-28T14:43:02.7082409Z Removing SSH command configuration
verify	Post Run actions/checkout@v7	2026-09-28T14:43:02.7087235Z [command]/usr/bin/git config --local --name-only --get-regexp core\.sshCommand
verify	Post Run actions/checkout@v7	2026-09-28T14:43:02.7115787Z [command]/usr/bin/git submodule foreach --recursive sh -c "git config --local --name-only --get-regexp 'core\.sshCommand' && git config --local --unset-all 'core.sshCommand' || :"
verify	Post Run actions/checkout@v7	2026-09-28T14:43:02.7317095Z Removing HTTP extra header
verify	Post Run actions/checkout@v7	2026-09-28T14:43:02.7322892Z [command]/usr/bin/git config --local --name-only --get-regexp http\.https\:\/\/github\.com\/\.extraheader
verify	Post Run actions/checkout@v7	2026-09-28T14:43:02.7360712Z [command]/usr/bin/git submodule foreach --recursive sh -c "git config --local --name-only --get-regexp 'http\.https\:\/\/github\.com\/\.extraheader' && git config --local --unset-all 'http.https://github.com/.extraheader' || :"
verify	Post Run actions/checkout@v7	2026-09-28T14:43:02.7623539Z Removing includeIf entries pointing to credentials config files
verify	Post Run actions/checkout@v7	2026-09-28T14:43:02.7630752Z [command]/usr/bin/git config --local --name-only --get-regexp ^includeIf\.gitdir:
verify	Post Run actions/checkout@v7	2026-09-28T14:43:02.7676648Z includeif.gitdir:/home/runner/work/ecohospital-esg-cicd/ecohospital-esg-cicd/.git.path
verify	Post Run actions/checkout@v7	2026-09-28T14:43:02.7677784Z includeif.gitdir:/home/runner/work/ecohospital-esg-cicd/ecohospital-esg-cicd/.git/worktrees/*.path
verify	Post Run actions/checkout@v7	2026-09-28T14:43:02.7678555Z includeif.gitdir:/github/workspace/.git.path
verify	Post Run actions/checkout@v7	2026-09-28T14:43:02.7679129Z includeif.gitdir:/github/workspace/.git/worktrees/*.path
verify	Post Run actions/checkout@v7	2026-09-28T14:43:02.7691289Z [command]/usr/bin/git config --local --get-all includeif.gitdir:/home/runner/work/ecohospital-esg-cicd/ecohospital-esg-cicd/.git.path
verify	Post Run actions/checkout@v7	2026-09-28T14:43:02.7709860Z /home/runner/work/_temp/git-credentials-ffeaf492-7f81-4157-85d7-aebcdb1fa7ef.config
verify	Post Run actions/checkout@v7	2026-09-28T14:43:02.7729906Z [command]/usr/bin/git config --local --unset includeif.gitdir:/home/runner/work/ecohospital-esg-cicd/ecohospital-esg-cicd/.git.path \/home\/runner\/work\/_temp\/git\-credentials\-ffeaf492\-7f81\-4157\-85d7\-aebcdb1fa7ef\.config
verify	Post Run actions/checkout@v7	2026-09-28T14:43:02.7770778Z [command]/usr/bin/git config --local --get-all includeif.gitdir:/home/runner/work/ecohospital-esg-cicd/ecohospital-esg-cicd/.git/worktrees/*.path
verify	Post Run actions/checkout@v7	2026-09-28T14:43:02.7788480Z /home/runner/work/_temp/git-credentials-ffeaf492-7f81-4157-85d7-aebcdb1fa7ef.config
verify	Post Run actions/checkout@v7	2026-09-28T14:43:02.7817291Z [command]/usr/bin/git config --local --unset includeif.gitdir:/home/runner/work/ecohospital-esg-cicd/ecohospital-esg-cicd/.git/worktrees/*.path \/home\/runner\/work\/_temp\/git\-credentials\-ffeaf492\-7f81\-4157\-85d7\-aebcdb1fa7ef\.config
verify	Post Run actions/checkout@v7	2026-09-28T14:43:02.7859147Z [command]/usr/bin/git config --local --get-all includeif.gitdir:/github/workspace/.git.path
verify	Post Run actions/checkout@v7	2026-09-28T14:43:02.7877513Z /github/runner_temp/git-credentials-ffeaf492-7f81-4157-85d7-aebcdb1fa7ef.config
verify	Post Run actions/checkout@v7	2026-09-28T14:43:02.7885848Z [command]/usr/bin/git config --local --unset includeif.gitdir:/github/workspace/.git.path \/github\/runner_temp\/git\-credentials\-ffeaf492\-7f81\-4157\-85d7\-aebcdb1fa7ef\.config
verify	Post Run actions/checkout@v7	2026-09-28T14:43:02.7918509Z [command]/usr/bin/git config --local --get-all includeif.gitdir:/github/workspace/.git/worktrees/*.path
verify	Post Run actions/checkout@v7	2026-09-28T14:43:02.7943075Z /github/runner_temp/git-credentials-ffeaf492-7f81-4157-85d7-aebcdb1fa7ef.config
verify	Post Run actions/checkout@v7	2026-09-28T14:43:02.7951225Z [command]/usr/bin/git config --local --unset includeif.gitdir:/github/workspace/.git/worktrees/*.path \/github\/runner_temp\/git\-credentials\-ffeaf492\-7f81\-4157\-85d7\-aebcdb1fa7ef\.config
verify	Post Run actions/checkout@v7	2026-09-28T14:43:02.7988822Z [command]/usr/bin/git submodule foreach --recursive git config --local --show-origin --name-only --get-regexp remote.origin.url
verify	Post Run actions/checkout@v7	2026-09-28T14:43:02.8179003Z Removing credentials config '/home/runner/work/_temp/git-credentials-ffeaf492-7f81-4157-85d7-aebcdb1fa7ef.config'
verify	Complete job	﻿2026-09-28T14:43:02.8305217Z Cleaning up orphan processes
image	Set up job	﻿2026-09-28T14:43:08.8197045Z Current runner version: '2.337.0'
image	Set up job	2026-09-28T14:43:08.8214508Z ##[group]Runner Image Provisioner
image	Set up job	2026-09-28T14:43:08.8215205Z Hosted Compute Agent
image	Set up job	2026-09-28T14:43:08.8215644Z Version: 20260828.587
image	Set up job	2026-09-28T14:43:08.8216126Z Commit: abac92662cab4cc7352de4f9f9d2e2419aad9c29
image	Set up job	2026-09-28T14:43:08.8216748Z Build Date: 2026-08-28T16:44:25Z
image	Set up job	2026-09-28T14:43:08.8217313Z Worker ID: {77662232-03d3-4e71-a016-c21cd57a4ea5}
image	Set up job	2026-09-28T14:43:08.8217822Z Azure Region: centralus
image	Set up job	2026-09-28T14:43:08.8218239Z ##[endgroup]
image	Set up job	2026-09-28T14:43:08.8219145Z ##[group]Operating System
image	Set up job	2026-09-28T14:43:08.8219577Z Ubuntu
image	Set up job	2026-09-28T14:43:08.8220225Z 24.04.5
image	Set up job	2026-09-28T14:43:08.8220613Z LTS
image	Set up job	2026-09-28T14:43:08.8221007Z ##[endgroup]
image	Set up job	2026-09-28T14:43:08.8221586Z ##[group]Runner Image
image	Set up job	2026-09-28T14:43:08.8222051Z Image: ubuntu-24.04
image	Set up job	2026-09-28T14:43:08.8222448Z Version: 20260920.314.1
image	Set up job	2026-09-28T14:43:08.8223176Z Included Software: https://github.com/actions/runner-images/blob/ubuntu24/20260920.314/images/ubuntu/Ubuntu2404-Readme.md
image	Set up job	2026-09-28T14:43:08.8224394Z Image Release: https://github.com/actions/runner-images/releases/tag/ubuntu24%2F20260920.314
image	Set up job	2026-09-28T14:43:08.8225057Z ##[endgroup]
image	Set up job	2026-09-28T14:43:08.8225876Z ##[group]GITHUB_TOKEN Permissions
image	Set up job	2026-09-28T14:43:08.8227610Z Contents: read
image	Set up job	2026-09-28T14:43:08.8228048Z Metadata: read
image	Set up job	2026-09-28T14:43:08.8228440Z Packages: write
image	Set up job	2026-09-28T14:43:08.8228840Z ##[endgroup]
image	Set up job	2026-09-28T14:43:08.8230303Z Secret source: Actions
image	Set up job	2026-09-28T14:43:08.8230947Z Cache mode: write
image	Set up job	2026-09-28T14:43:08.8231799Z Prepare workflow directory
image	Set up job	2026-09-28T14:43:08.8499182Z Prepare all required actions
image	Set up job	2026-09-28T14:43:08.8535482Z Getting action download info
image	Set up job	2026-09-28T14:43:09.1294267Z Download action repository 'actions/checkout@v7' (SHA:3d3c42e5aac5ba805825da76410c181273ba90b1)
image	Set up job	2026-09-28T14:43:09.8616899Z Download action repository 'docker/setup-buildx-action@v4' (SHA:f87e5991a6d7451dcb8d9637bfbc97413f497069)
image	Set up job	2026-09-28T14:43:10.7099097Z Download action repository 'docker/build-push-action@v7' (SHA:c3c9e263c25d99ce0380d002d59b67737d91b0dc)
image	Set up job	2026-09-28T14:43:11.6483132Z Download action repository 'docker/login-action@v4' (SHA:dbcb813823bdd20940b903addbd779551569679f)
image	Set up job	2026-09-28T14:43:12.1695066Z Download action repository 'actions/upload-artifact@v7' (SHA:043fb46d1a93c77aae656e7c1c64a875d1fc6a0a)
image	Set up job	2026-09-28T14:43:12.7238311Z Complete job name: image
image	Run actions/checkout@v7	﻿2026-09-28T14:43:12.7696629Z ##[group]Run actions/checkout@v7
image	Run actions/checkout@v7	2026-09-28T14:43:12.7697099Z with:
image	Run actions/checkout@v7	2026-09-28T14:43:12.7697347Z   repository: Kalicon/ecohospital-esg-cicd
image	Run actions/checkout@v7	2026-09-28T14:43:12.7699290Z   token: ***
image	Run actions/checkout@v7	2026-09-28T14:43:12.7699527Z   ssh-strict: true
image	Run actions/checkout@v7	2026-09-28T14:43:12.7699758Z   ssh-user: git
image	Run actions/checkout@v7	2026-09-28T14:43:12.7699993Z   persist-credentials: true
image	Run actions/checkout@v7	2026-09-28T14:43:12.7700244Z   clean: true
image	Run actions/checkout@v7	2026-09-28T14:43:12.7700505Z   sparse-checkout-cone-mode: true
image	Run actions/checkout@v7	2026-09-28T14:43:12.7700805Z   fetch-depth: 1
image	Run actions/checkout@v7	2026-09-28T14:43:12.7701181Z   fetch-tags: false
image	Run actions/checkout@v7	2026-09-28T14:43:12.7701426Z   show-progress: true
image	Run actions/checkout@v7	2026-09-28T14:43:12.7701666Z   lfs: false
image	Run actions/checkout@v7	2026-09-28T14:43:12.7701916Z   submodules: false
image	Run actions/checkout@v7	2026-09-28T14:43:12.7702170Z   set-safe-directory: true
image	Run actions/checkout@v7	2026-09-28T14:43:12.7702414Z   allow-unsafe-pr-checkout: false
image	Run actions/checkout@v7	2026-09-28T14:43:12.7702809Z ##[endgroup]
image	Run actions/checkout@v7	2026-09-28T14:43:12.8450212Z Syncing repository: Kalicon/ecohospital-esg-cicd
image	Run actions/checkout@v7	2026-09-28T14:43:12.8452199Z ##[group]Getting Git version info
image	Run actions/checkout@v7	2026-09-28T14:43:12.8452775Z Working directory is '/home/runner/work/ecohospital-esg-cicd/ecohospital-esg-cicd'
image	Run actions/checkout@v7	2026-09-28T14:43:12.8453780Z [command]/usr/bin/git version
image	Run actions/checkout@v7	2026-09-28T14:43:12.9235821Z git version 2.55.0
image	Run actions/checkout@v7	2026-09-28T14:43:12.9250762Z ##[endgroup]
image	Run actions/checkout@v7	2026-09-28T14:43:12.9260476Z Temporarily overriding HOME='/home/runner/work/_temp/2f947264-fa84-4095-99be-ce44e7689787' before making global git config changes
image	Run actions/checkout@v7	2026-09-28T14:43:12.9261434Z Adding repository directory to the temporary git global config as a safe directory
image	Run actions/checkout@v7	2026-09-28T14:43:12.9264675Z [command]/usr/bin/git config --global --add safe.directory /home/runner/work/ecohospital-esg-cicd/ecohospital-esg-cicd
image	Run actions/checkout@v7	2026-09-28T14:43:12.9320382Z Deleting the contents of '/home/runner/work/ecohospital-esg-cicd/ecohospital-esg-cicd'
image	Run actions/checkout@v7	2026-09-28T14:43:12.9323866Z ##[group]Determining repository object format
image	Run actions/checkout@v7	2026-09-28T14:43:12.9325211Z ##[endgroup]
image	Run actions/checkout@v7	2026-09-28T14:43:12.9326090Z ##[group]Initializing the repository
image	Run actions/checkout@v7	2026-09-28T14:43:12.9328547Z [command]/usr/bin/git init /home/runner/work/ecohospital-esg-cicd/ecohospital-esg-cicd
image	Run actions/checkout@v7	2026-09-28T14:43:12.9438488Z hint: Using 'master' as the name for the initial branch. This default branch name
image	Run actions/checkout@v7	2026-09-28T14:43:12.9439240Z hint: will change to "main" in Git 3.0. To configure the initial branch name
image	Run actions/checkout@v7	2026-09-28T14:43:12.9439853Z hint: to use in all of your new repositories, which will suppress this warning,
image	Run actions/checkout@v7	2026-09-28T14:43:12.9440288Z hint: call:
image	Run actions/checkout@v7	2026-09-28T14:43:12.9440574Z hint:
image	Run actions/checkout@v7	2026-09-28T14:43:12.9440938Z hint: 	git config --global init.defaultBranch <name>
image	Run actions/checkout@v7	2026-09-28T14:43:12.9441467Z hint:
image	Run actions/checkout@v7	2026-09-28T14:43:12.9441883Z hint: Names commonly chosen instead of 'master' are 'main', 'trunk' and
image	Run actions/checkout@v7	2026-09-28T14:43:12.9442455Z hint: 'development'. The just-created branch can be renamed via this command:
image	Run actions/checkout@v7	2026-09-28T14:43:12.9442924Z hint:
image	Run actions/checkout@v7	2026-09-28T14:43:12.9443247Z hint: 	git branch -m <name>
image	Run actions/checkout@v7	2026-09-28T14:43:12.9443562Z hint:
image	Run actions/checkout@v7	2026-09-28T14:43:12.9444057Z hint: Disable this message with "git config set advice.defaultBranchName false"
image	Run actions/checkout@v7	2026-09-28T14:43:12.9444828Z Initialized empty Git repository in /home/runner/work/ecohospital-esg-cicd/ecohospital-esg-cicd/.git/
image	Run actions/checkout@v7	2026-09-28T14:43:12.9450110Z [command]/usr/bin/git remote add origin https://github.com/Kalicon/ecohospital-esg-cicd
image	Run actions/checkout@v7	2026-09-28T14:43:13.0792504Z ##[endgroup]
image	Run actions/checkout@v7	2026-09-28T14:43:13.0793122Z ##[group]Disabling automatic garbage collection
image	Run actions/checkout@v7	2026-09-28T14:43:13.0793567Z [command]/usr/bin/git config --local gc.auto 0
image	Run actions/checkout@v7	2026-09-28T14:43:13.0859246Z ##[endgroup]
image	Run actions/checkout@v7	2026-09-28T14:43:13.0859879Z ##[group]Setting up auth
image	Run actions/checkout@v7	2026-09-28T14:43:13.0860240Z Removing SSH command configuration
image	Run actions/checkout@v7	2026-09-28T14:43:13.0865580Z [command]/usr/bin/git config --local --name-only --get-regexp core\.sshCommand
image	Run actions/checkout@v7	2026-09-28T14:43:13.0889818Z [command]/usr/bin/git submodule foreach --recursive sh -c "git config --local --name-only --get-regexp 'core\.sshCommand' && git config --local --unset-all 'core.sshCommand' || :"
image	Run actions/checkout@v7	2026-09-28T14:43:13.1166726Z Removing HTTP extra header
image	Run actions/checkout@v7	2026-09-28T14:43:13.1170935Z [command]/usr/bin/git config --local --name-only --get-regexp http\.https\:\/\/github\.com\/\.extraheader
image	Run actions/checkout@v7	2026-09-28T14:43:13.1194311Z [command]/usr/bin/git submodule foreach --recursive sh -c "git config --local --name-only --get-regexp 'http\.https\:\/\/github\.com\/\.extraheader' && git config --local --unset-all 'http.https://github.com/.extraheader' || :"
image	Run actions/checkout@v7	2026-09-28T14:43:13.1345112Z Removing includeIf entries pointing to credentials config files
image	Run actions/checkout@v7	2026-09-28T14:43:13.1349027Z [command]/usr/bin/git config --local --name-only --get-regexp ^includeIf\.gitdir:
image	Run actions/checkout@v7	2026-09-28T14:43:13.1373160Z [command]/usr/bin/git submodule foreach --recursive git config --local --show-origin --name-only --get-regexp remote.origin.url
image	Run actions/checkout@v7	2026-09-28T14:43:13.1530202Z [command]/usr/bin/git config --file /home/runner/work/_temp/git-credentials-a3e2fe12-0f7b-4e01-a1cb-72229acc67c9.config http.https://github.com/.extraheader AUTHORIZATION: basic ***
image	Run actions/checkout@v7	2026-09-28T14:43:13.1567990Z [command]/usr/bin/git config --local includeIf.gitdir:/home/runner/work/ecohospital-esg-cicd/ecohospital-esg-cicd/.git.path /home/runner/work/_temp/git-credentials-a3e2fe12-0f7b-4e01-a1cb-72229acc67c9.config
image	Run actions/checkout@v7	2026-09-28T14:43:13.1660838Z [command]/usr/bin/git config --local includeIf.gitdir:/home/runner/work/ecohospital-esg-cicd/ecohospital-esg-cicd/.git/worktrees/*.path /home/runner/work/_temp/git-credentials-a3e2fe12-0f7b-4e01-a1cb-72229acc67c9.config
image	Run actions/checkout@v7	2026-09-28T14:43:13.1685810Z [command]/usr/bin/git config --local includeIf.gitdir:/github/workspace/.git.path /github/runner_temp/git-credentials-a3e2fe12-0f7b-4e01-a1cb-72229acc67c9.config
image	Run actions/checkout@v7	2026-09-28T14:43:13.1713148Z [command]/usr/bin/git config --local includeIf.gitdir:/github/workspace/.git/worktrees/*.path /github/runner_temp/git-credentials-a3e2fe12-0f7b-4e01-a1cb-72229acc67c9.config
image	Run actions/checkout@v7	2026-09-28T14:43:13.1762412Z ##[endgroup]
image	Run actions/checkout@v7	2026-09-28T14:43:13.1763260Z ##[group]Fetching the repository
image	Run actions/checkout@v7	2026-09-28T14:43:13.1766586Z [command]/usr/bin/git -c protocol.version=2 fetch --no-tags --prune --no-recurse-submodules --depth=1 origin +461ffa3eea37b904018856681c4fbea1cdc2c8b8:refs/remotes/origin/main
image	Run actions/checkout@v7	2026-09-28T14:43:14.6813886Z From https://github.com/Kalicon/ecohospital-esg-cicd
image	Run actions/checkout@v7	2026-09-28T14:43:14.6814620Z  * [new ref]         461ffa3eea37b904018856681c4fbea1cdc2c8b8 -> origin/main
image	Run actions/checkout@v7	2026-09-28T14:43:14.6825398Z [command]/usr/bin/git branch --list --remote origin/main
image	Run actions/checkout@v7	2026-09-28T14:43:14.6845737Z   origin/main
image	Run actions/checkout@v7	2026-09-28T14:43:14.6862391Z [command]/usr/bin/git rev-parse refs/remotes/origin/main
image	Run actions/checkout@v7	2026-09-28T14:43:14.6871721Z 461ffa3eea37b904018856681c4fbea1cdc2c8b8
image	Run actions/checkout@v7	2026-09-28T14:43:14.6875327Z ##[endgroup]
image	Run actions/checkout@v7	2026-09-28T14:43:14.6876073Z ##[group]Determining the checkout info
image	Run actions/checkout@v7	2026-09-28T14:43:14.6876785Z ##[endgroup]
image	Run actions/checkout@v7	2026-09-28T14:43:14.6879823Z [command]/usr/bin/git sparse-checkout disable
image	Run actions/checkout@v7	2026-09-28T14:43:14.6944831Z [command]/usr/bin/git config --local --unset-all extensions.worktreeConfig
image	Run actions/checkout@v7	2026-09-28T14:43:14.7310094Z ##[group]Checking out the ref
image	Run actions/checkout@v7	2026-09-28T14:43:14.7313962Z [command]/usr/bin/git checkout --progress --force -B main refs/remotes/origin/main
image	Run actions/checkout@v7	2026-09-28T14:43:14.8905748Z Switched to a new branch 'main'
image	Run actions/checkout@v7	2026-09-28T14:43:14.8915842Z branch 'main' set up to track 'origin/main'.
image	Run actions/checkout@v7	2026-09-28T14:43:14.8928260Z ##[endgroup]
image	Run actions/checkout@v7	2026-09-28T14:43:14.8969886Z [command]/usr/bin/git log -1 --format=%H
image	Run actions/checkout@v7	2026-09-28T14:43:14.8992104Z 461ffa3eea37b904018856681c4fbea1cdc2c8b8
image	Identificar imagem pelo commit	﻿2026-09-28T14:43:14.9166006Z ##[group]Run echo "IMAGE=ghcr.io/${GITHUB_REPOSITORY,,}:${GITHUB_SHA}" >> "$GITHUB_ENV"
image	Identificar imagem pelo commit	2026-09-28T14:43:14.9166580Z ^[[36;1mecho "IMAGE=ghcr.io/${GITHUB_REPOSITORY,,}:${GITHUB_SHA}" >> "$GITHUB_ENV"^[[0m
image	Identificar imagem pelo commit	2026-09-28T14:43:15.1156672Z shell: /usr/bin/bash -e {0}
image	Identificar imagem pelo commit	2026-09-28T14:43:15.1157095Z ##[endgroup]
image	Run docker/setup-buildx-action@v4	﻿2026-09-28T14:43:15.1311822Z ##[group]Run docker/setup-buildx-action@v4
image	Run docker/setup-buildx-action@v4	2026-09-28T14:43:15.1312209Z with:
image	Run docker/setup-buildx-action@v4	2026-09-28T14:43:15.1312476Z   driver: docker-container
image	Run docker/setup-buildx-action@v4	2026-09-28T14:43:15.1312748Z   use: true
image	Run docker/setup-buildx-action@v4	2026-09-28T14:43:15.1313047Z   keep-state: false
image	Run docker/setup-buildx-action@v4	2026-09-28T14:43:15.1313308Z   cache-binary: true
image	Run docker/setup-buildx-action@v4	2026-09-28T14:43:15.1313563Z   cleanup: true
image	Run docker/setup-buildx-action@v4	2026-09-28T14:43:15.1313850Z env:
image	Run docker/setup-buildx-action@v4	2026-09-28T14:43:15.1314258Z   IMAGE: ghcr.io/kalicon/ecohospital-esg-cicd:461ffa3eea37b904018856681c4fbea1cdc2c8b8
image	Run docker/setup-buildx-action@v4	2026-09-28T14:43:15.1314870Z ##[endgroup]
image	Run docker/setup-buildx-action@v4	2026-09-28T14:43:15.2725419Z ##[group]Docker info
image	Run docker/setup-buildx-action@v4	2026-09-28T14:43:15.2745212Z [command]/usr/bin/docker version
image	Run docker/setup-buildx-action@v4	2026-09-28T14:43:15.4152960Z Client: Docker Engine - Community
image	Run docker/setup-buildx-action@v4	2026-09-28T14:43:15.4154110Z  Version:           28.0.4
image	Run docker/setup-buildx-action@v4	2026-09-28T14:43:15.4154418Z  API version:       1.48
image	Run docker/setup-buildx-action@v4	2026-09-28T14:43:15.4154698Z  Go version:        go1.23.7
image	Run docker/setup-buildx-action@v4	2026-09-28T14:43:15.4155015Z  Git commit:        b8034c0
image	Run docker/setup-buildx-action@v4	2026-09-28T14:43:15.4155300Z  Built:             Tue Mar 25 15:07:16 2025
image	Run docker/setup-buildx-action@v4	2026-09-28T14:43:15.4155727Z  OS/Arch:           linux/amd64
image	Run docker/setup-buildx-action@v4	2026-09-28T14:43:15.4156338Z  Context:           default
image	Run docker/setup-buildx-action@v4	2026-09-28T14:43:15.4156575Z 
image	Run docker/setup-buildx-action@v4	2026-09-28T14:43:15.4156727Z Server: Docker Engine - Community
image	Run docker/setup-buildx-action@v4	2026-09-28T14:43:15.4157150Z  Engine:
image	Run docker/setup-buildx-action@v4	2026-09-28T14:43:15.4157411Z   Version:          28.0.4
image	Run docker/setup-buildx-action@v4	2026-09-28T14:43:15.4157706Z   API version:      1.48 (minimum version 1.24)
image	Run docker/setup-buildx-action@v4	2026-09-28T14:43:15.4158017Z   Go version:       go1.23.7
image	Run docker/setup-buildx-action@v4	2026-09-28T14:43:15.4158295Z   Git commit:       6430e49
image	Run docker/setup-buildx-action@v4	2026-09-28T14:43:15.4158587Z   Built:            Tue Mar 25 15:07:16 2025
image	Run docker/setup-buildx-action@v4	2026-09-28T14:43:15.4158869Z   OS/Arch:          linux/amd64
image	Run docker/setup-buildx-action@v4	2026-09-28T14:43:15.4159160Z   Experimental:     false
image	Run docker/setup-buildx-action@v4	2026-09-28T14:43:15.4159419Z  containerd:
image	Run docker/setup-buildx-action@v4	2026-09-28T14:43:15.4159656Z   Version:          v2.3.5
image	Run docker/setup-buildx-action@v4	2026-09-28T14:43:15.4160056Z   GitCommit:        1294c24a7da8e5a793ed378161673abe94118892
image	Run docker/setup-buildx-action@v4	2026-09-28T14:43:15.4160389Z  runc:
image	Run docker/setup-buildx-action@v4	2026-09-28T14:43:15.4160681Z   Version:          1.5.1
image	Run docker/setup-buildx-action@v4	2026-09-28T14:43:15.4160950Z   GitCommit:        v1.5.1-0-g8f2685a4
image	Run docker/setup-buildx-action@v4	2026-09-28T14:43:15.4161739Z  docker-init:
image	Run docker/setup-buildx-action@v4	2026-09-28T14:43:15.4162058Z   Version:          0.19.0
image	Run docker/setup-buildx-action@v4	2026-09-28T14:43:15.4162354Z   GitCommit:        de40ad0
image	Run docker/setup-buildx-action@v4	2026-09-28T14:43:15.4185172Z [command]/usr/bin/docker info
image	Run docker/setup-buildx-action@v4	2026-09-28T14:43:20.3357867Z Client: Docker Engine - Community
image	Run docker/setup-buildx-action@v4	2026-09-28T14:43:20.3358609Z  Version:    28.0.4
image	Run docker/setup-buildx-action@v4	2026-09-28T14:43:20.3358901Z  Context:    default
image	Run docker/setup-buildx-action@v4	2026-09-28T14:43:20.3359288Z  Debug Mode: false
image	Run docker/setup-buildx-action@v4	2026-09-28T14:43:20.3359574Z  Plugins:
image	Run docker/setup-buildx-action@v4	2026-09-28T14:43:20.3359854Z   buildx: Docker Buildx (Docker Inc.)
image	Run docker/setup-buildx-action@v4	2026-09-28T14:43:20.3360241Z     Version:  v0.37.1
image	Run docker/setup-buildx-action@v4	2026-09-28T14:43:20.3360575Z     Path:     /usr/libexec/docker/cli-plugins/docker-buildx
image	Run docker/setup-buildx-action@v4	2026-09-28T14:43:20.3360994Z   compose: Docker Compose (Docker Inc.)
image	Run docker/setup-buildx-action@v4	2026-09-28T14:43:20.3361512Z     Version:  v2.38.2
image	Run docker/setup-buildx-action@v4	2026-09-28T14:43:20.3361989Z     Path:     /usr/libexec/docker/cli-plugins/docker-compose
image	Run docker/setup-buildx-action@v4	2026-09-28T14:43:20.3362250Z 
image	Run docker/setup-buildx-action@v4	2026-09-28T14:43:20.3362370Z Server:
image	Run docker/setup-buildx-action@v4	2026-09-28T14:43:20.3362681Z  Containers: 0
image	Run docker/setup-buildx-action@v4	2026-09-28T14:43:20.3362950Z   Running: 0
image	Run docker/setup-buildx-action@v4	2026-09-28T14:43:20.3363305Z   Paused: 0
image	Run docker/setup-buildx-action@v4	2026-09-28T14:43:20.3363543Z   Stopped: 0
image	Run docker/setup-buildx-action@v4	2026-09-28T14:43:20.3363781Z  Images: 6
image	Run docker/setup-buildx-action@v4	2026-09-28T14:43:20.3364041Z  Server Version: 28.0.4
image	Run docker/setup-buildx-action@v4	2026-09-28T14:43:20.3364327Z  Storage Driver: overlay2
image	Run docker/setup-buildx-action@v4	2026-09-28T14:43:20.3364674Z   Backing Filesystem: extfs
image	Run docker/setup-buildx-action@v4	2026-09-28T14:43:20.3364976Z   Supports d_type: true
image	Run docker/setup-buildx-action@v4	2026-09-28T14:43:20.3365243Z   Using metacopy: false
image	Run docker/setup-buildx-action@v4	2026-09-28T14:43:20.3365547Z   Native Overlay Diff: false
image	Run docker/setup-buildx-action@v4	2026-09-28T14:43:20.3365889Z   userxattr: false
image	Run docker/setup-buildx-action@v4	2026-09-28T14:43:20.3366186Z  Logging Driver: json-file
image	Run docker/setup-buildx-action@v4	2026-09-28T14:43:20.3366476Z  Cgroup Driver: systemd
image	Run docker/setup-buildx-action@v4	2026-09-28T14:43:20.3366716Z  Cgroup Version: 2
image	Run docker/setup-buildx-action@v4	2026-09-28T14:43:20.3366952Z  Plugins:
image	Run docker/setup-buildx-action@v4	2026-09-28T14:43:20.3367205Z   Volume: local
image	Run docker/setup-buildx-action@v4	2026-09-28T14:43:20.3367446Z   Network: bridge host ipvlan macvlan null overlay
image	Run docker/setup-buildx-action@v4	2026-09-28T14:43:20.3367816Z   Log: awslogs fluentd gcplogs gelf journald json-file local splunk syslog
image	Run docker/setup-buildx-action@v4	2026-09-28T14:43:20.3368148Z  Swarm: inactive
image	Run docker/setup-buildx-action@v4	2026-09-28T14:43:20.3368388Z  Runtimes: io.containerd.runc.v2 runc
image	Run docker/setup-buildx-action@v4	2026-09-28T14:43:20.3369173Z  Default Runtime: runc
image	Run docker/setup-buildx-action@v4	2026-09-28T14:43:20.3369442Z  Init Binary: docker-init
image	Run docker/setup-buildx-action@v4	2026-09-28T14:43:20.3369737Z  containerd version: 1294c24a7da8e5a793ed378161673abe94118892
image	Run docker/setup-buildx-action@v4	2026-09-28T14:43:20.3370048Z  runc version: v1.5.1-0-g8f2685a4
image	Run docker/setup-buildx-action@v4	2026-09-28T14:43:20.3370320Z  init version: de40ad0
image	Run docker/setup-buildx-action@v4	2026-09-28T14:43:20.3370558Z  Security Options:
image	Run docker/setup-buildx-action@v4	2026-09-28T14:43:20.3370808Z   apparmor
image	Run docker/setup-buildx-action@v4	2026-09-28T14:43:20.3371180Z   seccomp
image	Run docker/setup-buildx-action@v4	2026-09-28T14:43:20.3371500Z    Profile: builtin
image	Run docker/setup-buildx-action@v4	2026-09-28T14:43:20.3371779Z   cgroupns
image	Run docker/setup-buildx-action@v4	2026-09-28T14:43:20.3372058Z  Kernel Version: 6.17.0-1022-azure
image	Run docker/setup-buildx-action@v4	2026-09-28T14:43:20.3372353Z  Operating System: Ubuntu 24.04.5 LTS
image	Run docker/setup-buildx-action@v4	2026-09-28T14:43:20.3372644Z  OSType: linux
image	Run docker/setup-buildx-action@v4	2026-09-28T14:43:20.3372863Z  Architecture: x86_64
image	Run docker/setup-buildx-action@v4	2026-09-28T14:43:20.3373078Z  CPUs: 4
image	Run docker/setup-buildx-action@v4	2026-09-28T14:43:20.3373320Z  Total Memory: 15.61GiB
image	Run docker/setup-buildx-action@v4	2026-09-28T14:43:20.3373543Z  Name: runnervmtr4k5
image	Run docker/setup-buildx-action@v4	2026-09-28T14:43:20.3373807Z  ID: bab1ddb9-e66f-4080-9fbf-9a64e0823a66
image	Run docker/setup-buildx-action@v4	2026-09-28T14:43:20.3374106Z  Docker Root Dir: /var/lib/docker
image	Run docker/setup-buildx-action@v4	2026-09-28T14:43:20.3374354Z  Debug Mode: false
image	Run docker/setup-buildx-action@v4	2026-09-28T14:43:20.3374610Z  Username: githubactions
image	Run docker/setup-buildx-action@v4	2026-09-28T14:43:20.3374843Z  Experimental: false
image	Run docker/setup-buildx-action@v4	2026-09-28T14:43:20.3375083Z  Insecure Registries:
image	Run docker/setup-buildx-action@v4	2026-09-28T14:43:20.3380021Z   ::1/128
image	Run docker/setup-buildx-action@v4	2026-09-28T14:43:20.3380269Z   127.0.0.0/8
image	Run docker/setup-buildx-action@v4	2026-09-28T14:43:20.3380562Z  Live Restore Enabled: false
image	Run docker/setup-buildx-action@v4	2026-09-28T14:43:20.3380734Z 
image	Run docker/setup-buildx-action@v4	2026-09-28T14:43:20.3381498Z ##[endgroup]
image	Run docker/setup-buildx-action@v4	2026-09-28T14:43:20.4974252Z ##[group]Buildx version
image	Run docker/setup-buildx-action@v4	2026-09-28T14:43:20.4993016Z [command]/usr/bin/docker buildx version
image	Run docker/setup-buildx-action@v4	2026-09-28T14:43:20.5390209Z github.com/docker/buildx v0.37.1 0b265a9f62db554fa9aba6dd19e1bd5704bc7d8a
image	Run docker/setup-buildx-action@v4	2026-09-28T14:43:20.5403210Z ##[endgroup]
image	Run docker/setup-buildx-action@v4	2026-09-28T14:43:20.5520859Z ##[group]Inspecting default docker context
image	Run docker/setup-buildx-action@v4	2026-09-28T14:43:20.5621858Z [
image	Run docker/setup-buildx-action@v4	2026-09-28T14:43:20.5622141Z   {
image	Run docker/setup-buildx-action@v4	2026-09-28T14:43:20.5622407Z     "Name": "default",
image	Run docker/setup-buildx-action@v4	2026-09-28T14:43:20.5622713Z     "Metadata": {},
image	Run docker/setup-buildx-action@v4	2026-09-28T14:43:20.5622983Z     "Endpoints": {
image	Run docker/setup-buildx-action@v4	2026-09-28T14:43:20.5623214Z       "docker": {
image	Run docker/setup-buildx-action@v4	2026-09-28T14:43:20.5623738Z         "Host": "unix:///var/run/docker.sock",
image	Run docker/setup-buildx-action@v4	2026-09-28T14:43:20.5624023Z         "SkipTLSVerify": false
image	Run docker/setup-buildx-action@v4	2026-09-28T14:43:20.5624274Z       }
image	Run docker/setup-buildx-action@v4	2026-09-28T14:43:20.5624505Z     },
image	Run docker/setup-buildx-action@v4	2026-09-28T14:43:20.5624706Z     "TLSMaterial": {},
image	Run docker/setup-buildx-action@v4	2026-09-28T14:43:20.5624975Z     "Storage": {
image	Run docker/setup-buildx-action@v4	2026-09-28T14:43:20.5625183Z       "MetadataPath": "<IN MEMORY>",
image	Run docker/setup-buildx-action@v4	2026-09-28T14:43:20.5625524Z       "TLSPath": "<IN MEMORY>"
image	Run docker/setup-buildx-action@v4	2026-09-28T14:43:20.5625815Z     }
image	Run docker/setup-buildx-action@v4	2026-09-28T14:43:20.5626014Z   }
image	Run docker/setup-buildx-action@v4	2026-09-28T14:43:20.5626197Z ]
image	Run docker/setup-buildx-action@v4	2026-09-28T14:43:20.5626696Z ##[endgroup]
image	Run docker/setup-buildx-action@v4	2026-09-28T14:43:20.6171712Z ##[group]Pulling BuildKit image(s)
image	Run docker/setup-buildx-action@v4	2026-09-28T14:43:20.6193102Z [command]/usr/bin/docker pull moby/buildkit:buildx-stable-1
image	Run docker/setup-buildx-action@v4	2026-09-28T14:43:21.4666723Z buildx-stable-1: Pulling from moby/buildkit
image	Run docker/setup-buildx-action@v4	2026-09-28T14:43:21.6929044Z e6f31ffc071e: Pulling fs layer
image	Run docker/setup-buildx-action@v4	2026-09-28T14:43:21.6929957Z 58699b5d8a46: Pulling fs layer
image	Run docker/setup-buildx-action@v4	2026-09-28T14:43:21.6930240Z 79330c0ded89: Pulling fs layer
image	Run docker/setup-buildx-action@v4	2026-09-28T14:43:21.6930571Z 524a9b2a3071: Pulling fs layer
image	Run docker/setup-buildx-action@v4	2026-09-28T14:43:21.6930933Z da08d5134795: Pulling fs layer
image	Run docker/setup-buildx-action@v4	2026-09-28T14:43:21.6931399Z c83f748d995d: Pulling fs layer
image	Run docker/setup-buildx-action@v4	2026-09-28T14:43:21.6931741Z 9a6fe4fcb2cb: Pulling fs layer
image	Run docker/setup-buildx-action@v4	2026-09-28T14:43:21.6932070Z c83f748d995d: Waiting
image	Run docker/setup-buildx-action@v4	2026-09-28T14:43:21.6932357Z 524a9b2a3071: Waiting
image	Run docker/setup-buildx-action@v4	2026-09-28T14:43:21.6932679Z 9a6fe4fcb2cb: Waiting
image	Run docker/setup-buildx-action@v4	2026-09-28T14:43:21.6932974Z da08d5134795: Waiting
image	Run docker/setup-buildx-action@v4	2026-09-28T14:43:21.8686271Z 79330c0ded89: Verifying Checksum
image	Run docker/setup-buildx-action@v4	2026-09-28T14:43:21.8686909Z 79330c0ded89: Download complete
image	Run docker/setup-buildx-action@v4	2026-09-28T14:43:21.9760178Z 58699b5d8a46: Verifying Checksum
image	Run docker/setup-buildx-action@v4	2026-09-28T14:43:21.9760601Z 58699b5d8a46: Download complete
image	Run docker/setup-buildx-action@v4	2026-09-28T14:43:22.0153473Z e6f31ffc071e: Verifying Checksum
image	Run docker/setup-buildx-action@v4	2026-09-28T14:43:22.0154046Z e6f31ffc071e: Download complete
image	Run docker/setup-buildx-action@v4	2026-09-28T14:43:22.0320395Z 524a9b2a3071: Verifying Checksum
image	Run docker/setup-buildx-action@v4	2026-09-28T14:43:22.0321821Z 524a9b2a3071: Download complete
image	Run docker/setup-buildx-action@v4	2026-09-28T14:43:22.1111536Z e6f31ffc071e: Pull complete
image	Run docker/setup-buildx-action@v4	2026-09-28T14:43:22.1280796Z c83f748d995d: Download complete
image	Run docker/setup-buildx-action@v4	2026-09-28T14:43:22.1780180Z 9a6fe4fcb2cb: Verifying Checksum
image	Run docker/setup-buildx-action@v4	2026-09-28T14:43:22.1780742Z 9a6fe4fcb2cb: Download complete
image	Run docker/setup-buildx-action@v4	2026-09-28T14:43:22.3824606Z da08d5134795: Verifying Checksum
image	Run docker/setup-buildx-action@v4	2026-09-28T14:43:22.3825092Z da08d5134795: Download complete
image	Run docker/setup-buildx-action@v4	2026-09-28T14:43:25.6105366Z 58699b5d8a46: Pull complete
image	Run docker/setup-buildx-action@v4	2026-09-28T14:43:25.6230602Z 79330c0ded89: Pull complete
image	Run docker/setup-buildx-action@v4	2026-09-28T14:43:25.6692307Z 524a9b2a3071: Pull complete
image	Run docker/setup-buildx-action@v4	2026-09-28T14:43:27.5561643Z da08d5134795: Pull complete
image	Run docker/setup-buildx-action@v4	2026-09-28T14:43:27.6803267Z c83f748d995d: Pull complete
image	Run docker/setup-buildx-action@v4	2026-09-28T14:43:27.8433839Z 9a6fe4fcb2cb: Pull complete
image	Run docker/setup-buildx-action@v4	2026-09-28T14:43:28.1004016Z Digest: sha256:28a898719c18a33f4e8000685287fa36fd0dd9560c6440227d3a732d79bb41d8
image	Run docker/setup-buildx-action@v4	2026-09-28T14:43:28.3110702Z Status: Downloaded newer image for moby/buildkit:buildx-stable-1
image	Run docker/setup-buildx-action@v4	2026-09-28T14:43:28.6032724Z docker.io/moby/buildkit:buildx-stable-1
image	Run docker/setup-buildx-action@v4	2026-09-28T14:43:28.6046221Z ##[endgroup]
image	Run docker/setup-buildx-action@v4	2026-09-28T14:43:28.6046966Z ##[group]Creating a new builder instance
image	Run docker/setup-buildx-action@v4	2026-09-28T14:43:28.6606665Z [command]/usr/bin/docker buildx create --name builder-7977dd26-eaee-4947-8761-0790b1fd6190 --driver docker-container --buildkitd-flags --allow-insecure-entitlement security.insecure --allow-insecure-entitlement network.host --use
image	Run docker/setup-buildx-action@v4	2026-09-28T14:43:28.8110874Z builder-7977dd26-eaee-4947-8761-0790b1fd6190
image	Run docker/setup-buildx-action@v4	2026-09-28T14:43:28.8130655Z ##[endgroup]
image	Run docker/setup-buildx-action@v4	2026-09-28T14:43:28.8131332Z ##[group]Booting builder
image	Run docker/setup-buildx-action@v4	2026-09-28T14:43:28.8160855Z [command]/usr/bin/docker buildx inspect --bootstrap --builder builder-7977dd26-eaee-4947-8761-0790b1fd6190
image	Run docker/setup-buildx-action@v4	2026-09-28T14:43:28.9182250Z #1 [internal] booting buildkit
image	Run docker/setup-buildx-action@v4	2026-09-28T14:43:29.0690258Z #1 pulling image moby/buildkit:buildx-stable-1
image	Run docker/setup-buildx-action@v4	2026-09-28T14:43:29.7023487Z #1 pulling image moby/buildkit:buildx-stable-1 0.8s done
image	Run docker/setup-buildx-action@v4	2026-09-28T14:43:29.8540971Z #1 creating container buildx_buildkit_builder-7977dd26-eaee-4947-8761-0790b1fd61900
image	Run docker/setup-buildx-action@v4	2026-09-28T14:43:30.6978252Z #1 creating container buildx_buildkit_builder-7977dd26-eaee-4947-8761-0790b1fd61900 1.0s done
image	Run docker/setup-buildx-action@v4	2026-09-28T14:43:30.7373619Z #1 DONE 1.8s
image	Run docker/setup-buildx-action@v4	2026-09-28T14:43:30.7666388Z Name:          builder-7977dd26-eaee-4947-8761-0790b1fd6190
image	Run docker/setup-buildx-action@v4	2026-09-28T14:43:30.7667331Z Driver:        docker-container
image	Run docker/setup-buildx-action@v4	2026-09-28T14:43:30.7667692Z Last Activity: 2026-09-28 14:43:28 +0000 UTC
image	Run docker/setup-buildx-action@v4	2026-09-28T14:43:30.7667924Z 
image	Run docker/setup-buildx-action@v4	2026-09-28T14:43:30.7668006Z Nodes:
image	Run docker/setup-buildx-action@v4	2026-09-28T14:43:30.7668341Z Name:                  builder-7977dd26-eaee-4947-8761-0790b1fd61900
image	Run docker/setup-buildx-action@v4	2026-09-28T14:43:30.7676593Z Endpoint:              unix:///var/run/docker.sock
image	Run docker/setup-buildx-action@v4	2026-09-28T14:43:30.7677451Z Status:                running
image	Run docker/setup-buildx-action@v4	2026-09-28T14:43:30.7678114Z BuildKit daemon flags: --allow-insecure-entitlement security.insecure --allow-insecure-entitlement network.host
image	Run docker/setup-buildx-action@v4	2026-09-28T14:43:30.7678971Z BuildKit version:      v0.32.2
image	Run docker/setup-buildx-action@v4	2026-09-28T14:43:30.7679489Z Platforms:             linux/amd64, linux/amd64/v2, linux/amd64/v3, linux/amd64/v4, linux/386
image	Run docker/setup-buildx-action@v4	2026-09-28T14:43:30.7680031Z Labels:
image	Run docker/setup-buildx-action@v4	2026-09-28T14:43:30.7680459Z  org.mobyproject.buildkit.worker.executor:         oci
image	Run docker/setup-buildx-action@v4	2026-09-28T14:43:30.7681012Z  org.mobyproject.buildkit.worker.hostname:         20d84f7ef912
image	Run docker/setup-buildx-action@v4	2026-09-28T14:43:30.7682578Z  org.mobyproject.buildkit.worker.network:          host
image	Run docker/setup-buildx-action@v4	2026-09-28T14:43:30.7683378Z  org.mobyproject.buildkit.worker.oci.process-mode: sandbox
image	Run docker/setup-buildx-action@v4	2026-09-28T14:43:30.7683956Z  org.mobyproject.buildkit.worker.selinux.enabled:  false
image	Run docker/setup-buildx-action@v4	2026-09-28T14:43:30.7684603Z  org.mobyproject.buildkit.worker.snapshotter:      overlayfs
image	Run docker/setup-buildx-action@v4	2026-09-28T14:43:30.7685161Z GC Policy rule#0:
image	Run docker/setup-buildx-action@v4	2026-09-28T14:43:30.7685521Z  All:            false
image	Run docker/setup-buildx-action@v4	2026-09-28T14:43:30.7686221Z  Filters:        type==source.local type==exec.cachemount type==source.git.checkout
image	Run docker/setup-buildx-action@v4	2026-09-28T14:43:30.7686788Z  Keep Duration:  48h0m0s
image	Run docker/setup-buildx-action@v4	2026-09-28T14:43:30.7687222Z  Max Used Space: 488.3MiB
image	Run docker/setup-buildx-action@v4	2026-09-28T14:43:30.7687780Z GC Policy rule#1:
image	Run docker/setup-buildx-action@v4	2026-09-28T14:43:30.7688127Z  All:            false
image	Run docker/setup-buildx-action@v4	2026-09-28T14:43:30.7688988Z  Keep Duration:  1440h0m0s
image	Run docker/setup-buildx-action@v4	2026-09-28T14:43:30.7689510Z  Reserved Space: 9.313GiB
image	Run docker/setup-buildx-action@v4	2026-09-28T14:43:30.7690843Z  Max Used Space: 93.13GiB
image	Run docker/setup-buildx-action@v4	2026-09-28T14:43:30.7691353Z  Min Free Space: 27.01GiB
image	Run docker/setup-buildx-action@v4	2026-09-28T14:43:30.7692026Z GC Policy rule#2:
image	Run docker/setup-buildx-action@v4	2026-09-28T14:43:30.7692543Z  All:            false
image	Run docker/setup-buildx-action@v4	2026-09-28T14:43:30.7692898Z  Reserved Space: 9.313GiB
image	Run docker/setup-buildx-action@v4	2026-09-28T14:43:30.7693291Z  Max Used Space: 93.13GiB
image	Run docker/setup-buildx-action@v4	2026-09-28T14:43:30.7693699Z  Min Free Space: 27.01GiB
image	Run docker/setup-buildx-action@v4	2026-09-28T14:43:30.7694097Z GC Policy rule#3:
image	Run docker/setup-buildx-action@v4	2026-09-28T14:43:30.7694415Z  All:            true
image	Run docker/setup-buildx-action@v4	2026-09-28T14:43:30.7694705Z  Reserved Space: 9.313GiB
image	Run docker/setup-buildx-action@v4	2026-09-28T14:43:30.7695038Z  Max Used Space: 93.13GiB
image	Run docker/setup-buildx-action@v4	2026-09-28T14:43:30.7695327Z  Min Free Space: 27.01GiB
image	Run docker/setup-buildx-action@v4	2026-09-28T14:43:30.7703168Z ##[endgroup]
image	Run docker/setup-buildx-action@v4	2026-09-28T14:43:30.8565773Z ##[group]Inspect builder
image	Run docker/setup-buildx-action@v4	2026-09-28T14:43:30.8566391Z {
image	Run docker/setup-buildx-action@v4	2026-09-28T14:43:30.8566690Z   "nodes": [
image	Run docker/setup-buildx-action@v4	2026-09-28T14:43:30.8566957Z     {
image	Run docker/setup-buildx-action@v4	2026-09-28T14:43:30.8567334Z       "name": "builder-7977dd26-eaee-4947-8761-0790b1fd61900",
image	Run docker/setup-buildx-action@v4	2026-09-28T14:43:30.8567790Z       "endpoint": "unix:///var/run/docker.sock",
image	Run docker/setup-buildx-action@v4	2026-09-28T14:43:30.8568158Z       "status": "running",
image	Run docker/setup-buildx-action@v4	2026-09-28T14:43:30.8568673Z       "buildkitd-flags": "--allow-insecure-entitlement security.insecure --allow-insecure-entitlement network.host",
image	Run docker/setup-buildx-action@v4	2026-09-28T14:43:30.8569210Z       "buildkit": "v0.32.2",
image	Run docker/setup-buildx-action@v4	2026-09-28T14:43:30.8569640Z       "platforms": "linux/amd64,linux/amd64/v2,linux/amd64/v3,linux/amd64/v4,linux/386",
image	Run docker/setup-buildx-action@v4	2026-09-28T14:43:30.8570131Z       "features": {
image	Run docker/setup-buildx-action@v4	2026-09-28T14:43:30.8570589Z         "Automatically load images to the Docker Engine image store": true,
image	Run docker/setup-buildx-action@v4	2026-09-28T14:43:30.8571198Z         "Cache export": true,
image	Run docker/setup-buildx-action@v4	2026-09-28T14:43:30.8571606Z         "Direct push": true,
image	Run docker/setup-buildx-action@v4	2026-09-28T14:43:30.8571983Z         "Docker exporter": true,
image	Run docker/setup-buildx-action@v4	2026-09-28T14:43:30.8572276Z         "Multi-platform build": true,
image	Run docker/setup-buildx-action@v4	2026-09-28T14:43:30.8572640Z         "OCI exporter": true
image	Run docker/setup-buildx-action@v4	2026-09-28T14:43:30.8572944Z       },
image	Run docker/setup-buildx-action@v4	2026-09-28T14:43:30.8573179Z       "labels": {
image	Run docker/setup-buildx-action@v4	2026-09-28T14:43:30.8573568Z         "org.mobyproject.buildkit.worker.executor": "oci",
image	Run docker/setup-buildx-action@v4	2026-09-28T14:43:30.8573993Z         "org.mobyproject.buildkit.worker.hostname": "20d84f7ef912",
image	Run docker/setup-buildx-action@v4	2026-09-28T14:43:30.8574396Z         "org.mobyproject.buildkit.worker.network": "host",
image	Run docker/setup-buildx-action@v4	2026-09-28T14:43:30.8575639Z         "org.mobyproject.buildkit.worker.oci.process-mode": "sandbox",
image	Run docker/setup-buildx-action@v4	2026-09-28T14:43:30.8576204Z         "org.mobyproject.buildkit.worker.selinux.enabled": "false",
image	Run docker/setup-buildx-action@v4	2026-09-28T14:43:30.8576877Z         "org.mobyproject.buildkit.worker.snapshotter": "overlayfs"
image	Run docker/setup-buildx-action@v4	2026-09-28T14:43:30.8577329Z       },
image	Run docker/setup-buildx-action@v4	2026-09-28T14:43:30.8577664Z       "gcPolicy": [
image	Run docker/setup-buildx-action@v4	2026-09-28T14:43:30.8577933Z         {
image	Run docker/setup-buildx-action@v4	2026-09-28T14:43:30.8578195Z           "all": false,
image	Run docker/setup-buildx-action@v4	2026-09-28T14:43:30.8578492Z           "filter": [
image	Run docker/setup-buildx-action@v4	2026-09-28T14:43:30.8578893Z             "type==source.local type==exec.cachemount type==source.git.checkout"
image	Run docker/setup-buildx-action@v4	2026-09-28T14:43:30.8579408Z           ],
image	Run docker/setup-buildx-action@v4	2026-09-28T14:43:30.8579771Z           "keepDuration": "48h0m0s",
image	Run docker/setup-buildx-action@v4	2026-09-28T14:43:30.8580208Z           "maxUsedSpace": "488.3MiB"
image	Run docker/setup-buildx-action@v4	2026-09-28T14:43:30.8580547Z         },
image	Run docker/setup-buildx-action@v4	2026-09-28T14:43:30.8580811Z         {
image	Run docker/setup-buildx-action@v4	2026-09-28T14:43:30.8581684Z           "all": false,
image	Run docker/setup-buildx-action@v4	2026-09-28T14:43:30.8582127Z           "keepDuration": "1440h0m0s",
image	Run docker/setup-buildx-action@v4	2026-09-28T14:43:30.8582753Z           "reservedSpace": "9.313GiB",
image	Run docker/setup-buildx-action@v4	2026-09-28T14:43:30.8583230Z           "maxUsedSpace": "93.13GiB",
image	Run docker/setup-buildx-action@v4	2026-09-28T14:43:30.8583780Z           "minFreeSpace": "27.01GiB"
image	Run docker/setup-buildx-action@v4	2026-09-28T14:43:30.8584158Z         },
image	Run docker/setup-buildx-action@v4	2026-09-28T14:43:30.8584631Z         {
image	Run docker/setup-buildx-action@v4	2026-09-28T14:43:30.8584992Z           "all": false,
image	Run docker/setup-buildx-action@v4	2026-09-28T14:43:30.8585381Z           "reservedSpace": "9.313GiB",
image	Run docker/setup-buildx-action@v4	2026-09-28T14:43:30.8585804Z           "maxUsedSpace": "93.13GiB",
image	Run docker/setup-buildx-action@v4	2026-09-28T14:43:30.8586274Z           "minFreeSpace": "27.01GiB"
image	Run docker/setup-buildx-action@v4	2026-09-28T14:43:30.8586739Z         },
image	Run docker/setup-buildx-action@v4	2026-09-28T14:43:30.8587097Z         {
image	Run docker/setup-buildx-action@v4	2026-09-28T14:43:30.8587416Z           "all": true,
image	Run docker/setup-buildx-action@v4	2026-09-28T14:43:30.8587807Z           "reservedSpace": "9.313GiB",
image	Run docker/setup-buildx-action@v4	2026-09-28T14:43:30.8588209Z           "maxUsedSpace": "93.13GiB",
image	Run docker/setup-buildx-action@v4	2026-09-28T14:43:30.8588638Z           "minFreeSpace": "27.01GiB"
image	Run docker/setup-buildx-action@v4	2026-09-28T14:43:30.8588968Z         }
image	Run docker/setup-buildx-action@v4	2026-09-28T14:43:30.8589289Z       ]
image	Run docker/setup-buildx-action@v4	2026-09-28T14:43:30.8589690Z     }
image	Run docker/setup-buildx-action@v4	2026-09-28T14:43:30.8589989Z   ],
image	Run docker/setup-buildx-action@v4	2026-09-28T14:43:30.8590723Z   "name": "builder-7977dd26-eaee-4947-8761-0790b1fd6190",
image	Run docker/setup-buildx-action@v4	2026-09-28T14:43:30.8591270Z   "driver": "docker-container",
image	Run docker/setup-buildx-action@v4	2026-09-28T14:43:30.8591643Z   "lastActivity": "2026-09-28T14:43:28.000Z"
image	Run docker/setup-buildx-action@v4	2026-09-28T14:43:30.8592071Z }
image	Run docker/setup-buildx-action@v4	2026-09-28T14:43:30.8592686Z ##[endgroup]
image	Run docker/setup-buildx-action@v4	2026-09-28T14:43:30.8593341Z ##[group]BuildKit version
image	Run docker/setup-buildx-action@v4	2026-09-28T14:43:30.8593746Z builder-7977dd26-eaee-4947-8761-0790b1fd61900: v0.32.2
image	Run docker/setup-buildx-action@v4	2026-09-28T14:43:30.8594402Z ##[endgroup]
image	Construir imagem (também em pull requests)	﻿2026-09-28T14:43:30.8745840Z ##[group]Run docker/build-push-action@v7
image	Construir imagem (também em pull requests)	2026-09-28T14:43:30.8746323Z with:
image	Construir imagem (também em pull requests)	2026-09-28T14:43:30.8746560Z   context: .
image	Construir imagem (também em pull requests)	2026-09-28T14:43:30.8746793Z   load: true
image	Construir imagem (também em pull requests)	2026-09-28T14:43:30.8747008Z   push: false
image	Construir imagem (também em pull requests)	2026-09-28T14:43:30.8747333Z   tags: ghcr.io/kalicon/ecohospital-esg-cicd:461ffa3eea37b904018856681c4fbea1cdc2c8b8
image	Construir imagem (também em pull requests)	2026-09-28T14:43:30.8747818Z   build-args: APP_VERSION=461ffa3eea37b904018856681c4fbea1cdc2c8b8
image	Construir imagem (também em pull requests)	2026-09-28T14:43:30.8748321Z   labels: org.opencontainers.image.source=https://github.com/Kalicon/ecohospital-esg-cicd
image	Construir imagem (também em pull requests)	2026-09-28T14:43:30.8748785Z   cache-from: type=gha
image	Construir imagem (também em pull requests)	2026-09-28T14:43:30.8749028Z   cache-to: type=gha,mode=max
image	Construir imagem (também em pull requests)	2026-09-28T14:43:30.8749268Z   no-cache: false
image	Construir imagem (também em pull requests)	2026-09-28T14:43:30.8749510Z   pull: false
image	Construir imagem (também em pull requests)	2026-09-28T14:43:30.8751715Z   github-token: ***
image	Construir imagem (também em pull requests)	2026-09-28T14:43:30.8752015Z env:
image	Construir imagem (também em pull requests)	2026-09-28T14:43:30.8752389Z   IMAGE: ghcr.io/kalicon/ecohospital-esg-cicd:461ffa3eea37b904018856681c4fbea1cdc2c8b8
image	Construir imagem (também em pull requests)	2026-09-28T14:43:30.8752766Z ##[endgroup]
image	Construir imagem (também em pull requests)	2026-09-28T14:43:31.0487903Z ##[group]GitHub Actions runtime token ACs
image	Construir imagem (também em pull requests)	2026-09-28T14:43:31.0493996Z refs/heads/main: read/write
image	Construir imagem (também em pull requests)	2026-09-28T14:43:31.0494581Z ##[endgroup]
image	Construir imagem (também em pull requests)	2026-09-28T14:43:31.0494969Z ##[group]Docker info
image	Construir imagem (também em pull requests)	2026-09-28T14:43:31.0524522Z [command]/usr/bin/docker version
image	Construir imagem (também em pull requests)	2026-09-28T14:43:31.0703104Z Client: Docker Engine - Community
image	Construir imagem (também em pull requests)	2026-09-28T14:43:31.0707949Z  Version:           28.0.4
image	Construir imagem (também em pull requests)	2026-09-28T14:43:31.0708492Z  API version:       1.48
image	Construir imagem (também em pull requests)	2026-09-28T14:43:31.0709026Z  Go version:        go1.23.7
image	Construir imagem (também em pull requests)	2026-09-28T14:43:31.0709349Z  Git commit:        b8034c0
image	Construir imagem (também em pull requests)	2026-09-28T14:43:31.0710147Z  Built:             Tue Mar 25 15:07:16 2025
image	Construir imagem (também em pull requests)	2026-09-28T14:43:31.0710570Z  OS/Arch:           linux/amd64
image	Construir imagem (também em pull requests)	2026-09-28T14:43:31.0710989Z  Context:           default
image	Construir imagem (também em pull requests)	2026-09-28T14:43:31.0711683Z 
image	Construir imagem (também em pull requests)	2026-09-28T14:43:31.0711969Z Server: Docker Engine - Community
image	Construir imagem (também em pull requests)	2026-09-28T14:43:31.0712371Z  Engine:
image	Construir imagem (também em pull requests)	2026-09-28T14:43:31.0712733Z   Version:          28.0.4
image	Construir imagem (também em pull requests)	2026-09-28T14:43:31.0713152Z   API version:      1.48 (minimum version 1.24)
image	Construir imagem (também em pull requests)	2026-09-28T14:43:31.0713599Z   Go version:       go1.23.7
image	Construir imagem (também em pull requests)	2026-09-28T14:43:31.0714032Z   Git commit:       6430e49
image	Construir imagem (também em pull requests)	2026-09-28T14:43:31.0714445Z   Built:            Tue Mar 25 15:07:16 2025
image	Construir imagem (também em pull requests)	2026-09-28T14:43:31.0714890Z   OS/Arch:          linux/amd64
image	Construir imagem (também em pull requests)	2026-09-28T14:43:31.0715294Z   Experimental:     false
image	Construir imagem (também em pull requests)	2026-09-28T14:43:31.0715659Z  containerd:
image	Construir imagem (também em pull requests)	2026-09-28T14:43:31.0716037Z   Version:          v2.3.5
image	Construir imagem (também em pull requests)	2026-09-28T14:43:31.0716476Z   GitCommit:        1294c24a7da8e5a793ed378161673abe94118892
image	Construir imagem (também em pull requests)	2026-09-28T14:43:31.0716980Z  runc:
image	Construir imagem (também em pull requests)	2026-09-28T14:43:31.0717403Z   Version:          1.5.1
image	Construir imagem (também em pull requests)	2026-09-28T14:43:31.0717817Z   GitCommit:        v1.5.1-0-g8f2685a4
image	Construir imagem (também em pull requests)	2026-09-28T14:43:31.0718202Z  docker-init:
image	Construir imagem (também em pull requests)	2026-09-28T14:43:31.0718646Z   Version:          0.19.0
image	Construir imagem (também em pull requests)	2026-09-28T14:43:31.0719044Z   GitCommit:        de40ad0
image	Construir imagem (também em pull requests)	2026-09-28T14:43:31.0762104Z [command]/usr/bin/docker info
image	Construir imagem (também em pull requests)	2026-09-28T14:43:31.1246157Z Client: Docker Engine - Community
image	Construir imagem (também em pull requests)	2026-09-28T14:43:31.1246817Z  Version:    28.0.4
image	Construir imagem (também em pull requests)	2026-09-28T14:43:31.1247104Z  Context:    default
image	Construir imagem (também em pull requests)	2026-09-28T14:43:31.1247486Z  Debug Mode: false
image	Construir imagem (também em pull requests)	2026-09-28T14:43:31.1247804Z  Plugins:
image	Construir imagem (também em pull requests)	2026-09-28T14:43:31.1248067Z   buildx: Docker Buildx (Docker Inc.)
image	Construir imagem (também em pull requests)	2026-09-28T14:43:31.1248435Z     Version:  v0.37.1
image	Construir imagem (também em pull requests)	2026-09-28T14:43:31.1248810Z     Path:     /usr/libexec/docker/cli-plugins/docker-buildx
image	Construir imagem (também em pull requests)	2026-09-28T14:43:31.1249264Z   compose: Docker Compose (Docker Inc.)
image	Construir imagem (também em pull requests)	2026-09-28T14:43:31.1249606Z     Version:  v2.38.2
image	Construir imagem (também em pull requests)	2026-09-28T14:43:31.1250061Z     Path:     /usr/libexec/docker/cli-plugins/docker-compose
image	Construir imagem (também em pull requests)	2026-09-28T14:43:31.1250508Z 
image	Construir imagem (também em pull requests)	2026-09-28T14:43:31.1250663Z Server:
image	Construir imagem (também em pull requests)	2026-09-28T14:43:31.1250985Z  Containers: 1
image	Construir imagem (também em pull requests)	2026-09-28T14:43:31.1251659Z   Running: 1
image	Construir imagem (também em pull requests)	2026-09-28T14:43:31.1252029Z   Paused: 0
image	Construir imagem (também em pull requests)	2026-09-28T14:43:31.1252378Z   Stopped: 0
image	Construir imagem (também em pull requests)	2026-09-28T14:43:31.1252760Z  Images: 7
image	Construir imagem (também em pull requests)	2026-09-28T14:43:31.1253097Z  Server Version: 28.0.4
image	Construir imagem (também em pull requests)	2026-09-28T14:43:31.1253501Z  Storage Driver: overlay2
image	Construir imagem (também em pull requests)	2026-09-28T14:43:31.1253918Z   Backing Filesystem: extfs
image	Construir imagem (também em pull requests)	2026-09-28T14:43:31.1254261Z   Supports d_type: true
image	Construir imagem (também em pull requests)	2026-09-28T14:43:31.1254616Z   Using metacopy: false
image	Construir imagem (também em pull requests)	2026-09-28T14:43:31.1255231Z   Native Overlay Diff: false
image	Construir imagem (também em pull requests)	2026-09-28T14:43:31.1255521Z   userxattr: false
image	Construir imagem (também em pull requests)	2026-09-28T14:43:31.1255819Z  Logging Driver: json-file
image	Construir imagem (também em pull requests)	2026-09-28T14:43:31.1256140Z  Cgroup Driver: systemd
image	Construir imagem (também em pull requests)	2026-09-28T14:43:31.1256437Z  Cgroup Version: 2
image	Construir imagem (também em pull requests)	2026-09-28T14:43:31.1256817Z  Plugins:
image	Construir imagem (também em pull requests)	2026-09-28T14:43:31.1257153Z   Volume: local
image	Construir imagem (também em pull requests)	2026-09-28T14:43:31.1257646Z   Network: bridge host ipvlan macvlan null overlay
image	Construir imagem (também em pull requests)	2026-09-28T14:43:31.1258278Z   Log: awslogs fluentd gcplogs gelf journald json-file local splunk syslog
image	Construir imagem (também em pull requests)	2026-09-28T14:43:31.1258884Z  Swarm: inactive
image	Construir imagem (também em pull requests)	2026-09-28T14:43:31.1259213Z  Runtimes: io.containerd.runc.v2 runc
image	Construir imagem (também em pull requests)	2026-09-28T14:43:31.1259556Z  Default Runtime: runc
image	Construir imagem (também em pull requests)	2026-09-28T14:43:31.1259878Z  Init Binary: docker-init
image	Construir imagem (também em pull requests)	2026-09-28T14:43:31.1260281Z  containerd version: 1294c24a7da8e5a793ed378161673abe94118892
image	Construir imagem (também em pull requests)	2026-09-28T14:43:31.1260689Z  runc version: v1.5.1-0-g8f2685a4
image	Construir imagem (também em pull requests)	2026-09-28T14:43:31.1261250Z  init version: de40ad0
image	Construir imagem (também em pull requests)	2026-09-28T14:43:31.1261562Z  Security Options:
image	Construir imagem (também em pull requests)	2026-09-28T14:43:31.1261845Z   apparmor
image	Construir imagem (também em pull requests)	2026-09-28T14:43:31.1262150Z   seccomp
image	Construir imagem (também em pull requests)	2026-09-28T14:43:31.1262440Z    Profile: builtin
image	Construir imagem (também em pull requests)	2026-09-28T14:43:31.1262749Z   cgroupns
image	Construir imagem (também em pull requests)	2026-09-28T14:43:31.1263029Z  Kernel Version: 6.17.0-1022-azure
image	Construir imagem (também em pull requests)	2026-09-28T14:43:31.1263378Z  Operating System: Ubuntu 24.04.5 LTS
image	Construir imagem (também em pull requests)	2026-09-28T14:43:31.1263738Z  OSType: linux
image	Construir imagem (também em pull requests)	2026-09-28T14:43:31.1263994Z  Architecture: x86_64
image	Construir imagem (também em pull requests)	2026-09-28T14:43:31.1264279Z  CPUs: 4
image	Construir imagem (também em pull requests)	2026-09-28T14:43:31.1264525Z  Total Memory: 15.61GiB
image	Construir imagem (também em pull requests)	2026-09-28T14:43:31.1264774Z  Name: runnervmtr4k5
image	Construir imagem (também em pull requests)	2026-09-28T14:43:31.1265332Z  ID: bab1ddb9-e66f-4080-9fbf-9a64e0823a66
image	Construir imagem (também em pull requests)	2026-09-28T14:43:31.1265685Z  Docker Root Dir: /var/lib/docker
image	Construir imagem (também em pull requests)	2026-09-28T14:43:31.1266021Z  Debug Mode: false
image	Construir imagem (também em pull requests)	2026-09-28T14:43:31.1266286Z  Username: githubactions
image	Construir imagem (também em pull requests)	2026-09-28T14:43:31.1266568Z  Experimental: false
image	Construir imagem (também em pull requests)	2026-09-28T14:43:31.1266961Z  Insecure Registries:
image	Construir imagem (também em pull requests)	2026-09-28T14:43:31.1267326Z   ::1/128
image	Construir imagem (também em pull requests)	2026-09-28T14:43:31.1267590Z   127.0.0.0/8
image	Construir imagem (também em pull requests)	2026-09-28T14:43:31.1268106Z  Live Restore Enabled: false
image	Construir imagem (também em pull requests)	2026-09-28T14:43:31.1268311Z 
image	Construir imagem (também em pull requests)	2026-09-28T14:43:31.1273801Z ##[endgroup]
image	Construir imagem (também em pull requests)	2026-09-28T14:43:31.1274465Z ##[group]Proxy configuration
image	Construir imagem (também em pull requests)	2026-09-28T14:43:31.1280659Z No proxy configuration found
image	Construir imagem (também em pull requests)	2026-09-28T14:43:31.1281916Z ##[endgroup]
image	Construir imagem (também em pull requests)	2026-09-28T14:43:31.1747927Z ##[group]Buildx version
image	Construir imagem (também em pull requests)	2026-09-28T14:43:31.1765728Z [command]/usr/bin/docker buildx version
image	Construir imagem (também em pull requests)	2026-09-28T14:43:31.2159652Z github.com/docker/buildx v0.37.1 0b265a9f62db554fa9aba6dd19e1bd5704bc7d8a
image	Construir imagem (também em pull requests)	2026-09-28T14:43:31.2174460Z ##[endgroup]
image	Construir imagem (também em pull requests)	2026-09-28T14:43:31.2174989Z ##[group]Builder info
image	Construir imagem (também em pull requests)	2026-09-28T14:43:31.2807879Z {
image	Construir imagem (também em pull requests)	2026-09-28T14:43:31.2808868Z   "nodes": [
image	Construir imagem (também em pull requests)	2026-09-28T14:43:31.2809217Z     {
image	Construir imagem (também em pull requests)	2026-09-28T14:43:31.2809562Z       "name": "builder-7977dd26-eaee-4947-8761-0790b1fd61900",
image	Construir imagem (também em pull requests)	2026-09-28T14:43:31.2810003Z       "endpoint": "unix:///var/run/docker.sock",
image	Construir imagem (também em pull requests)	2026-09-28T14:43:31.2810341Z       "status": "running",
image	Construir imagem (também em pull requests)	2026-09-28T14:43:31.2810782Z       "buildkitd-flags": "--allow-insecure-entitlement security.insecure --allow-insecure-entitlement network.host",
image	Construir imagem (também em pull requests)	2026-09-28T14:43:31.2812490Z       "buildkit": "v0.32.2",
image	Construir imagem (também em pull requests)	2026-09-28T14:43:31.2812940Z       "platforms": "linux/amd64,linux/amd64/v2,linux/amd64/v3,linux/amd64/v4,linux/386",
image	Construir imagem (também em pull requests)	2026-09-28T14:43:31.2813692Z       "features": {
image	Construir imagem (também em pull requests)	2026-09-28T14:43:31.2814175Z         "Automatically load images to the Docker Engine image store": true,
image	Construir imagem (também em pull requests)	2026-09-28T14:43:31.2814550Z         "Cache export": true,
image	Construir imagem (também em pull requests)	2026-09-28T14:43:31.2814918Z         "Direct push": true,
image	Construir imagem (também em pull requests)	2026-09-28T14:43:31.2815198Z         "Docker exporter": true,
image	Construir imagem (também em pull requests)	2026-09-28T14:43:31.2815532Z         "Multi-platform build": true,
image	Construir imagem (também em pull requests)	2026-09-28T14:43:31.2815889Z         "OCI exporter": true
image	Construir imagem (também em pull requests)	2026-09-28T14:43:31.2816194Z       },
image	Construir imagem (também em pull requests)	2026-09-28T14:43:31.2816467Z       "labels": {
image	Construir imagem (também em pull requests)	2026-09-28T14:43:31.2816772Z         "org.mobyproject.buildkit.worker.executor": "oci",
image	Construir imagem (também em pull requests)	2026-09-28T14:43:31.2817395Z         "org.mobyproject.buildkit.worker.hostname": "20d84f7ef912",
image	Construir imagem (também em pull requests)	2026-09-28T14:43:31.2818072Z         "org.mobyproject.buildkit.worker.network": "host",
image	Construir imagem (também em pull requests)	2026-09-28T14:43:31.2818609Z         "org.mobyproject.buildkit.worker.oci.process-mode": "sandbox",
image	Construir imagem (também em pull requests)	2026-09-28T14:43:31.2819305Z         "org.mobyproject.buildkit.worker.selinux.enabled": "false",
image	Construir imagem (também em pull requests)	2026-09-28T14:43:31.2819773Z         "org.mobyproject.buildkit.worker.snapshotter": "overlayfs"
image	Construir imagem (também em pull requests)	2026-09-28T14:43:31.2820204Z       },
image	Construir imagem (também em pull requests)	2026-09-28T14:43:31.2820478Z       "gcPolicy": [
image	Construir imagem (também em pull requests)	2026-09-28T14:43:31.2820731Z         {
image	Construir imagem (também em pull requests)	2026-09-28T14:43:31.2821017Z           "all": false,
image	Construir imagem (também em pull requests)	2026-09-28T14:43:31.2821415Z           "filter": [
image	Construir imagem (também em pull requests)	2026-09-28T14:43:31.2821718Z             "type==source.local type==exec.cachemount type==source.git.checkout"
image	Construir imagem (também em pull requests)	2026-09-28T14:43:31.2822302Z           ],
image	Construir imagem (também em pull requests)	2026-09-28T14:43:31.2822560Z           "keepDuration": "48h0m0s",
image	Construir imagem (também em pull requests)	2026-09-28T14:43:31.2823411Z           "maxUsedSpace": "488.3MiB"
image	Construir imagem (também em pull requests)	2026-09-28T14:43:31.2823720Z         },
image	Construir imagem (também em pull requests)	2026-09-28T14:43:31.2823920Z         {
image	Construir imagem (também em pull requests)	2026-09-28T14:43:31.2824227Z           "all": false,
image	Construir imagem (também em pull requests)	2026-09-28T14:43:31.2824493Z           "keepDuration": "1440h0m0s",
image	Construir imagem (também em pull requests)	2026-09-28T14:43:31.2824829Z           "reservedSpace": "9.313GiB",
image	Construir imagem (também em pull requests)	2026-09-28T14:43:31.2825074Z           "maxUsedSpace": "93.13GiB",
image	Construir imagem (também em pull requests)	2026-09-28T14:43:31.2825356Z           "minFreeSpace": "27.01GiB"
image	Construir imagem (também em pull requests)	2026-09-28T14:43:31.2825688Z         },
image	Construir imagem (também em pull requests)	2026-09-28T14:43:31.2825894Z         {
image	Construir imagem (também em pull requests)	2026-09-28T14:43:31.2826154Z           "all": false,
image	Construir imagem (também em pull requests)	2026-09-28T14:43:31.2826389Z           "reservedSpace": "9.313GiB",
image	Construir imagem (também em pull requests)	2026-09-28T14:43:31.2826651Z           "maxUsedSpace": "93.13GiB",
image	Construir imagem (também em pull requests)	2026-09-28T14:43:31.2826983Z           "minFreeSpace": "27.01GiB"
image	Construir imagem (também em pull requests)	2026-09-28T14:43:31.2827271Z         },
image	Construir imagem (também em pull requests)	2026-09-28T14:43:31.2827476Z         {
image	Construir imagem (também em pull requests)	2026-09-28T14:43:31.2827941Z           "all": true,
image	Construir imagem (também em pull requests)	2026-09-28T14:43:31.2828201Z           "reservedSpace": "9.313GiB",
image	Construir imagem (também em pull requests)	2026-09-28T14:43:31.2828564Z           "maxUsedSpace": "93.13GiB",
image	Construir imagem (também em pull requests)	2026-09-28T14:43:31.2828842Z           "minFreeSpace": "27.01GiB"
image	Construir imagem (também em pull requests)	2026-09-28T14:43:31.2829126Z         }
image	Construir imagem (também em pull requests)	2026-09-28T14:43:31.2829340Z       ]
image	Construir imagem (também em pull requests)	2026-09-28T14:43:31.2829570Z     }
image	Construir imagem (também em pull requests)	2026-09-28T14:43:31.2829784Z   ],
image	Construir imagem (também em pull requests)	2026-09-28T14:43:31.2830030Z   "name": "builder-7977dd26-eaee-4947-8761-0790b1fd6190",
image	Construir imagem (também em pull requests)	2026-09-28T14:43:31.2830339Z   "driver": "docker-container",
image	Construir imagem (também em pull requests)	2026-09-28T14:43:31.2830592Z   "lastActivity": "2026-09-28T14:43:28.000Z"
image	Construir imagem (também em pull requests)	2026-09-28T14:43:31.2830859Z }
image	Construir imagem (também em pull requests)	2026-09-28T14:43:31.2831524Z ##[endgroup]
image	Construir imagem (também em pull requests)	2026-09-28T14:43:31.3988069Z [command]/usr/bin/docker buildx build --build-arg APP_VERSION=461ffa3eea37b904018856681c4fbea1cdc2c8b8 --cache-from type=gha --cache-to type=gha,mode=max --iidfile /home/runner/work/_temp/docker-actions-toolkit-yrHM1W/build-iidfile-d71515de82.txt --label org.opencontainers.image.source=https://github.com/Kalicon/ecohospital-esg-cicd --tag ghcr.io/kalicon/ecohospital-esg-cicd:461ffa3eea37b904018856681c4fbea1cdc2c8b8 --load --metadata-file /home/runner/work/_temp/docker-actions-toolkit-yrHM1W/build-metadata-c84babce4c.json .
image	Construir imagem (também em pull requests)	2026-09-28T14:43:31.7641978Z #0 building with "builder-7977dd26-eaee-4947-8761-0790b1fd6190" instance using docker-container driver
image	Construir imagem (também em pull requests)	2026-09-28T14:43:31.7642562Z 
image	Construir imagem (também em pull requests)	2026-09-28T14:43:31.7642730Z #1 [internal] load build definition from Dockerfile
image	Construir imagem (também em pull requests)	2026-09-28T14:43:31.7643041Z #1 transferring dockerfile: 1.03kB 0.0s done
image	Construir imagem (também em pull requests)	2026-09-28T14:43:31.7643349Z #1 DONE 0.1s
image	Construir imagem (também em pull requests)	2026-09-28T14:43:31.8959805Z 
image	Construir imagem (também em pull requests)	2026-09-28T14:43:31.8960522Z #2 [auth] docker/dockerfile:pull token for registry-1.docker.io
image	Construir imagem (também em pull requests)	2026-09-28T14:43:32.0464629Z #2 DONE 0.0s
image	Construir imagem (também em pull requests)	2026-09-28T14:43:32.0464928Z 
image	Construir imagem (também em pull requests)	2026-09-28T14:43:32.0465172Z #3 resolve image config for docker-image://docker.io/docker/dockerfile:1
image	Construir imagem (também em pull requests)	2026-09-28T14:43:32.9697052Z #3 DONE 1.2s
image	Construir imagem (também em pull requests)	2026-09-28T14:43:33.1361422Z 
image	Construir imagem (também em pull requests)	2026-09-28T14:43:33.1362381Z #4 docker-image://docker.io/docker/dockerfile:1@sha256:ecfaec9ed6d810b56388c508f4121597bfbba70d41a6dfeee4d8cad5f295fc32
image	Construir imagem (também em pull requests)	2026-09-28T14:43:33.1363308Z #4 resolve docker.io/docker/dockerfile:1@sha256:ecfaec9ed6d810b56388c508f4121597bfbba70d41a6dfeee4d8cad5f295fc32 done
image	Construir imagem (também em pull requests)	2026-09-28T14:43:33.1390813Z #4 sha256:9f624ef51ad55db0ea52d755cc777566386156106fbb4f465eecb22c67ac55ed 2.10MB / 14.14MB 0.2s
image	Construir imagem (também em pull requests)	2026-09-28T14:43:33.3888803Z #4 sha256:9f624ef51ad55db0ea52d755cc777566386156106fbb4f465eecb22c67ac55ed 14.14MB / 14.14MB 0.3s done
image	Construir imagem (também em pull requests)	2026-09-28T14:43:33.5439934Z #4 extracting sha256:9f624ef51ad55db0ea52d755cc777566386156106fbb4f465eecb22c67ac55ed
image	Construir imagem (também em pull requests)	2026-09-28T14:43:33.6205409Z #4 extracting sha256:9f624ef51ad55db0ea52d755cc777566386156106fbb4f465eecb22c67ac55ed 0.2s done
image	Construir imagem (também em pull requests)	2026-09-28T14:43:33.6206195Z #4 DONE 0.6s
image	Construir imagem (também em pull requests)	2026-09-28T14:43:33.7261877Z 
image	Construir imagem (também em pull requests)	2026-09-28T14:43:33.7262522Z #5 [auth] library/maven:pull token for registry-1.docker.io
image	Construir imagem (também em pull requests)	2026-09-28T14:43:33.7262920Z #5 DONE 0.0s
image	Construir imagem (também em pull requests)	2026-09-28T14:43:33.7263093Z 
image	Construir imagem (também em pull requests)	2026-09-28T14:43:33.7263242Z #6 [auth] library/eclipse-temurin:pull token for registry-1.docker.io
image	Construir imagem (também em pull requests)	2026-09-28T14:43:33.8771386Z #6 DONE 0.0s
image	Construir imagem (também em pull requests)	2026-09-28T14:43:33.8771640Z 
image	Construir imagem (também em pull requests)	2026-09-28T14:43:33.8771957Z #7 [internal] load metadata for docker.io/library/eclipse-temurin:17-jre-jammy
image	Construir imagem (também em pull requests)	2026-09-28T14:43:34.4431835Z #7 ...
image	Construir imagem (também em pull requests)	2026-09-28T14:43:34.4432274Z 
image	Construir imagem (também em pull requests)	2026-09-28T14:43:34.4433359Z #8 [internal] load metadata for docker.io/library/maven:3.9-eclipse-temurin-17
image	Construir imagem (também em pull requests)	2026-09-28T14:43:34.4433984Z #8 DONE 0.8s
image	Construir imagem (também em pull requests)	2026-09-28T14:43:34.5810939Z 
image	Construir imagem (também em pull requests)	2026-09-28T14:43:34.5813695Z #7 [internal] load metadata for docker.io/library/eclipse-temurin:17-jre-jammy
image	Construir imagem (também em pull requests)	2026-09-28T14:43:34.5814367Z #7 DONE 0.9s
image	Construir imagem (também em pull requests)	2026-09-28T14:43:34.7397619Z 
image	Construir imagem (também em pull requests)	2026-09-28T14:43:34.7399216Z #9 [internal] load .dockerignore
image	Construir imagem (também em pull requests)	2026-09-28T14:43:34.7399663Z #9 transferring context: 156B done
image	Construir imagem (também em pull requests)	2026-09-28T14:43:34.7399976Z #9 DONE 0.0s
image	Construir imagem (também em pull requests)	2026-09-28T14:43:34.8503793Z 
image	Construir imagem (também em pull requests)	2026-09-28T14:43:34.8505445Z #10 importing cache manifest from gha:17306257426739733668
image	Construir imagem (também em pull requests)	2026-09-28T14:43:35.0102195Z #10 ...
image	Construir imagem (também em pull requests)	2026-09-28T14:43:35.0102704Z 
image	Construir imagem (também em pull requests)	2026-09-28T14:43:35.0102858Z #11 [internal] load build context
image	Construir imagem (também em pull requests)	2026-09-28T14:43:35.0103869Z #11 DONE 0.0s
image	Construir imagem (também em pull requests)	2026-09-28T14:43:35.0103976Z 
image	Construir imagem (também em pull requests)	2026-09-28T14:43:35.0104539Z #12 [build 1/8] FROM docker.io/library/maven:3.9-eclipse-temurin-17@sha256:f1ab639371711ac150c8e344bff7d39d8161c17a531b5dd653d3fa03af554807
image	Construir imagem (também em pull requests)	2026-09-28T14:43:35.0105341Z #12 resolve docker.io/library/maven:3.9-eclipse-temurin-17@sha256:f1ab639371711ac150c8e344bff7d39d8161c17a531b5dd653d3fa03af554807 done
image	Construir imagem (também em pull requests)	2026-09-28T14:43:35.0105828Z #12 DONE 0.0s
image	Construir imagem (também em pull requests)	2026-09-28T14:43:35.0106009Z 
image	Construir imagem (também em pull requests)	2026-09-28T14:43:35.0106350Z #13 [runtime 1/4] FROM docker.io/library/eclipse-temurin:17-jre-jammy@sha256:97137382c6f0c30427d9b7c44ad8b2d55ac823b0768c171d81a643ed219023c5
image	Construir imagem (também em pull requests)	2026-09-28T14:43:35.0107140Z #13 resolve docker.io/library/eclipse-temurin:17-jre-jammy@sha256:97137382c6f0c30427d9b7c44ad8b2d55ac823b0768c171d81a643ed219023c5 done
image	Construir imagem (também em pull requests)	2026-09-28T14:43:35.0107680Z #13 DONE 0.0s
image	Construir imagem (também em pull requests)	2026-09-28T14:43:35.0903410Z 
image	Construir imagem (também em pull requests)	2026-09-28T14:43:35.0904044Z #10 importing cache manifest from gha:17306257426739733668
image	Construir imagem (também em pull requests)	2026-09-28T14:43:35.0904780Z #10 DONE 0.2s
image	Construir imagem (também em pull requests)	2026-09-28T14:43:35.2775185Z 
image	Construir imagem (também em pull requests)	2026-09-28T14:43:35.2775969Z #11 [internal] load build context
image	Construir imagem (também em pull requests)	2026-09-28T14:43:35.2776486Z #11 transferring context: 146.11kB done
image	Construir imagem (também em pull requests)	2026-09-28T14:43:35.2776752Z #11 DONE 0.0s
image	Construir imagem (também em pull requests)	2026-09-28T14:43:35.2776893Z 
image	Construir imagem (também em pull requests)	2026-09-28T14:43:35.2776983Z #14 [build 5/8] COPY src/test ./src/test
image	Construir imagem (também em pull requests)	2026-09-28T14:43:35.2777269Z #14 CACHED
image	Construir imagem (também em pull requests)	2026-09-28T14:43:35.2777423Z 
image	Construir imagem (também em pull requests)	2026-09-28T14:43:35.2777567Z #15 [build 7/8] COPY data/esg_dataset.json ./data/esg_dataset.json
image	Construir imagem (também em pull requests)	2026-09-28T14:43:35.2777955Z #15 CACHED
image	Construir imagem (também em pull requests)	2026-09-28T14:43:35.2778052Z 
image	Construir imagem (também em pull requests)	2026-09-28T14:43:35.2778890Z #16 [runtime 2/4] RUN apt-get update && apt-get install -y --no-install-recommends curl     && rm -rf /var/lib/apt/lists/*     && groupadd --gid 10001 esg     && useradd --uid 10001 --gid esg --no-create-home esg     && mkdir -p /app/data && chown -R esg:esg /app
image	Construir imagem (também em pull requests)	2026-09-28T14:43:35.2779672Z #16 CACHED
image	Construir imagem (também em pull requests)	2026-09-28T14:43:35.2779964Z 
image	Construir imagem (também em pull requests)	2026-09-28T14:43:35.2780078Z #17 [build 2/8] WORKDIR /build
image	Construir imagem (também em pull requests)	2026-09-28T14:43:35.2780401Z #17 CACHED
image	Construir imagem (também em pull requests)	2026-09-28T14:43:35.2780560Z 
image	Construir imagem (também em pull requests)	2026-09-28T14:43:35.2780693Z #18 [build 4/8] COPY src/main ./src/main
image	Construir imagem (também em pull requests)	2026-09-28T14:43:35.2780997Z #18 CACHED
image	Construir imagem (também em pull requests)	2026-09-28T14:43:35.2781354Z 
image	Construir imagem (também em pull requests)	2026-09-28T14:43:35.2781488Z #19 [runtime 3/4] WORKDIR /app
image	Construir imagem (também em pull requests)	2026-09-28T14:43:35.2781819Z #19 CACHED
image	Construir imagem (também em pull requests)	2026-09-28T14:43:35.2781934Z 
image	Construir imagem (também em pull requests)	2026-09-28T14:43:35.2782083Z #20 [build 3/8] COPY pom.xml ./
image	Construir imagem (também em pull requests)	2026-09-28T14:43:35.2782354Z #20 CACHED
image	Construir imagem (também em pull requests)	2026-09-28T14:43:35.2782498Z 
image	Construir imagem (também em pull requests)	2026-09-28T14:43:35.2782617Z #21 [build 8/8] RUN mvn -B -ntp verify
image	Construir imagem (também em pull requests)	2026-09-28T14:43:35.2783230Z #21 CACHED
image	Construir imagem (também em pull requests)	2026-09-28T14:43:35.2783521Z 
image	Construir imagem (também em pull requests)	2026-09-28T14:43:35.2783674Z #22 [build 6/8] COPY public ./public
image	Construir imagem (também em pull requests)	2026-09-28T14:43:35.2783963Z #22 CACHED
image	Construir imagem (também em pull requests)	2026-09-28T14:43:35.2784112Z 
image	Construir imagem (também em pull requests)	2026-09-28T14:43:35.2784393Z #23 [runtime 4/4] COPY --from=build --chown=esg:esg /build/target/esg-app.jar /app/app.jar
image	Construir imagem (também em pull requests)	2026-09-28T14:43:35.3222830Z #23 CACHED
image	Construir imagem (também em pull requests)	2026-09-28T14:43:35.4831547Z 
image	Construir imagem (também em pull requests)	2026-09-28T14:43:35.4832066Z #24 exporting to docker image format
image	Construir imagem (também em pull requests)	2026-09-28T14:43:35.4832393Z #24 exporting layers done
image	Construir imagem (também em pull requests)	2026-09-28T14:43:35.4832940Z #24 exporting manifest sha256:2910bfa9e803cd1a8ec196e902aff4365e8dcf7279db7709f09e7cf03e015615 done
image	Construir imagem (também em pull requests)	2026-09-28T14:43:35.4833490Z #24 exporting config sha256:f48c2c28920c6d202ffade81cf19d599c7b47cc7d8434634cbf202112c651dc8 done
image	Construir imagem (também em pull requests)	2026-09-28T14:43:38.2693055Z #24 ...
image	Construir imagem (também em pull requests)	2026-09-28T14:43:38.2693319Z 
image	Construir imagem (também em pull requests)	2026-09-28T14:43:38.2693650Z #23 [runtime 4/4] COPY --from=build --chown=esg:esg /build/target/esg-app.jar /app/app.jar
image	Construir imagem (também em pull requests)	2026-09-28T14:43:38.2694182Z #23 sha256:0daf48a316c7745372ffcb9396951b330a22df7fbd2752a9ad05750efbb33ae4 21.34MB / 21.34MB 1.2s done
image	Construir imagem (também em pull requests)	2026-09-28T14:43:38.2694777Z #23 sha256:7efdfff802089e5672763eaaa12b49fb3551a64311ed552a0905bd616d7ab440 159B / 159B 0.2s done
image	Construir imagem (também em pull requests)	2026-09-28T14:43:38.2695367Z #23 sha256:55961032bbfae8434221ad0a485be57cde39680632ed83602856790d30df4ff1 4.70kB / 4.70kB 0.1s done
image	Construir imagem (também em pull requests)	2026-09-28T14:43:38.2695951Z #23 sha256:4f4fb700ef54461cfa02571ae0db9a0dc1e0cdb5577484a6d75e68dc38e8acc1 32B / 32B 0.2s done
image	Construir imagem (também em pull requests)	2026-09-28T14:43:38.2696472Z #23 sha256:20c3783cc497b5b0df1fc5f92bd64c3d2fbb24057c88692c8fda205b6ea8a2f2 29.75MB / 29.75MB 1.8s done
image	Construir imagem (também em pull requests)	2026-09-28T14:43:38.2697214Z #23 sha256:283c139709fe7bcd89a1cc7c302b901b0d9729aaa0536d1eaa8d46d48c8e9cd6 16.11MB / 16.11MB 1.0s done
image	Construir imagem (também em pull requests)	2026-09-28T14:43:38.2697758Z #23 sha256:71f9afa6775117e2e3d8d347cdc35c7ce4d32d22852ff1e8bbda497f2c4c61c6 47.52MB / 47.52MB 2.5s done
image	Construir imagem (também em pull requests)	2026-09-28T14:43:38.2698300Z #23 sha256:578a92f1fad0d0d855eaa30b7cbd35f8a8d381413fb0ce57f6ba8b556a7d8a76 2.46kB / 2.46kB 0.1s done
image	Construir imagem (também em pull requests)	2026-09-28T14:43:38.2698728Z #23 DONE 3.1s
image	Construir imagem (também em pull requests)	2026-09-28T14:43:38.4229228Z 
image	Construir imagem (também em pull requests)	2026-09-28T14:43:38.4230608Z #24 exporting to docker image format
image	Construir imagem (também em pull requests)	2026-09-28T14:43:38.4232427Z #24 sending tarball
image	Construir imagem (também em pull requests)	2026-09-28T14:43:43.9134115Z #24 ...
image	Construir imagem (também em pull requests)	2026-09-28T14:43:43.9134523Z 
image	Construir imagem (também em pull requests)	2026-09-28T14:43:43.9134641Z #25 importing to docker
image	Construir imagem (também em pull requests)	2026-09-28T14:43:43.9134982Z #25 loading layer d5878fe0c5eb 163.84kB / 16.11MB
image	Construir imagem (também em pull requests)	2026-09-28T14:43:43.9135353Z #25 loading layer 47cdf397e38d 491.52kB / 47.52MB
image	Construir imagem (também em pull requests)	2026-09-28T14:43:43.9135683Z #25 loading layer fada8f6cd3ba 159B / 159B
image	Construir imagem (também em pull requests)	2026-09-28T14:43:43.9136118Z #25 loading layer 3369dc194fd5 2.46kB / 2.46kB
image	Construir imagem (também em pull requests)	2026-09-28T14:43:43.9136453Z #25 loading layer deb90161a20d 4.70kB / 4.70kB
image	Construir imagem (também em pull requests)	2026-09-28T14:43:43.9136762Z #25 loading layer 5f70bf18a086 32B / 32B
image	Construir imagem (também em pull requests)	2026-09-28T14:43:43.9137086Z #25 loading layer 93575436d199 229.38kB / 21.34MB
image	Construir imagem (também em pull requests)	2026-09-28T14:43:44.0457013Z #25 loading layer 3369dc194fd5 2.46kB / 2.46kB 0.7s done
image	Construir imagem (também em pull requests)	2026-09-28T14:43:44.1973843Z #25 loading layer d5878fe0c5eb 16.11MB / 16.11MB 5.3s done
image	Construir imagem (também em pull requests)	2026-09-28T14:43:44.1974446Z #25 loading layer 47cdf397e38d 47.52MB / 47.52MB 2.3s done
image	Construir imagem (também em pull requests)	2026-09-28T14:43:44.1975005Z #25 loading layer fada8f6cd3ba 159B / 159B 0.8s done
image	Construir imagem (também em pull requests)	2026-09-28T14:43:44.1975383Z #25 loading layer deb90161a20d 4.70kB / 4.70kB 0.7s done
image	Construir imagem (também em pull requests)	2026-09-28T14:43:44.1975729Z #25 loading layer 5f70bf18a086 32B / 32B 0.6s done
image	Construir imagem (também em pull requests)	2026-09-28T14:43:44.1976149Z #25 loading layer 93575436d199 21.34MB / 21.34MB 0.4s done
image	Construir imagem (também em pull requests)	2026-09-28T14:43:44.1976471Z #25 DONE 5.3s
image	Construir imagem (também em pull requests)	2026-09-28T14:43:44.1976631Z 
image	Construir imagem (também em pull requests)	2026-09-28T14:43:44.1976784Z #24 exporting to docker image format
image	Construir imagem (também em pull requests)	2026-09-28T14:43:44.1977118Z #24 sending tarball 5.8s done
image	Construir imagem (também em pull requests)	2026-09-28T14:43:44.1977442Z #24 DONE 8.7s
image	Construir imagem (também em pull requests)	2026-09-28T14:43:44.1978106Z 
image	Construir imagem (também em pull requests)	2026-09-28T14:43:44.1978301Z #26 exporting to GitHub Actions Cache
image	Construir imagem (também em pull requests)	2026-09-28T14:43:44.1978606Z #26 preparing build cache for export
image	Construir imagem (também em pull requests)	2026-09-28T14:43:45.0640771Z #26 preparing build cache for export 1.0s done
image	Construir imagem (também em pull requests)	2026-09-28T14:43:45.0641446Z #26 sending cache export
image	Construir imagem (também em pull requests)	2026-09-28T14:43:46.8838413Z #26 sending cache export 1.8s done
image	Construir imagem (também em pull requests)	2026-09-28T14:43:46.8838979Z #26 DONE 2.8s
image	Construir imagem (também em pull requests)	2026-09-28T14:43:46.9211502Z 
image	Construir imagem (também em pull requests)	2026-09-28T14:43:46.9212070Z #27 resolving provenance for metadata file
image	Construir imagem (também em pull requests)	2026-09-28T14:43:46.9212442Z #27 DONE 0.0s
image	Construir imagem (também em pull requests)	2026-09-28T14:43:46.9267817Z ##[group]ImageID
image	Construir imagem (também em pull requests)	2026-09-28T14:43:46.9268625Z sha256:f48c2c28920c6d202ffade81cf19d599c7b47cc7d8434634cbf202112c651dc8
image	Construir imagem (também em pull requests)	2026-09-28T14:43:46.9269536Z ##[endgroup]
image	Construir imagem (também em pull requests)	2026-09-28T14:43:46.9270163Z ##[group]Digest
image	Construir imagem (também em pull requests)	2026-09-28T14:43:46.9270644Z sha256:2910bfa9e803cd1a8ec196e902aff4365e8dcf7279db7709f09e7cf03e015615
image	Construir imagem (também em pull requests)	2026-09-28T14:43:46.9271926Z ##[endgroup]
image	Construir imagem (também em pull requests)	2026-09-28T14:43:46.9272505Z ##[group]Metadata
image	Construir imagem (também em pull requests)	2026-09-28T14:43:46.9278747Z ::stop-commands::***
image	Construir imagem (também em pull requests)	2026-09-28T14:43:46.9279076Z {
image	Construir imagem (também em pull requests)	2026-09-28T14:43:46.9279458Z   "buildx.build.provenance": {
image	Construir imagem (também em pull requests)	2026-09-28T14:43:46.9279767Z     "builder": {
image	Construir imagem (também em pull requests)	2026-09-28T14:43:46.9280059Z       "id": ""
image	Construir imagem (também em pull requests)	2026-09-28T14:43:46.9280293Z     },
image	Construir imagem (também em pull requests)	2026-09-28T14:43:46.9280612Z     "buildType": "https://mobyproject.org/buildkit@v1",
image	Construir imagem (também em pull requests)	2026-09-28T14:43:46.9280961Z     "materials": [
image	Construir imagem (também em pull requests)	2026-09-28T14:43:46.9281451Z       {
image	Construir imagem (também em pull requests)	2026-09-28T14:43:46.9281808Z         "uri": "pkg:docker/docker/dockerfile@1",
image	Construir imagem (também em pull requests)	2026-09-28T14:43:46.9282149Z         "digest": {
image	Construir imagem (também em pull requests)	2026-09-28T14:43:46.9282555Z           "sha256": "ecfaec9ed6d810b56388c508f4121597bfbba70d41a6dfeee4d8cad5f295fc32"
image	Construir imagem (também em pull requests)	2026-09-28T14:43:46.9283094Z         }
image	Construir imagem (também em pull requests)	2026-09-28T14:43:46.9283372Z       },
image	Construir imagem (também em pull requests)	2026-09-28T14:43:46.9283671Z       {
image	Construir imagem (também em pull requests)	2026-09-28T14:43:46.9284047Z         "uri": "pkg:docker/eclipse-temurin@17-jre-jammy?platform=linux%2Famd64",
image	Construir imagem (também em pull requests)	2026-09-28T14:43:46.9284465Z         "digest": {
image	Construir imagem (também em pull requests)	2026-09-28T14:43:46.9284872Z           "sha256": "97137382c6f0c30427d9b7c44ad8b2d55ac823b0768c171d81a643ed219023c5"
image	Construir imagem (também em pull requests)	2026-09-28T14:43:46.9285510Z         }
image	Construir imagem (também em pull requests)	2026-09-28T14:43:46.9285758Z       },
image	Construir imagem (também em pull requests)	2026-09-28T14:43:46.9286010Z       {
image	Construir imagem (também em pull requests)	2026-09-28T14:43:46.9286293Z         "uri": "pkg:docker/maven@3.9-eclipse-temurin-17?platform=linux%2Famd64",
image	Construir imagem (também em pull requests)	2026-09-28T14:43:46.9286652Z         "digest": {
image	Construir imagem (também em pull requests)	2026-09-28T14:43:46.9286991Z           "sha256": "f1ab639371711ac150c8e344bff7d39d8161c17a531b5dd653d3fa03af554807"
image	Construir imagem (também em pull requests)	2026-09-28T14:43:46.9287336Z         }
image	Construir imagem (também em pull requests)	2026-09-28T14:43:46.9287603Z       }
image	Construir imagem (também em pull requests)	2026-09-28T14:43:46.9287895Z     ],
image	Construir imagem (também em pull requests)	2026-09-28T14:43:46.9288203Z     "invocation": {
image	Construir imagem (também em pull requests)	2026-09-28T14:43:46.9288445Z       "configSource": {
image	Construir imagem (também em pull requests)	2026-09-28T14:43:46.9288725Z         "entryPoint": "Dockerfile"
image	Construir imagem (também em pull requests)	2026-09-28T14:43:46.9288996Z       },
image	Construir imagem (também em pull requests)	2026-09-28T14:43:46.9289215Z       "parameters": {
image	Construir imagem (também em pull requests)	2026-09-28T14:43:46.9289621Z         "frontend": "gateway.v0",
image	Construir imagem (também em pull requests)	2026-09-28T14:43:46.9290004Z         "args": {
image	Construir imagem (também em pull requests)	2026-09-28T14:43:46.9290421Z           "build-arg:APP_VERSION": "461ffa3eea37b904018856681c4fbea1cdc2c8b8",
image	Construir imagem (também em pull requests)	2026-09-28T14:43:46.9290805Z           "cmdline": "docker/dockerfile:1",
image	Construir imagem (também em pull requests)	2026-09-28T14:43:46.9291451Z           "label:org.opencontainers.image.source": "https://github.com/Kalicon/ecohospital-esg-cicd",
image	Construir imagem (também em pull requests)	2026-09-28T14:43:46.9292142Z           "source": "docker/dockerfile:1"
image	Construir imagem (também em pull requests)	2026-09-28T14:43:46.9292566Z         },
image	Construir imagem (também em pull requests)	2026-09-28T14:43:46.9292913Z         "locals": [
image	Construir imagem (também em pull requests)	2026-09-28T14:43:46.9293245Z           {
image	Construir imagem (também em pull requests)	2026-09-28T14:43:46.9293550Z             "name": "context"
image	Construir imagem (também em pull requests)	2026-09-28T14:43:46.9293890Z           },
image	Construir imagem (também em pull requests)	2026-09-28T14:43:46.9294126Z           {
image	Construir imagem (também em pull requests)	2026-09-28T14:43:46.9294458Z             "name": "dockerfile"
image	Construir imagem (também em pull requests)	2026-09-28T14:43:46.9294820Z           }
image	Construir imagem (também em pull requests)	2026-09-28T14:43:46.9295096Z         ],
image	Construir imagem (também em pull requests)	2026-09-28T14:43:46.9295434Z         "root": {
image	Construir imagem (também em pull requests)	2026-09-28T14:43:46.9295753Z           "configSource": {
image	Construir imagem (também em pull requests)	2026-09-28T14:43:46.9296087Z             "path": "Dockerfile"
image	Construir imagem (também em pull requests)	2026-09-28T14:43:46.9296466Z           },
image	Construir imagem (também em pull requests)	2026-09-28T14:43:46.9296739Z           "request": {
image	Construir imagem (também em pull requests)	2026-09-28T14:43:46.9297104Z             "args": {
image	Construir imagem (também em pull requests)	2026-09-28T14:43:46.9297544Z               "build-arg:APP_VERSION": "461ffa3eea37b904018856681c4fbea1cdc2c8b8",
image	Construir imagem (também em pull requests)	2026-09-28T14:43:46.9298174Z               "label:org.opencontainers.image.source": "https://github.com/Kalicon/ecohospital-esg-cicd",
image	Construir imagem (também em pull requests)	2026-09-28T14:43:46.9298827Z               "vcs:localdir:context": ".",
image	Construir imagem (também em pull requests)	2026-09-28T14:43:46.9299322Z               "vcs:localdir:dockerfile": ".",
image	Construir imagem (também em pull requests)	2026-09-28T14:43:46.9299826Z               "vcs:revision": "461ffa3eea37b904018856681c4fbea1cdc2c8b8",
image	Construir imagem (também em pull requests)	2026-09-28T14:43:46.9300560Z               "vcs:source": "https://github.com/Kalicon/ecohospital-esg-cicd"
image	Construir imagem (também em pull requests)	2026-09-28T14:43:46.9301003Z             }
image	Construir imagem (também em pull requests)	2026-09-28T14:43:46.9301770Z           }
image	Construir imagem (também em pull requests)	2026-09-28T14:43:46.9302062Z         },
image	Construir imagem (também em pull requests)	2026-09-28T14:43:46.9302467Z         "compatibilityVersion": 30
image	Construir imagem (também em pull requests)	2026-09-28T14:43:46.9302819Z       },
image	Construir imagem (também em pull requests)	2026-09-28T14:43:46.9303118Z       "environment": {
image	Construir imagem (também em pull requests)	2026-09-28T14:43:46.9303468Z         "github_actor": "Kalicon",
image	Construir imagem (também em pull requests)	2026-09-28T14:43:46.9303851Z         "github_actor_id": "216019873",
image	Construir imagem (também em pull requests)	2026-09-28T14:43:46.9304243Z         "github_event_name": "push",
image	Construir imagem (também em pull requests)	2026-09-28T14:43:46.9304644Z         "github_event_payload": {
image	Construir imagem (também em pull requests)	2026-09-28T14:43:46.9305044Z           "after": "461ffa3eea37b904018856681c4fbea1cdc2c8b8",
image	Construir imagem (também em pull requests)	2026-09-28T14:43:46.9305439Z           "base_ref": null,
image	Construir imagem (também em pull requests)	2026-09-28T14:43:46.9305839Z           "before": "50d9be792958a037ed138fa1421f913d9d058e72",
image	Construir imagem (também em pull requests)	2026-09-28T14:43:46.9306266Z           "commits": [
image	Construir imagem (também em pull requests)	2026-09-28T14:43:46.9306565Z             {
image	Construir imagem (também em pull requests)	2026-09-28T14:43:46.9306890Z               "author": {
image	Construir imagem (também em pull requests)	2026-09-28T14:43:46.9307271Z                 "email": "216019873+Kalicon@users.noreply.github.com",
image	Construir imagem (também em pull requests)	2026-09-28T14:43:46.9307738Z                 "name": "Kalicon Amorim",
image	Construir imagem (também em pull requests)	2026-09-28T14:43:46.9308110Z                 "username": "Kalicon"
image	Construir imagem (também em pull requests)	2026-09-28T14:43:46.9308534Z               },
image	Construir imagem (também em pull requests)	2026-09-28T14:43:46.9308896Z               "committer": {
image	Construir imagem (também em pull requests)	2026-09-28T14:43:46.9309284Z                 "email": "216019873+Kalicon@users.noreply.github.com",
image	Construir imagem (também em pull requests)	2026-09-28T14:43:46.9309728Z                 "name": "Kalicon Amorim",
image	Construir imagem (também em pull requests)	2026-09-28T14:43:46.9310271Z                 "username": "Kalicon"
image	Construir imagem (também em pull requests)	2026-09-28T14:43:46.9310624Z               },
image	Construir imagem (também em pull requests)	2026-09-28T14:43:46.9310843Z               "distinct": true,
image	Construir imagem (também em pull requests)	2026-09-28T14:43:46.9311445Z               "id": "461ffa3eea37b904018856681c4fbea1cdc2c8b8",
image	Construir imagem (também em pull requests)	2026-09-28T14:43:46.9311858Z               "message": "Preserva descoberta do plugin Compose no runner Windows",
image	Construir imagem (também em pull requests)	2026-09-28T14:43:46.9312264Z               "timestamp": "2026-09-28T11:41:26-03:00",
image	Construir imagem (também em pull requests)	2026-09-28T14:43:46.9312593Z               "tree_id": "b575922afcc4d51ece7cd53eb5d56ca863f70d3a",
image	Construir imagem (também em pull requests)	2026-09-28T14:43:46.9313102Z               "url": "https://github.com/Kalicon/ecohospital-esg-cicd/commit/461ffa3eea37b904018856681c4fbea1cdc2c8b8"
image	Construir imagem (também em pull requests)	2026-09-28T14:43:46.9313745Z             }
image	Construir imagem (também em pull requests)	2026-09-28T14:43:46.9314011Z           ],
image	Construir imagem (também em pull requests)	2026-09-28T14:43:46.9314578Z           "compare": "https://github.com/Kalicon/ecohospital-esg-cicd/compare/50d9be792958...461ffa3eea37",
image	Construir imagem (também em pull requests)	2026-09-28T14:43:46.9315172Z           "created": false,
image	Construir imagem (também em pull requests)	2026-09-28T14:43:46.9315541Z           "deleted": false,
image	Construir imagem (também em pull requests)	2026-09-28T14:43:46.9315930Z           "forced": false,
image	Construir imagem (também em pull requests)	2026-09-28T14:43:46.9316261Z           "head_commit": {
image	Construir imagem (também em pull requests)	2026-09-28T14:43:46.9316568Z             "author": {
image	Construir imagem (também em pull requests)	2026-09-28T14:43:46.9316925Z               "email": "216019873+Kalicon@users.noreply.github.com",
image	Construir imagem (também em pull requests)	2026-09-28T14:43:46.9317308Z               "name": "Kalicon Amorim",
image	Construir imagem (também em pull requests)	2026-09-28T14:43:46.9317705Z               "username": "Kalicon"
image	Construir imagem (também em pull requests)	2026-09-28T14:43:46.9318044Z             },
image	Construir imagem (também em pull requests)	2026-09-28T14:43:46.9318391Z             "committer": {
image	Construir imagem (também em pull requests)	2026-09-28T14:43:46.9318765Z               "email": "216019873+Kalicon@users.noreply.github.com",
image	Construir imagem (também em pull requests)	2026-09-28T14:43:46.9319189Z               "name": "Kalicon Amorim",
image	Construir imagem (também em pull requests)	2026-09-28T14:43:46.9319571Z               "username": "Kalicon"
image	Construir imagem (também em pull requests)	2026-09-28T14:43:46.9319871Z             },
image	Construir imagem (também em pull requests)	2026-09-28T14:43:46.9320132Z             "distinct": true,
image	Construir imagem (também em pull requests)	2026-09-28T14:43:46.9320518Z             "id": "461ffa3eea37b904018856681c4fbea1cdc2c8b8",
image	Construir imagem (também em pull requests)	2026-09-28T14:43:46.9320962Z             "message": "Preserva descoberta do plugin Compose no runner Windows",
image	Construir imagem (também em pull requests)	2026-09-28T14:43:46.9321608Z             "timestamp": "2026-09-28T11:41:26-03:00",
image	Construir imagem (também em pull requests)	2026-09-28T14:43:46.9322006Z             "tree_id": "b575922afcc4d51ece7cd53eb5d56ca863f70d3a",
image	Construir imagem (também em pull requests)	2026-09-28T14:43:46.9322615Z             "url": "https://github.com/Kalicon/ecohospital-esg-cicd/commit/461ffa3eea37b904018856681c4fbea1cdc2c8b8"
image	Construir imagem (também em pull requests)	2026-09-28T14:43:46.9323237Z           },
image	Construir imagem (também em pull requests)	2026-09-28T14:43:46.9323483Z           "pusher": {
image	Construir imagem (também em pull requests)	2026-09-28T14:43:46.9323825Z             "email": "kalicon.amorim@hotmail.com",
image	Construir imagem (também em pull requests)	2026-09-28T14:43:46.9324359Z             "name": "Kalicon"
image	Construir imagem (também em pull requests)	2026-09-28T14:43:46.9324653Z           },
image	Construir imagem (também em pull requests)	2026-09-28T14:43:46.9324922Z           "ref": "refs/heads/main",
image	Construir imagem (também em pull requests)	2026-09-28T14:43:46.9325268Z           "repository": {
image	Construir imagem (também em pull requests)	2026-09-28T14:43:46.9325602Z             "allow_forking": true,
image	Construir imagem (também em pull requests)	2026-09-28T14:43:46.9326176Z             "archive_url": "https://api.github.com/repos/Kalicon/ecohospital-esg-cicd/{archive_format}{/ref}",
image	Construir imagem (também em pull requests)	2026-09-28T14:43:46.9326711Z             "archived": false,
image	Construir imagem (também em pull requests)	2026-09-28T14:43:46.9327220Z             "assignees_url": "https://api.github.com/repos/Kalicon/ecohospital-esg-cicd/assignees{/user}",
image	Construir imagem (também em pull requests)	2026-09-28T14:43:46.9327969Z             "blobs_url": "https://api.github.com/repos/Kalicon/ecohospital-esg-cicd/git/blobs{/sha}",
image	Construir imagem (também em pull requests)	2026-09-28T14:43:46.9328734Z             "branches_url": "https://api.github.com/repos/Kalicon/ecohospital-esg-cicd/branches{/branch}",
image	Construir imagem (também em pull requests)	2026-09-28T14:43:46.9329378Z             "clone_url": "https://github.com/Kalicon/ecohospital-esg-cicd.git",
image	Construir imagem (também em pull requests)	2026-09-28T14:43:46.9330078Z             "collaborators_url": "https://api.github.com/repos/Kalicon/ecohospital-esg-cicd/collaborators{/collaborator}",
image	Construir imagem (também em pull requests)	2026-09-28T14:43:46.9330788Z             "comments_url": "https://api.github.com/repos/Kalicon/ecohospital-esg-cicd/comments{/number}",
image	Construir imagem (também em pull requests)	2026-09-28T14:43:46.9331805Z             "commits_url": "https://api.github.com/repos/Kalicon/ecohospital-esg-cicd/commits{/sha}",
image	Construir imagem (também em pull requests)	2026-09-28T14:43:46.9332468Z             "compare_url": "https://api.github.com/repos/Kalicon/ecohospital-esg-cicd/compare/{base}...{head}",
image	Construir imagem (também em pull requests)	2026-09-28T14:43:46.9333467Z             "contents_url": "https://api.github.com/repos/Kalicon/ecohospital-esg-cicd/contents/{+path}",
image	Construir imagem (também em pull requests)	2026-09-28T14:43:46.9334010Z             "contributors_url": "https://api.github.com/repos/Kalicon/ecohospital-esg-cicd/contributors",
image	Construir imagem (também em pull requests)	2026-09-28T14:43:46.9334429Z             "created_at": 1790604030,
image	Construir imagem (também em pull requests)	2026-09-28T14:43:46.9334734Z             "default_branch": "main",
image	Construir imagem (também em pull requests)	2026-09-28T14:43:46.9335154Z             "deployments_url": "https://api.github.com/repos/Kalicon/ecohospital-esg-cicd/deployments",
image	Construir imagem (também em pull requests)	2026-09-28T14:43:46.9335998Z             "description": "EcoHospital Smart: Java Spring Boot, Docker e CI/CD acadêmico com staging e produção",
image	Construir imagem (também em pull requests)	2026-09-28T14:43:46.9336582Z             "disabled": false,
image	Construir imagem (também em pull requests)	2026-09-28T14:43:46.9336968Z             "downloads_url": "https://api.github.com/repos/Kalicon/ecohospital-esg-cicd/downloads",
image	Construir imagem (também em pull requests)	2026-09-28T14:43:46.9337493Z             "events_url": "https://api.github.com/repos/Kalicon/ecohospital-esg-cicd/events",
image	Construir imagem (também em pull requests)	2026-09-28T14:43:46.9337944Z             "fork": false,
image	Construir imagem (também em pull requests)	2026-09-28T14:43:46.9338217Z             "forks": 0,
image	Construir imagem (também em pull requests)	2026-09-28T14:43:46.9338468Z             "forks_count": 0,
image	Construir imagem (também em pull requests)	2026-09-28T14:43:46.9338853Z             "forks_url": "https://api.github.com/repos/Kalicon/ecohospital-esg-cicd/forks",
image	Construir imagem (também em pull requests)	2026-09-28T14:43:46.9339290Z             "full_name": "Kalicon/ecohospital-esg-cicd",
image	Construir imagem (também em pull requests)	2026-09-28T14:43:46.9339770Z             "git_commits_url": "https://api.github.com/repos/Kalicon/ecohospital-esg-cicd/git/commits{/sha}",
image	Construir imagem (também em pull requests)	2026-09-28T14:43:46.9340303Z             "git_refs_url": "https://api.github.com/repos/Kalicon/ecohospital-esg-cicd/git/refs{/sha}",
image	Construir imagem (também em pull requests)	2026-09-28T14:43:46.9340856Z             "git_tags_url": "https://api.github.com/repos/Kalicon/ecohospital-esg-cicd/git/tags{/sha}",
image	Construir imagem (também em pull requests)	2026-09-28T14:43:46.9341481Z             "git_url": "git://github.com/Kalicon/ecohospital-esg-cicd.git",
image	Construir imagem (também em pull requests)	2026-09-28T14:43:46.9341838Z             "has_discussions": false,
image	Construir imagem (também em pull requests)	2026-09-28T14:43:46.9342121Z             "has_downloads": true,
image	Construir imagem (também em pull requests)	2026-09-28T14:43:46.9342382Z             "has_issues": true,
image	Construir imagem (também em pull requests)	2026-09-28T14:43:46.9342634Z             "has_pages": false,
image	Construir imagem (também em pull requests)	2026-09-28T14:43:46.9342911Z             "has_projects": true,
image	Construir imagem (também em pull requests)	2026-09-28T14:43:46.9343169Z             "has_pull_requests": true,
image	Construir imagem (também em pull requests)	2026-09-28T14:43:46.9343463Z             "has_wiki": true,
image	Construir imagem (também em pull requests)	2026-09-28T14:43:46.9343706Z             "homepage": null,
image	Construir imagem (também em pull requests)	2026-09-28T14:43:46.9344096Z             "hooks_url": "https://api.github.com/repos/Kalicon/ecohospital-esg-cicd/hooks",
image	Construir imagem (também em pull requests)	2026-09-28T14:43:46.9344662Z             "html_url": "https://github.com/Kalicon/ecohospital-esg-cicd",
image	Construir imagem (também em pull requests)	2026-09-28T14:43:46.9344993Z             "id": 1392867924,
image	Construir imagem (também em pull requests)	2026-09-28T14:43:46.9345291Z             "is_template": false,
image	Construir imagem (também em pull requests)	2026-09-28T14:43:46.9345713Z             "issue_comment_url": "https://api.github.com/repos/Kalicon/ecohospital-esg-cicd/issues/comments{/number}",
image	Construir imagem (também em pull requests)	2026-09-28T14:43:46.9346285Z             "issue_events_url": "https://api.github.com/repos/Kalicon/ecohospital-esg-cicd/issues/events{/number}",
image	Construir imagem (também em pull requests)	2026-09-28T14:43:46.9346872Z             "issues_url": "https://api.github.com/repos/Kalicon/ecohospital-esg-cicd/issues{/number}",
image	Construir imagem (também em pull requests)	2026-09-28T14:43:46.9347366Z             "keys_url": "https://api.github.com/repos/Kalicon/ecohospital-esg-cicd/keys{/key_id}",
image	Construir imagem (também em pull requests)	2026-09-28T14:43:46.9347897Z             "labels_url": "https://api.github.com/repos/Kalicon/ecohospital-esg-cicd/labels{/name}",
image	Construir imagem (também em pull requests)	2026-09-28T14:43:46.9348520Z             "language": "JavaScript",
image	Construir imagem (também em pull requests)	2026-09-28T14:43:46.9348954Z             "languages_url": "https://api.github.com/repos/Kalicon/ecohospital-esg-cicd/languages",
image	Construir imagem (também em pull requests)	2026-09-28T14:43:46.9349371Z             "license": null,
image	Construir imagem (também em pull requests)	2026-09-28T14:43:46.9349638Z             "master_branch": "main",
image	Construir imagem (também em pull requests)	2026-09-28T14:43:46.9350046Z             "merges_url": "https://api.github.com/repos/Kalicon/ecohospital-esg-cicd/merges",
image	Construir imagem (também em pull requests)	2026-09-28T14:43:46.9350615Z             "milestones_url": "https://api.github.com/repos/Kalicon/ecohospital-esg-cicd/milestones{/number}",
image	Construir imagem (também em pull requests)	2026-09-28T14:43:46.9351216Z             "mirror_url": null,
image	Construir imagem (também em pull requests)	2026-09-28T14:43:46.9351608Z             "name": "ecohospital-esg-cicd",
image	Construir imagem (também em pull requests)	2026-09-28T14:43:46.9351913Z             "node_id": "R_kgDOUwV6VA",
image	Construir imagem (também em pull requests)	2026-09-28T14:43:46.9352675Z             "notifications_url": "https://api.github.com/repos/Kalicon/ecohospital-esg-cicd/notifications{?since,all,participating}",
image	Construir imagem (também em pull requests)	2026-09-28T14:43:46.9353305Z             "open_issues": 0,
image	Construir imagem (também em pull requests)	2026-09-28T14:43:46.9353662Z             "open_issues_count": 0,
image	Construir imagem (também em pull requests)	2026-09-28T14:43:46.9353964Z             "owner": {
image	Construir imagem (também em pull requests)	2026-09-28T14:43:46.9354377Z               "avatar_url": "https://avatars.githubusercontent.com/u/216019873?v=4",
image	Construir imagem (também em pull requests)	2026-09-28T14:43:46.9354756Z               "email": "kalicon.amorim@hotmail.com",
image	Construir imagem (também em pull requests)	2026-09-28T14:43:46.9355170Z               "events_url": "https://api.github.com/users/Kalicon/events{/privacy}",
image	Construir imagem (também em pull requests)	2026-09-28T14:43:46.9355581Z               "followers_url": "https://api.github.com/users/Kalicon/followers",
image	Construir imagem (também em pull requests)	2026-09-28T14:43:46.9355997Z               "following_url": "https://api.github.com/users/Kalicon/following{/other_user}",
image	Construir imagem (também em pull requests)	2026-09-28T14:43:46.9356448Z               "gists_url": "https://api.github.com/users/Kalicon/gists{/gist_id}",
image	Construir imagem (também em pull requests)	2026-09-28T14:43:46.9356789Z               "gravatar_id": "",
image	Construir imagem (também em pull requests)	2026-09-28T14:43:46.9357132Z               "html_url": "https://github.com/Kalicon",
image	Construir imagem (também em pull requests)	2026-09-28T14:43:46.9357414Z               "id": 216019873,
image	Construir imagem (também em pull requests)	2026-09-28T14:43:46.9357652Z               "login": "Kalicon",
image	Construir imagem (também em pull requests)	2026-09-28T14:43:46.9357937Z               "name": "Kalicon",
image	Construir imagem (também em pull requests)	2026-09-28T14:43:46.9358204Z               "node_id": "U_kgDODOAzoQ",
image	Construir imagem (também em pull requests)	2026-09-28T14:43:46.9358555Z               "organizations_url": "https://api.github.com/users/Kalicon/orgs",
image	Construir imagem (também em pull requests)	2026-09-28T14:43:46.9359072Z               "received_events_url": "https://api.github.com/users/Kalicon/received_events",
image	Construir imagem (também em pull requests)	2026-09-28T14:43:46.9359490Z               "repos_url": "https://api.github.com/users/Kalicon/repos",
image	Construir imagem (também em pull requests)	2026-09-28T14:43:46.9359850Z               "site_admin": false,
image	Construir imagem (também em pull requests)	2026-09-28T14:43:46.9360214Z               "starred_url": "https://api.github.com/users/Kalicon/starred{/owner}{/repo}",
image	Construir imagem (também em pull requests)	2026-09-28T14:43:46.9360674Z               "subscriptions_url": "https://api.github.com/users/Kalicon/subscriptions",
image	Construir imagem (também em pull requests)	2026-09-28T14:43:46.9361186Z               "type": "User",
image	Construir imagem (também em pull requests)	2026-09-28T14:43:46.9361516Z               "url": "https://api.github.com/users/Kalicon",
image	Construir imagem (também em pull requests)	2026-09-28T14:43:46.9361852Z               "user_view_type": "public"
image	Construir imagem (também em pull requests)	2026-09-28T14:43:46.9362105Z             },
image	Construir imagem (também em pull requests)	2026-09-28T14:43:46.9362349Z             "private": false,
image	Construir imagem (também em pull requests)	2026-09-28T14:43:46.9362653Z             "pull_request_creation_policy": "all",
image	Construir imagem (também em pull requests)	2026-09-28T14:43:46.9363135Z             "pulls_url": "https://api.github.com/repos/Kalicon/ecohospital-esg-cicd/pulls{/number}",
image	Construir imagem (também em pull requests)	2026-09-28T14:43:46.9363550Z             "pushed_at": 1790606555,
image	Construir imagem (também em pull requests)	2026-09-28T14:43:46.9364518Z             "releases_url": "https://api.github.com/repos/Kalicon/ecohospital-esg-cicd/releases{/id}",
image	Construir imagem (também em pull requests)	2026-09-28T14:43:46.9364920Z             "size": 0,
image	Construir imagem (também em pull requests)	2026-09-28T14:43:46.9365224Z             "ssh_url": "git@github.com:Kalicon/ecohospital-esg-cicd.git",
image	Construir imagem (também em pull requests)	2026-09-28T14:43:46.9365574Z             "stargazers": 0,
image	Construir imagem (também em pull requests)	2026-09-28T14:43:46.9365851Z             "stargazers_count": 0,
image	Construir imagem (também em pull requests)	2026-09-28T14:43:46.9366241Z             "stargazers_url": "https://api.github.com/repos/Kalicon/ecohospital-esg-cicd/stargazers",
image	Construir imagem (também em pull requests)	2026-09-28T14:43:46.9366743Z             "statuses_url": "https://api.github.com/repos/Kalicon/ecohospital-esg-cicd/statuses/{sha}",
image	Construir imagem (também em pull requests)	2026-09-28T14:43:46.9367256Z             "subscribers_url": "https://api.github.com/repos/Kalicon/ecohospital-esg-cicd/subscribers",
image	Construir imagem (também em pull requests)	2026-09-28T14:43:46.9367807Z             "subscription_url": "https://api.github.com/repos/Kalicon/ecohospital-esg-cicd/subscription",
image	Construir imagem (também em pull requests)	2026-09-28T14:43:46.9368307Z             "svn_url": "https://github.com/Kalicon/ecohospital-esg-cicd",
image	Construir imagem (também em pull requests)	2026-09-28T14:43:46.9368758Z             "tags_url": "https://api.github.com/repos/Kalicon/ecohospital-esg-cicd/tags",
image	Construir imagem (também em pull requests)	2026-09-28T14:43:46.9369255Z             "teams_url": "https://api.github.com/repos/Kalicon/ecohospital-esg-cicd/teams",
image	Construir imagem (também em pull requests)	2026-09-28T14:43:46.9369666Z             "topics": [],
image	Construir imagem (também em pull requests)	2026-09-28T14:43:46.9370078Z             "trees_url": "https://api.github.com/repos/Kalicon/ecohospital-esg-cicd/git/trees{/sha}",
image	Construir imagem (também em pull requests)	2026-09-28T14:43:46.9370493Z             "updated_at": "2026-09-28T14:39:46Z",
image	Construir imagem (também em pull requests)	2026-09-28T14:43:46.9370853Z             "url": "https://api.github.com/repos/Kalicon/ecohospital-esg-cicd",
image	Construir imagem (também em pull requests)	2026-09-28T14:43:46.9371445Z             "visibility": "public",
image	Construir imagem (também em pull requests)	2026-09-28T14:43:46.9371721Z             "watchers": 0,
image	Construir imagem (também em pull requests)	2026-09-28T14:43:46.9371985Z             "watchers_count": 0,
image	Construir imagem (também em pull requests)	2026-09-28T14:43:46.9372281Z             "web_commit_signoff_required": false
image	Construir imagem (também em pull requests)	2026-09-28T14:43:46.9372566Z           },
image	Construir imagem (também em pull requests)	2026-09-28T14:43:46.9372782Z           "sender": {
image	Construir imagem (também em pull requests)	2026-09-28T14:43:46.9373107Z             "avatar_url": "https://avatars.githubusercontent.com/u/216019873?v=4",
image	Construir imagem (também em pull requests)	2026-09-28T14:43:46.9373518Z             "events_url": "https://api.github.com/users/Kalicon/events{/privacy}",
image	Construir imagem (também em pull requests)	2026-09-28T14:43:46.9373987Z             "followers_url": "https://api.github.com/users/Kalicon/followers",
image	Construir imagem (também em pull requests)	2026-09-28T14:43:46.9374412Z             "following_url": "https://api.github.com/users/Kalicon/following{/other_user}",
image	Construir imagem (também em pull requests)	2026-09-28T14:43:46.9374836Z             "gists_url": "https://api.github.com/users/Kalicon/gists{/gist_id}",
image	Construir imagem (também em pull requests)	2026-09-28T14:43:46.9375176Z             "gravatar_id": "",
image	Construir imagem (também em pull requests)	2026-09-28T14:43:46.9375462Z             "html_url": "https://github.com/Kalicon",
image	Construir imagem (também em pull requests)	2026-09-28T14:43:46.9375808Z             "id": 216019873,
image	Construir imagem (também em pull requests)	2026-09-28T14:43:46.9376052Z             "login": "Kalicon",
image	Construir imagem (também em pull requests)	2026-09-28T14:43:46.9376307Z             "node_id": "U_kgDODOAzoQ",
image	Construir imagem (também em pull requests)	2026-09-28T14:43:46.9376651Z             "organizations_url": "https://api.github.com/users/Kalicon/orgs",
image	Construir imagem (também em pull requests)	2026-09-28T14:43:46.9377083Z             "received_events_url": "https://api.github.com/users/Kalicon/received_events",
image	Construir imagem (também em pull requests)	2026-09-28T14:43:46.9377540Z             "repos_url": "https://api.github.com/users/Kalicon/repos",
image	Construir imagem (também em pull requests)	2026-09-28T14:43:46.9377864Z             "site_admin": false,
image	Construir imagem (também em pull requests)	2026-09-28T14:43:46.9378217Z             "starred_url": "https://api.github.com/users/Kalicon/starred{/owner}{/repo}",
image	Construir imagem (também em pull requests)	2026-09-28T14:43:46.9378691Z             "subscriptions_url": "https://api.github.com/users/Kalicon/subscriptions",
image	Construir imagem (também em pull requests)	2026-09-28T14:43:46.9379058Z             "type": "User",
image	Construir imagem (também em pull requests)	2026-09-28T14:43:46.9379368Z             "url": "https://api.github.com/users/Kalicon",
image	Construir imagem (também em pull requests)	2026-09-28T14:43:46.9379710Z             "user_view_type": "public"
image	Construir imagem (também em pull requests)	2026-09-28T14:43:46.9380118Z           }
image	Construir imagem (também em pull requests)	2026-09-28T14:43:46.9380327Z         },
image	Construir imagem (também em pull requests)	2026-09-28T14:43:46.9380530Z         "github_job": "image",
image	Construir imagem (também em pull requests)	2026-09-28T14:43:46.9380899Z         "github_ref": "refs/heads/main",
image	Construir imagem (também em pull requests)	2026-09-28T14:43:46.9381367Z         "github_ref_name": "main",
image	Construir imagem (também em pull requests)	2026-09-28T14:43:46.9381652Z         "github_ref_protected": "false",
image	Construir imagem (também em pull requests)	2026-09-28T14:43:46.9381922Z         "github_ref_type": "branch",
image	Construir imagem (também em pull requests)	2026-09-28T14:43:46.9382231Z         "github_repository": "Kalicon/ecohospital-esg-cicd",
image	Construir imagem (também em pull requests)	2026-09-28T14:43:46.9382576Z         "github_repository_id": "1392867924",
image	Construir imagem (também em pull requests)	2026-09-28T14:43:46.9382856Z         "github_repository_owner": "Kalicon",
image	Construir imagem (também em pull requests)	2026-09-28T14:43:46.9383190Z         "github_repository_owner_id": "216019873",
image	Construir imagem (também em pull requests)	2026-09-28T14:43:46.9383472Z         "github_run_attempt": "1",
image	Construir imagem (também em pull requests)	2026-09-28T14:43:46.9383731Z         "github_run_id": "36438015592",
image	Construir imagem (também em pull requests)	2026-09-28T14:43:46.9384019Z         "github_run_number": "9",
image	Construir imagem (também em pull requests)	2026-09-28T14:43:46.9384277Z         "github_runner_arch": "X64",
image	Construir imagem (também em pull requests)	2026-09-28T14:43:46.9384559Z         "github_runner_environment": "github-hosted",
image	Construir imagem (também em pull requests)	2026-09-28T14:43:46.9384900Z         "github_runner_image_os": "ubuntu24",
image	Construir imagem (também em pull requests)	2026-09-28T14:43:46.9385210Z         "github_runner_image_version": "20260920.314.1",
image	Construir imagem (também em pull requests)	2026-09-28T14:43:46.9385543Z         "github_runner_name": "GitHub Actions 1000000273",
image	Construir imagem (também em pull requests)	2026-09-28T14:43:46.9385835Z         "github_runner_os": "Linux",
image	Construir imagem (também em pull requests)	2026-09-28T14:43:46.9386181Z         "github_runner_tracking_id": "github_6a9da32b-4cd1-4250-b380-bbae6cb60871",
image	Construir imagem (também em pull requests)	2026-09-28T14:43:46.9386591Z         "github_server_url": "https://github.com",
image	Construir imagem (também em pull requests)	2026-09-28T14:43:46.9386889Z         "github_triggering_actor": "Kalicon",
image	Construir imagem (também em pull requests)	2026-09-28T14:43:46.9387292Z         "github_workflow": "EcoHospital CI/CD",
image	Construir imagem (também em pull requests)	2026-09-28T14:43:46.9387736Z         "github_workflow_ref": "Kalicon/ecohospital-esg-cicd/.github/workflows/ci-cd.yml@refs/heads/main",
image	Construir imagem (também em pull requests)	2026-09-28T14:43:46.9388226Z         "github_workflow_sha": "461ffa3eea37b904018856681c4fbea1cdc2c8b8",
image	Construir imagem (também em pull requests)	2026-09-28T14:43:46.9388590Z         "platform": "linux/amd64"
image	Construir imagem (também em pull requests)	2026-09-28T14:43:46.9388881Z       }
image	Construir imagem (também em pull requests)	2026-09-28T14:43:46.9389114Z     }
image	Construir imagem (também em pull requests)	2026-09-28T14:43:46.9389321Z   },
image	Construir imagem (também em pull requests)	2026-09-28T14:43:46.9389809Z   "buildx.build.ref": "builder-7977dd26-eaee-4947-8761-0790b1fd6190/builder-7977dd26-eaee-4947-8761-0790b1fd61900/fg1xsgqa39cydf9m4op09hi3z",
image	Construir imagem (também em pull requests)	2026-09-28T14:43:46.9390518Z   "containerimage.config.digest": "sha256:f48c2c28920c6d202ffade81cf19d599c7b47cc7d8434634cbf202112c651dc8",
image	Construir imagem (também em pull requests)	2026-09-28T14:43:46.9390974Z   "containerimage.descriptor": {
image	Construir imagem (também em pull requests)	2026-09-28T14:43:46.9392533Z     "mediaType": "application/vnd.oci.image.manifest.v1+json",
image	Construir imagem (também em pull requests)	2026-09-28T14:43:46.9393041Z     "digest": "sha256:2910bfa9e803cd1a8ec196e902aff4365e8dcf7279db7709f09e7cf03e015615",
image	Construir imagem (também em pull requests)	2026-09-28T14:43:46.9393473Z     "size": 1814,
image	Construir imagem (também em pull requests)	2026-09-28T14:43:46.9393731Z     "annotations": {
image	Construir imagem (também em pull requests)	2026-09-28T14:43:46.9394221Z       "org.opencontainers.image.created": "2026-09-28T14:43:35Z"
image	Construir imagem (também em pull requests)	2026-09-28T14:43:46.9394580Z     },
image	Construir imagem (também em pull requests)	2026-09-28T14:43:46.9394792Z     "platform": {
image	Construir imagem (também em pull requests)	2026-09-28T14:43:46.9395020Z       "architecture": "amd64",
image	Construir imagem (também em pull requests)	2026-09-28T14:43:46.9395282Z       "os": "linux"
image	Construir imagem (também em pull requests)	2026-09-28T14:43:46.9395496Z     }
image	Construir imagem (também em pull requests)	2026-09-28T14:43:46.9395714Z   },
image	Construir imagem (também em pull requests)	2026-09-28T14:43:46.9396103Z   "containerimage.digest": "sha256:2910bfa9e803cd1a8ec196e902aff4365e8dcf7279db7709f09e7cf03e015615",
image	Construir imagem (também em pull requests)	2026-09-28T14:43:46.9396682Z   "image.name": "ghcr.io/kalicon/ecohospital-esg-cicd:461ffa3eea37b904018856681c4fbea1cdc2c8b8"
image	Construir imagem (também em pull requests)	2026-09-28T14:43:46.9397095Z }
image	Construir imagem (também em pull requests)	2026-09-28T14:43:46.9397839Z ::***::
image	Construir imagem (também em pull requests)	2026-09-28T14:43:46.9398363Z ##[endgroup]
image	Construir imagem (também em pull requests)	2026-09-28T14:43:46.9398909Z ##[group]Reference
image	Construir imagem (também em pull requests)	2026-09-28T14:43:46.9399400Z builder-7977dd26-eaee-4947-8761-0790b1fd6190/builder-7977dd26-eaee-4947-8761-0790b1fd61900/fg1xsgqa39cydf9m4op09hi3z
image	Construir imagem (também em pull requests)	2026-09-28T14:43:46.9400064Z ##[endgroup]
image	Construir imagem (também em pull requests)	2026-09-28T14:43:46.9400434Z ##[group]Check build summary support
image	Construir imagem (também em pull requests)	2026-09-28T14:43:46.9400884Z Build summary supported!
image	Construir imagem (também em pull requests)	2026-09-28T14:43:46.9401585Z ##[endgroup]
image	Testar imagem, usuário, volume e healthcheck	﻿2026-09-28T14:43:46.9431427Z ##[group]Run set -euo pipefail
image	Testar imagem, usuário, volume e healthcheck	2026-09-28T14:43:46.9431815Z ^[[36;1mset -euo pipefail^[[0m
image	Testar imagem, usuário, volume e healthcheck	2026-09-28T14:43:46.9432268Z ^[[36;1mtrap 'docker rm -f esg-smoke >/dev/null 2>&1 || true; docker volume rm esg-smoke-data >/dev/null 2>&1 || true' EXIT^[[0m
image	Testar imagem, usuário, volume e healthcheck	2026-09-28T14:43:46.9432932Z ^[[36;1mdocker run -d --name esg-smoke -p 127.0.0.1:18080:8080 -e APP_ENV=ci -v esg-smoke-data:/app/data "$IMAGE"^[[0m
image	Testar imagem, usuário, volume e healthcheck	2026-09-28T14:43:46.9433348Z ^[[36;1mfor attempt in $(seq 1 60); do^[[0m
image	Testar imagem, usuário, volume e healthcheck	2026-09-28T14:43:46.9433723Z ^[[36;1m  state=$(docker inspect --format '{{.State.Health.Status}}' esg-smoke)^[[0m
image	Testar imagem, usuário, volume e healthcheck	2026-09-28T14:43:46.9434122Z ^[[36;1m  [[ "$state" == healthy ]] && break^[[0m
image	Testar imagem, usuário, volume e healthcheck	2026-09-28T14:43:46.9434528Z ^[[36;1m  [[ "$state" == unhealthy ]] && { docker logs esg-smoke; exit 1; }^[[0m
image	Testar imagem, usuário, volume e healthcheck	2026-09-28T14:43:46.9434860Z ^[[36;1m  sleep 2^[[0m
image	Testar imagem, usuário, volume e healthcheck	2026-09-28T14:43:46.9435072Z ^[[36;1mdone^[[0m
image	Testar imagem, usuário, volume e healthcheck	2026-09-28T14:43:46.9435422Z ^[[36;1m[[ "$(docker inspect --format '{{.State.Health.Status}}' esg-smoke)" == healthy ]]^[[0m
image	Testar imagem, usuário, volume e healthcheck	2026-09-28T14:43:46.9435825Z ^[[36;1m[[ "$(docker exec esg-smoke id -u)" == 10001 ]]^[[0m
image	Testar imagem, usuário, volume e healthcheck	2026-09-28T14:43:46.9436229Z ^[[36;1mmkdir -p evidence^[[0m
image	Testar imagem, usuário, volume e healthcheck	2026-09-28T14:43:46.9436611Z ^[[36;1mcurl --fail --silent http://localhost:18080/health > evidence/container-health.json^[[0m
image	Testar imagem, usuário, volume e healthcheck	2026-09-28T14:43:46.9437042Z ^[[36;1mpython3 - <<'PY'^[[0m
image	Testar imagem, usuário, volume e healthcheck	2026-09-28T14:43:46.9437363Z ^[[36;1mimport json, os^[[0m
image	Testar imagem, usuário, volume e healthcheck	2026-09-28T14:43:46.9437634Z ^[[36;1mwith open('evidence/container-health.json') as f:^[[0m
image	Testar imagem, usuário, volume e healthcheck	2026-09-28T14:43:46.9437987Z ^[[36;1m    data = json.load(f)^[[0m
image	Testar imagem, usuário, volume e healthcheck	2026-09-28T14:43:46.9438364Z ^[[36;1massert data == {'status': 'UP', 'environment': 'ci', 'version': os.environ['GITHUB_SHA']}, data^[[0m
image	Testar imagem, usuário, volume e healthcheck	2026-09-28T14:43:46.9438782Z ^[[36;1mPY^[[0m
image	Testar imagem, usuário, volume e healthcheck	2026-09-28T14:43:46.9439125Z ^[[36;1mcurl --fail --silent -X POST http://localhost:18080/api/telemetria/simular >/dev/null^[[0m
image	Testar imagem, usuário, volume e healthcheck	2026-09-28T14:43:46.9439627Z ^[[36;1mdocker restart esg-smoke^[[0m
image	Testar imagem, usuário, volume e healthcheck	2026-09-28T14:43:46.9439914Z ^[[36;1msleep 5^[[0m
image	Testar imagem, usuário, volume e healthcheck	2026-09-28T14:43:46.9440154Z ^[[36;1mfor attempt in $(seq 1 30); do^[[0m
image	Testar imagem, usuário, volume e healthcheck	2026-09-28T14:43:46.9440615Z ^[[36;1m  curl --fail --silent http://localhost:18080/api/kpis > evidence/container-kpis.json && break^[[0m
image	Testar imagem, usuário, volume e healthcheck	2026-09-28T14:43:46.9441021Z ^[[36;1m  sleep 2^[[0m
image	Testar imagem, usuário, volume e healthcheck	2026-09-28T14:43:46.9441528Z ^[[36;1mdone^[[0m
image	Testar imagem, usuário, volume e healthcheck	2026-09-28T14:43:46.9441788Z ^[[36;1mpython3 - <<'PY'^[[0m
image	Testar imagem, usuário, volume e healthcheck	2026-09-28T14:43:46.9442035Z ^[[36;1mimport json^[[0m
image	Testar imagem, usuário, volume e healthcheck	2026-09-28T14:43:46.9442313Z ^[[36;1mwith open('evidence/container-kpis.json') as f:^[[0m
image	Testar imagem, usuário, volume e healthcheck	2026-09-28T14:43:46.9442664Z ^[[36;1m    data = json.load(f)^[[0m
image	Testar imagem, usuário, volume e healthcheck	2026-09-28T14:43:46.9442950Z ^[[36;1massert data['totalLeiturasIot'] == 11, data^[[0m
image	Testar imagem, usuário, volume e healthcheck	2026-09-28T14:43:46.9443255Z ^[[36;1mPY^[[0m
image	Testar imagem, usuário, volume e healthcheck	2026-09-28T14:43:46.9479326Z shell: /usr/bin/bash --noprofile --norc -e -o pipefail {0}
image	Testar imagem, usuário, volume e healthcheck	2026-09-28T14:43:46.9479729Z env:
image	Testar imagem, usuário, volume e healthcheck	2026-09-28T14:43:46.9480084Z   IMAGE: ghcr.io/kalicon/ecohospital-esg-cicd:461ffa3eea37b904018856681c4fbea1cdc2c8b8
image	Testar imagem, usuário, volume e healthcheck	2026-09-28T14:43:46.9480550Z ##[endgroup]
image	Testar imagem, usuário, volume e healthcheck	2026-09-28T14:43:47.0713585Z 4cc735d5bf0877f434f3c6c2a4b2f4a701367cbf4a00d5002dda532cbea95e3e
image	Testar imagem, usuário, volume e healthcheck	2026-09-28T14:43:56.3411183Z esg-smoke
image	Autenticar no GHCR	﻿2026-09-28T14:44:02.2393437Z ##[group]Run docker/login-action@v4
image	Autenticar no GHCR	2026-09-28T14:44:02.2393794Z with:
image	Autenticar no GHCR	2026-09-28T14:44:02.2394015Z   registry: ghcr.io
image	Autenticar no GHCR	2026-09-28T14:44:02.2394252Z   username: Kalicon
image	Autenticar no GHCR	2026-09-28T14:44:02.2396412Z   password: ***
image	Autenticar no GHCR	2026-09-28T14:44:02.2396651Z   logout: true
image	Autenticar no GHCR	2026-09-28T14:44:02.2396891Z env:
image	Autenticar no GHCR	2026-09-28T14:44:02.2397226Z   IMAGE: ghcr.io/kalicon/ecohospital-esg-cicd:461ffa3eea37b904018856681c4fbea1cdc2c8b8
image	Autenticar no GHCR	2026-09-28T14:44:02.2397662Z ##[endgroup]
image	Autenticar no GHCR	2026-09-28T14:44:02.3890538Z Logging into ghcr.io...
image	Autenticar no GHCR	2026-09-28T14:44:02.7994590Z Login Succeeded!
image	Publicar imagem testada e obter digest imutável	﻿2026-09-28T14:44:02.8089571Z ##[group]Run docker push "$IMAGE"
image	Publicar imagem testada e obter digest imutável	2026-09-28T14:44:02.8089928Z ^[[36;1mdocker push "$IMAGE"^[[0m
image	Publicar imagem testada e obter digest imutável	2026-09-28T14:44:02.8090657Z ^[[36;1mreference=$(docker inspect --format '{{index .RepoDigests 0}}' "$IMAGE")^[[0m
image	Publicar imagem testada e obter digest imutável	2026-09-28T14:44:02.8091297Z ^[[36;1m[[ "$reference" == ghcr.io/*@sha256:* ]]^[[0m
image	Publicar imagem testada e obter digest imutável	2026-09-28T14:44:02.8091674Z ^[[36;1mecho "reference=$reference" >> "$GITHUB_OUTPUT"^[[0m
image	Publicar imagem testada e obter digest imutável	2026-09-28T14:44:02.8124655Z shell: /usr/bin/bash -e {0}
image	Publicar imagem testada e obter digest imutável	2026-09-28T14:44:02.8124976Z env:
image	Publicar imagem testada e obter digest imutável	2026-09-28T14:44:02.8125390Z   IMAGE: ghcr.io/kalicon/ecohospital-esg-cicd:461ffa3eea37b904018856681c4fbea1cdc2c8b8
image	Publicar imagem testada e obter digest imutável	2026-09-28T14:44:02.8125746Z ##[endgroup]
image	Publicar imagem testada e obter digest imutável	2026-09-28T14:44:02.8442797Z The push refers to repository [ghcr.io/kalicon/ecohospital-esg-cicd]
image	Publicar imagem testada e obter digest imutável	2026-09-28T14:44:02.9333806Z 93575436d199: Preparing
image	Publicar imagem testada e obter digest imutável	2026-09-28T14:44:02.9334282Z 5f70bf18a086: Preparing
image	Publicar imagem testada e obter digest imutável	2026-09-28T14:44:02.9334588Z deb90161a20d: Preparing
image	Publicar imagem testada e obter digest imutável	2026-09-28T14:44:02.9334885Z 3369dc194fd5: Preparing
image	Publicar imagem testada e obter digest imutável	2026-09-28T14:44:02.9335202Z fada8f6cd3ba: Preparing
image	Publicar imagem testada e obter digest imutável	2026-09-28T14:44:02.9335453Z 47cdf397e38d: Preparing
image	Publicar imagem testada e obter digest imutável	2026-09-28T14:44:02.9335817Z d5878fe0c5eb: Preparing
image	Publicar imagem testada e obter digest imutável	2026-09-28T14:44:02.9336030Z ea16cace8933: Preparing
image	Publicar imagem testada e obter digest imutável	2026-09-28T14:44:02.9337998Z 47cdf397e38d: Waiting
image	Publicar imagem testada e obter digest imutável	2026-09-28T14:44:02.9338379Z d5878fe0c5eb: Waiting
image	Publicar imagem testada e obter digest imutável	2026-09-28T14:44:02.9339031Z ea16cace8933: Waiting
image	Publicar imagem testada e obter digest imutável	2026-09-28T14:44:03.2643618Z 5f70bf18a086: Layer already exists
image	Publicar imagem testada e obter digest imutável	2026-09-28T14:44:04.2753560Z fada8f6cd3ba: Pushed
image	Publicar imagem testada e obter digest imutável	2026-09-28T14:44:04.2812191Z deb90161a20d: Pushed
image	Publicar imagem testada e obter digest imutável	2026-09-28T14:44:04.4330977Z ea16cace8933: Layer already exists
image	Publicar imagem testada e obter digest imutável	2026-09-28T14:44:05.1123802Z 93575436d199: Pushed
image	Publicar imagem testada e obter digest imutável	2026-09-28T14:44:05.4401406Z 3369dc194fd5: Pushed
image	Publicar imagem testada e obter digest imutável	2026-09-28T14:44:07.1526002Z d5878fe0c5eb: Pushed
image	Publicar imagem testada e obter digest imutável	2026-09-28T14:44:08.8653759Z 47cdf397e38d: Pushed
image	Publicar imagem testada e obter digest imutável	2026-09-28T14:44:11.3788537Z 461ffa3eea37b904018856681c4fbea1cdc2c8b8: digest: sha256:6a170c3d0f26560afa548a895a67f0f8b8e32481d4a7dc016cc57a7b32b94086 size: 1994
image	Run actions/upload-artifact@v7	﻿2026-09-28T14:44:11.4004755Z ##[group]Run actions/upload-artifact@v7
image	Run actions/upload-artifact@v7	2026-09-28T14:44:11.4005098Z with:
image	Run actions/upload-artifact@v7	2026-09-28T14:44:11.4005420Z   name: container-evidence-461ffa3eea37b904018856681c4fbea1cdc2c8b8
image	Run actions/upload-artifact@v7	2026-09-28T14:44:11.4005771Z   path: evidence/
image	Run actions/upload-artifact@v7	2026-09-28T14:44:11.4006046Z   if-no-files-found: warn
image	Run actions/upload-artifact@v7	2026-09-28T14:44:11.4006295Z   compression-level: 6
image	Run actions/upload-artifact@v7	2026-09-28T14:44:11.4006681Z   overwrite: false
image	Run actions/upload-artifact@v7	2026-09-28T14:44:11.4006933Z   include-hidden-files: false
image	Run actions/upload-artifact@v7	2026-09-28T14:44:11.4007185Z   archive: true
image	Run actions/upload-artifact@v7	2026-09-28T14:44:11.4007432Z env:
image	Run actions/upload-artifact@v7	2026-09-28T14:44:11.4007768Z   IMAGE: ghcr.io/kalicon/ecohospital-esg-cicd:461ffa3eea37b904018856681c4fbea1cdc2c8b8
image	Run actions/upload-artifact@v7	2026-09-28T14:44:11.4008139Z ##[endgroup]
image	Run actions/upload-artifact@v7	2026-09-28T14:44:11.5143287Z With the provided path, there will be 2 files uploaded
image	Run actions/upload-artifact@v7	2026-09-28T14:44:11.5144272Z Artifact name is valid!
image	Run actions/upload-artifact@v7	2026-09-28T14:44:11.5144574Z Root directory input is valid!
image	Run actions/upload-artifact@v7	2026-09-28T14:44:11.7766115Z Uploading artifact: container-evidence-461ffa3eea37b904018856681c4fbea1cdc2c8b8.zip
image	Run actions/upload-artifact@v7	2026-09-28T14:44:11.7795503Z Beginning upload of artifact content to blob storage
image	Run actions/upload-artifact@v7	2026-09-28T14:44:11.9542634Z Uploaded bytes 521
image	Run actions/upload-artifact@v7	2026-09-28T14:44:12.0347775Z Finished uploading artifact content to blob storage!
image	Run actions/upload-artifact@v7	2026-09-28T14:44:12.0348450Z SHA256 digest of uploaded artifact is 1f35d50037e3b34c31d0bc01cd9a165d3bf18c98ee5356298f06eb1b4bf743b0
image	Run actions/upload-artifact@v7	2026-09-28T14:44:12.0348810Z Finalizing artifact upload
image	Run actions/upload-artifact@v7	2026-09-28T14:44:12.3897659Z Artifact container-evidence-461ffa3eea37b904018856681c4fbea1cdc2c8b8 successfully finalized. Artifact ID 10976302820
image	Run actions/upload-artifact@v7	2026-09-28T14:44:12.3898641Z Artifact container-evidence-461ffa3eea37b904018856681c4fbea1cdc2c8b8 has been successfully uploaded! Final size is 521 bytes. Artifact ID is 10976302820
image	Run actions/upload-artifact@v7	2026-09-28T14:44:12.3903344Z Artifact download URL: https://github.com/Kalicon/ecohospital-esg-cicd/actions/runs/36438015592/artifacts/10976302820
image	Post Autenticar no GHCR	﻿2026-09-28T14:44:12.4028520Z Post job cleanup.
image	Post Autenticar no GHCR	2026-09-28T14:44:12.5477567Z ##[group]Logout from ghcr.io
image	Post Autenticar no GHCR	2026-09-28T14:44:12.5514037Z [command]/usr/bin/docker logout ghcr.io
image	Post Autenticar no GHCR	2026-09-28T14:44:12.5631788Z Removing login credentials for ghcr.io
image	Post Autenticar no GHCR	2026-09-28T14:44:12.5652175Z ##[endgroup]
image	Post Autenticar no GHCR	2026-09-28T14:44:12.5652966Z ##[group]Post cache
image	Post Autenticar no GHCR	2026-09-28T14:44:12.5653385Z State not set
image	Post Autenticar no GHCR	2026-09-28T14:44:12.5654223Z ##[endgroup]
image	Post Construir imagem (também em pull requests)	﻿2026-09-28T14:44:12.5763378Z Post job cleanup.
image	Post Construir imagem (também em pull requests)	2026-09-28T14:44:12.7446884Z ##[group]Generating build summary
image	Post Construir imagem (também em pull requests)	2026-09-28T14:44:12.8056584Z exporting build record to /home/runner/work/_temp/docker-actions-toolkit-2vLItn/export
image	Post Construir imagem (também em pull requests)	2026-09-28T14:44:12.8952844Z [command]/usr/bin/docker buildx history export --builder builder-7977dd26-eaee-4947-8761-0790b1fd6190 --output /home/runner/work/_temp/docker-actions-toolkit-2vLItn/export/Kalicon~ecohospital-esg-cicd~FG1XSG.dockerbuild fg1xsgqa39cydf9m4op09hi3z --finalize
image	Post Construir imagem (também em pull requests)	2026-09-28T14:44:13.0366832Z Build record written to /home/runner/work/_temp/docker-actions-toolkit-2vLItn/export/Kalicon~ecohospital-esg-cicd~FG1XSG.dockerbuild (41.15 KB)
image	Post Construir imagem (também em pull requests)	2026-09-28T14:44:13.0369055Z Uploading Kalicon~ecohospital-esg-cicd~FG1XSG.dockerbuild as an artifact
image	Post Construir imagem (também em pull requests)	2026-09-28T14:44:13.0375040Z Artifact name is valid!
image	Post Construir imagem (também em pull requests)	2026-09-28T14:44:13.0375379Z Root directory input is valid!
image	Post Construir imagem (também em pull requests)	2026-09-28T14:44:13.3140139Z Uploading artifact: Kalicon~ecohospital-esg-cicd~FG1XSG.dockerbuild
image	Post Construir imagem (também em pull requests)	2026-09-28T14:44:13.3165358Z Beginning upload of artifact content to blob storage
image	Post Construir imagem (também em pull requests)	2026-09-28T14:44:13.5247236Z Uploaded bytes 42138
image	Post Construir imagem (também em pull requests)	2026-09-28T14:44:13.5644234Z Finished uploading artifact content to blob storage!
image	Post Construir imagem (também em pull requests)	2026-09-28T14:44:13.5644807Z SHA256 digest of uploaded artifact is a0691750ca12304391355938fc3f0ec4550433a58496e0c712985b477c4eddf3
image	Post Construir imagem (também em pull requests)	2026-09-28T14:44:13.5645259Z Finalizing artifact upload
image	Post Construir imagem (também em pull requests)	2026-09-28T14:44:14.3099730Z Artifact Kalicon~ecohospital-esg-cicd~FG1XSG.dockerbuild successfully finalized. Artifact ID 10976193232
image	Post Construir imagem (também em pull requests)	2026-09-28T14:44:14.3100564Z Artifact download URL: https://github.com/Kalicon/ecohospital-esg-cicd/actions/runs/36438015592/artifacts/10976193232
image	Post Construir imagem (também em pull requests)	2026-09-28T14:44:14.3123602Z Writing summary
image	Post Construir imagem (também em pull requests)	2026-09-28T14:44:14.3146372Z ##[endgroup]
image	Post Construir imagem (também em pull requests)	2026-09-28T14:44:14.3146893Z ##[group]Removing temp folder /home/runner/work/_temp/docker-actions-toolkit-yrHM1W
image	Post Construir imagem (também em pull requests)	2026-09-28T14:44:14.3157171Z ##[endgroup]
image	Post Construir imagem (também em pull requests)	2026-09-28T14:44:14.3157575Z ##[group]Post cache
image	Post Construir imagem (também em pull requests)	2026-09-28T14:44:14.3157776Z State not set
image	Post Construir imagem (também em pull requests)	2026-09-28T14:44:14.3158039Z ##[endgroup]
image	Post Run docker/setup-buildx-action@v4	﻿2026-09-28T14:44:14.3284203Z Post job cleanup.
image	Post Run docker/setup-buildx-action@v4	2026-09-28T14:44:14.4535768Z ##[group]Removing builder
image	Post Run docker/setup-buildx-action@v4	2026-09-28T14:44:14.5423404Z [command]/usr/bin/docker buildx rm builder-7977dd26-eaee-4947-8761-0790b1fd6190
image	Post Run docker/setup-buildx-action@v4	2026-09-28T14:44:14.8078713Z builder-7977dd26-eaee-4947-8761-0790b1fd6190 removed
image	Post Run docker/setup-buildx-action@v4	2026-09-28T14:44:14.8097258Z ##[endgroup]
image	Post Run docker/setup-buildx-action@v4	2026-09-28T14:44:14.8097705Z ##[group]Cleaning up certificates
image	Post Run docker/setup-buildx-action@v4	2026-09-28T14:44:14.8099775Z ##[endgroup]
image	Post Run docker/setup-buildx-action@v4	2026-09-28T14:44:14.8100162Z ##[group]Post cache
image	Post Run docker/setup-buildx-action@v4	2026-09-28T14:44:14.8100904Z State not set
image	Post Run docker/setup-buildx-action@v4	2026-09-28T14:44:14.8102548Z ##[endgroup]
image	Post Run actions/checkout@v7	﻿2026-09-28T14:44:14.8207346Z Post job cleanup.
image	Post Run actions/checkout@v7	2026-09-28T14:44:14.8840643Z [command]/usr/bin/git version
image	Post Run actions/checkout@v7	2026-09-28T14:44:14.8869162Z git version 2.55.0
image	Post Run actions/checkout@v7	2026-09-28T14:44:14.8900193Z Temporarily overriding HOME='/home/runner/work/_temp/dcff3177-c00b-4d1d-9d26-0526a8f7b0fd' before making global git config changes
image	Post Run actions/checkout@v7	2026-09-28T14:44:14.8901560Z Adding repository directory to the temporary git global config as a safe directory
image	Post Run actions/checkout@v7	2026-09-28T14:44:14.8903494Z [command]/usr/bin/git config --global --add safe.directory /home/runner/work/ecohospital-esg-cicd/ecohospital-esg-cicd
image	Post Run actions/checkout@v7	2026-09-28T14:44:14.8924757Z Removing SSH command configuration
image	Post Run actions/checkout@v7	2026-09-28T14:44:14.8929628Z [command]/usr/bin/git config --local --name-only --get-regexp core\.sshCommand
image	Post Run actions/checkout@v7	2026-09-28T14:44:14.8953423Z [command]/usr/bin/git submodule foreach --recursive sh -c "git config --local --name-only --get-regexp 'core\.sshCommand' && git config --local --unset-all 'core.sshCommand' || :"
image	Post Run actions/checkout@v7	2026-09-28T14:44:14.9118379Z Removing HTTP extra header
image	Post Run actions/checkout@v7	2026-09-28T14:44:14.9119025Z [command]/usr/bin/git config --local --name-only --get-regexp http\.https\:\/\/github\.com\/\.extraheader
image	Post Run actions/checkout@v7	2026-09-28T14:44:14.9139853Z [command]/usr/bin/git submodule foreach --recursive sh -c "git config --local --name-only --get-regexp 'http\.https\:\/\/github\.com\/\.extraheader' && git config --local --unset-all 'http.https://github.com/.extraheader' || :"
image	Post Run actions/checkout@v7	2026-09-28T14:44:14.9291489Z Removing includeIf entries pointing to credentials config files
image	Post Run actions/checkout@v7	2026-09-28T14:44:14.9295089Z [command]/usr/bin/git config --local --name-only --get-regexp ^includeIf\.gitdir:
image	Post Run actions/checkout@v7	2026-09-28T14:44:14.9499048Z includeif.gitdir:/home/runner/work/ecohospital-esg-cicd/ecohospital-esg-cicd/.git.path
image	Post Run actions/checkout@v7	2026-09-28T14:44:14.9499923Z includeif.gitdir:/home/runner/work/ecohospital-esg-cicd/ecohospital-esg-cicd/.git/worktrees/*.path
image	Post Run actions/checkout@v7	2026-09-28T14:44:14.9500684Z includeif.gitdir:/github/workspace/.git.path
image	Post Run actions/checkout@v7	2026-09-28T14:44:14.9501502Z includeif.gitdir:/github/workspace/.git/worktrees/*.path
image	Post Run actions/checkout@v7	2026-09-28T14:44:14.9506273Z [command]/usr/bin/git config --local --get-all includeif.gitdir:/home/runner/work/ecohospital-esg-cicd/ecohospital-esg-cicd/.git.path
image	Post Run actions/checkout@v7	2026-09-28T14:44:14.9528156Z /home/runner/work/_temp/git-credentials-a3e2fe12-0f7b-4e01-a1cb-72229acc67c9.config
image	Post Run actions/checkout@v7	2026-09-28T14:44:14.9536518Z [command]/usr/bin/git config --local --unset includeif.gitdir:/home/runner/work/ecohospital-esg-cicd/ecohospital-esg-cicd/.git.path \/home\/runner\/work\/_temp\/git\-credentials\-a3e2fe12\-0f7b\-4e01\-a1cb\-72229acc67c9\.config
image	Post Run actions/checkout@v7	2026-09-28T14:44:14.9562529Z [command]/usr/bin/git config --local --get-all includeif.gitdir:/home/runner/work/ecohospital-esg-cicd/ecohospital-esg-cicd/.git/worktrees/*.path
image	Post Run actions/checkout@v7	2026-09-28T14:44:14.9578420Z /home/runner/work/_temp/git-credentials-a3e2fe12-0f7b-4e01-a1cb-72229acc67c9.config
image	Post Run actions/checkout@v7	2026-09-28T14:44:14.9584593Z [command]/usr/bin/git config --local --unset includeif.gitdir:/home/runner/work/ecohospital-esg-cicd/ecohospital-esg-cicd/.git/worktrees/*.path \/home\/runner\/work\/_temp\/git\-credentials\-a3e2fe12\-0f7b\-4e01\-a1cb\-72229acc67c9\.config
image	Post Run actions/checkout@v7	2026-09-28T14:44:14.9614852Z [command]/usr/bin/git config --local --get-all includeif.gitdir:/github/workspace/.git.path
image	Post Run actions/checkout@v7	2026-09-28T14:44:14.9630543Z /github/runner_temp/git-credentials-a3e2fe12-0f7b-4e01-a1cb-72229acc67c9.config
image	Post Run actions/checkout@v7	2026-09-28T14:44:14.9635627Z [command]/usr/bin/git config --local --unset includeif.gitdir:/github/workspace/.git.path \/github\/runner_temp\/git\-credentials\-a3e2fe12\-0f7b\-4e01\-a1cb\-72229acc67c9\.config
image	Post Run actions/checkout@v7	2026-09-28T14:44:15.0365097Z [command]/usr/bin/git config --local --get-all includeif.gitdir:/github/workspace/.git/worktrees/*.path
image	Post Run actions/checkout@v7	2026-09-28T14:44:15.0368165Z /github/runner_temp/git-credentials-a3e2fe12-0f7b-4e01-a1cb-72229acc67c9.config
image	Post Run actions/checkout@v7	2026-09-28T14:44:15.0373622Z [command]/usr/bin/git config --local --unset includeif.gitdir:/github/workspace/.git/worktrees/*.path \/github\/runner_temp\/git\-credentials\-a3e2fe12\-0f7b\-4e01\-a1cb\-72229acc67c9\.config
image	Post Run actions/checkout@v7	2026-09-28T14:44:15.0401222Z [command]/usr/bin/git submodule foreach --recursive git config --local --show-origin --name-only --get-regexp remote.origin.url
image	Post Run actions/checkout@v7	2026-09-28T14:44:15.0548015Z Removing credentials config '/home/runner/work/_temp/git-credentials-a3e2fe12-0f7b-4e01-a1cb-72229acc67c9.config'
image	Complete job	﻿2026-09-28T14:44:15.0663705Z Evaluate and set job outputs
image	Complete job	2026-09-28T14:44:15.0669291Z Set output 'reference'
image	Complete job	2026-09-28T14:44:15.0670691Z Cleaning up orphan processes
staging-pc / deploy	UNKNOWN STEP	﻿2026-09-28T14:43:17.6199107Z Current runner version: '2.337.0'
staging-pc / deploy	UNKNOWN STEP	2026-09-28T14:43:17.6211278Z Runner name: 'ecohospital-staging-1790606491'
staging-pc / deploy	UNKNOWN STEP	2026-09-28T14:43:17.6212393Z Runner group name: 'Default'
staging-pc / deploy	UNKNOWN STEP	2026-09-28T14:43:17.6213592Z Machine name: 'RH-S0HQ6AT'
staging-pc / deploy	UNKNOWN STEP	2026-09-28T14:43:17.6220090Z ##[group]GITHUB_TOKEN Permissions
staging-pc / deploy	UNKNOWN STEP	2026-09-28T14:43:17.6223266Z Contents: read
staging-pc / deploy	UNKNOWN STEP	2026-09-28T14:43:17.6223994Z Metadata: read
staging-pc / deploy	UNKNOWN STEP	2026-09-28T14:43:17.6224667Z Packages: read
staging-pc / deploy	UNKNOWN STEP	2026-09-28T14:43:17.6225426Z ##[endgroup]
staging-pc / deploy	UNKNOWN STEP	2026-09-28T14:43:17.6228379Z Secret source: Actions
staging-pc / deploy	UNKNOWN STEP	2026-09-28T14:43:17.6229663Z Cache mode: write
staging-pc / deploy	UNKNOWN STEP	2026-09-28T14:43:17.6230585Z Prepare workflow directory
staging-pc / deploy	UNKNOWN STEP	2026-09-28T14:43:17.7080100Z Prepare all required actions
staging-pc / deploy	UNKNOWN STEP	2026-09-28T14:43:17.7197678Z Getting action download info
staging-pc / deploy	UNKNOWN STEP	2026-09-28T14:43:18.4637515Z Download action repository 'actions/checkout@v7' (SHA:3d3c42e5aac5ba805825da76410c181273ba90b1)
staging-pc / deploy	UNKNOWN STEP	2026-09-28T14:43:19.3604378Z Download action repository 'actions/upload-artifact@v7' (SHA:043fb46d1a93c77aae656e7c1c64a875d1fc6a0a)
staging-pc / deploy	UNKNOWN STEP	2026-09-28T14:43:21.0456944Z Uses: Kalicon/ecohospital-esg-cicd/.github/workflows/deploy-pc.yml@refs/heads/main (461ffa3eea37b904018856681c4fbea1cdc2c8b8)
staging-pc / deploy	UNKNOWN STEP	2026-09-28T14:43:21.0470222Z ##[group] Inputs
staging-pc / deploy	UNKNOWN STEP	2026-09-28T14:43:21.0471143Z   environment: staging
staging-pc / deploy	UNKNOWN STEP	2026-09-28T14:43:21.0472803Z   image: ghcr.io/kalicon/ecohospital-esg-cicd@sha256:6a170c3d0f26560afa548a895a67f0f8b8e32481d4a7dc016cc57a7b32b94086
staging-pc / deploy	UNKNOWN STEP	2026-09-28T14:43:21.0474755Z   version: 461ffa3eea37b904018856681c4fbea1cdc2c8b8
staging-pc / deploy	UNKNOWN STEP	2026-09-28T14:43:21.0475727Z ##[endgroup]
staging-pc / deploy	UNKNOWN STEP	2026-09-28T14:43:21.0476434Z Complete job name: staging-pc / deploy
staging-pc / deploy	UNKNOWN STEP	2026-09-28T14:43:21.2589626Z ##[group]Run actions/checkout@v7
staging-pc / deploy	UNKNOWN STEP	2026-09-28T14:43:21.2591298Z with:
staging-pc / deploy	UNKNOWN STEP	2026-09-28T14:43:21.2592080Z   repository: Kalicon/ecohospital-esg-cicd
staging-pc / deploy	UNKNOWN STEP	2026-09-28T14:43:21.2600545Z   token: ***
staging-pc / deploy	UNKNOWN STEP	2026-09-28T14:43:21.2601274Z   ssh-strict: true
staging-pc / deploy	UNKNOWN STEP	2026-09-28T14:43:21.2602046Z   ssh-user: git
staging-pc / deploy	UNKNOWN STEP	2026-09-28T14:43:21.2602846Z   persist-credentials: true
staging-pc / deploy	UNKNOWN STEP	2026-09-28T14:43:21.2603644Z   clean: true
staging-pc / deploy	UNKNOWN STEP	2026-09-28T14:43:21.2604382Z   sparse-checkout-cone-mode: true
staging-pc / deploy	UNKNOWN STEP	2026-09-28T14:43:21.2605321Z   fetch-depth: 1
staging-pc / deploy	UNKNOWN STEP	2026-09-28T14:43:21.2606096Z   fetch-tags: false
staging-pc / deploy	UNKNOWN STEP	2026-09-28T14:43:21.2606864Z   show-progress: true
staging-pc / deploy	UNKNOWN STEP	2026-09-28T14:43:21.2607619Z   lfs: false
staging-pc / deploy	UNKNOWN STEP	2026-09-28T14:43:21.2608300Z   submodules: false
staging-pc / deploy	UNKNOWN STEP	2026-09-28T14:43:21.2609067Z   set-safe-directory: true
staging-pc / deploy	UNKNOWN STEP	2026-09-28T14:43:21.2609862Z   allow-unsafe-pr-checkout: false
staging-pc / deploy	UNKNOWN STEP	2026-09-28T14:43:21.2611646Z ##[endgroup]
staging-pc / deploy	UNKNOWN STEP	2026-09-28T14:43:21.7776593Z Syncing repository: Kalicon/ecohospital-esg-cicd
staging-pc / deploy	UNKNOWN STEP	2026-09-28T14:43:21.7779993Z ##[group]Getting Git version info
staging-pc / deploy	UNKNOWN STEP	2026-09-28T14:43:21.7782330Z Working directory is 'C:\Users\kalicon\Documents\Kalicon Programação\ESG FInal\.tools\actions-runner\staging\_work\ecohospital-esg-cicd\ecohospital-esg-cicd'
staging-pc / deploy	UNKNOWN STEP	2026-09-28T14:43:21.8521049Z [command]"C:\Program Files\Git\cmd\git.exe" version
staging-pc / deploy	UNKNOWN STEP	2026-09-28T14:43:21.9076967Z git version 2.50.0.windows.1
staging-pc / deploy	UNKNOWN STEP	2026-09-28T14:43:21.9167853Z ##[endgroup]
staging-pc / deploy	UNKNOWN STEP	2026-09-28T14:43:21.9197211Z Temporarily overriding HOME='C:\Users\kalicon\Documents\Kalicon Programação\ESG FInal\.tools\actions-runner\staging\_work\_temp\d06e2db8-8acf-48f7-a00f-4c7ea1f94f4e' before making global git config changes
staging-pc / deploy	UNKNOWN STEP	2026-09-28T14:43:21.9202567Z Adding repository directory to the temporary git global config as a safe directory
staging-pc / deploy	UNKNOWN STEP	2026-09-28T14:43:21.9230703Z [command]"C:\Program Files\Git\cmd\git.exe" config --global --add safe.directory "C:\Users\kalicon\Documents\Kalicon Programação\ESG FInal\.tools\actions-runner\staging\_work\ecohospital-esg-cicd\ecohospital-esg-cicd"
staging-pc / deploy	UNKNOWN STEP	2026-09-28T14:43:21.9972621Z [command]"C:\Program Files\Git\cmd\git.exe" config --local --get remote.origin.url
staging-pc / deploy	UNKNOWN STEP	2026-09-28T14:43:22.0562808Z https://github.com/Kalicon/ecohospital-esg-cicd
staging-pc / deploy	UNKNOWN STEP	2026-09-28T14:43:22.0648229Z ##[group]Removing previously created refs, to avoid conflicts
staging-pc / deploy	UNKNOWN STEP	2026-09-28T14:43:22.0678234Z [command]"C:\Program Files\Git\cmd\git.exe" rev-parse --symbolic-full-name --verify --quiet HEAD
staging-pc / deploy	UNKNOWN STEP	2026-09-28T14:43:22.1455212Z refs/heads/main
staging-pc / deploy	UNKNOWN STEP	2026-09-28T14:43:22.1614161Z [command]"C:\Program Files\Git\cmd\git.exe" checkout --detach
staging-pc / deploy	UNKNOWN STEP	2026-09-28T14:43:22.3247016Z HEAD is now at 50d9be7 Usa pull anônimo do GHCR público no deploy local
staging-pc / deploy	UNKNOWN STEP	2026-09-28T14:43:22.5858189Z ##[endgroup]
staging-pc / deploy	UNKNOWN STEP	2026-09-28T14:43:22.5859523Z [command]"C:\Program Files\Git\cmd\git.exe" submodule status
staging-pc / deploy	UNKNOWN STEP	2026-09-28T14:43:24.4314923Z ##[group]Cleaning the repository
staging-pc / deploy	UNKNOWN STEP	2026-09-28T14:43:24.4395919Z [command]"C:\Program Files\Git\cmd\git.exe" clean -ffdx
staging-pc / deploy	UNKNOWN STEP	2026-09-28T14:43:24.5143409Z [command]"C:\Program Files\Git\cmd\git.exe" reset --hard HEAD
staging-pc / deploy	UNKNOWN STEP	2026-09-28T14:43:24.6171486Z HEAD is now at 50d9be7 Usa pull anônimo do GHCR público no deploy local
staging-pc / deploy	UNKNOWN STEP	2026-09-28T14:43:24.6271089Z ##[endgroup]
staging-pc / deploy	UNKNOWN STEP	2026-09-28T14:43:24.6358336Z ##[group]Disabling automatic garbage collection
staging-pc / deploy	UNKNOWN STEP	2026-09-28T14:43:24.6360577Z [command]"C:\Program Files\Git\cmd\git.exe" config --local gc.auto 0
staging-pc / deploy	UNKNOWN STEP	2026-09-28T14:43:24.7177126Z ##[endgroup]
staging-pc / deploy	UNKNOWN STEP	2026-09-28T14:43:24.7178902Z ##[group]Setting up auth
staging-pc / deploy	UNKNOWN STEP	2026-09-28T14:43:24.7180530Z Removing SSH command configuration
staging-pc / deploy	UNKNOWN STEP	2026-09-28T14:43:24.7225407Z [command]"C:\Program Files\Git\cmd\git.exe" config --local --name-only --get-regexp core\.sshCommand
staging-pc / deploy	UNKNOWN STEP	2026-09-28T14:43:24.8357645Z [command]"C:\Program Files\Git\cmd\git.exe" submodule foreach --recursive "sh -c \"git config --local --name-only --get-regexp 'core\.sshCommand' && git config --local --unset-all 'core.sshCommand' || :\""
staging-pc / deploy	UNKNOWN STEP	2026-09-28T14:43:26.5315690Z Removing HTTP extra header
staging-pc / deploy	UNKNOWN STEP	2026-09-28T14:43:26.5346508Z [command]"C:\Program Files\Git\cmd\git.exe" config --local --name-only --get-regexp http\.https\:\/\/github\.com\/\.extraheader
staging-pc / deploy	UNKNOWN STEP	2026-09-28T14:43:26.6105201Z [command]"C:\Program Files\Git\cmd\git.exe" submodule foreach --recursive "sh -c \"git config --local --name-only --get-regexp 'http\.https\:\/\/github\.com\/\.extraheader' && git config --local --unset-all 'http.https://github.com/.extraheader' || :\""
staging-pc / deploy	UNKNOWN STEP	2026-09-28T14:43:28.0936872Z Removing includeIf entries pointing to credentials config files
staging-pc / deploy	UNKNOWN STEP	2026-09-28T14:43:28.0968887Z [command]"C:\Program Files\Git\cmd\git.exe" config --local --name-only --get-regexp ^includeIf\.gitdir:
staging-pc / deploy	UNKNOWN STEP	2026-09-28T14:43:28.1668589Z [command]"C:\Program Files\Git\cmd\git.exe" submodule foreach --recursive "git config --local --show-origin --name-only --get-regexp remote.origin.url"
staging-pc / deploy	UNKNOWN STEP	2026-09-28T14:43:29.2373137Z [command]"C:\Program Files\Git\cmd\git.exe" config --file "C:\Users\kalicon\Documents\Kalicon Programação\ESG FInal\.tools\actions-runner\staging\_work\_temp\git-credentials-0b2a32bc-e1c8-4e6a-836d-61a6eae1c25b.config" http.https://github.com/.extraheader "AUTHORIZATION: basic ***"
staging-pc / deploy	UNKNOWN STEP	2026-09-28T14:43:29.3096231Z [command]"C:\Program Files\Git\cmd\git.exe" config --local "includeIf.gitdir:C:/Users/kalicon/Documents/Kalicon Programação/ESG FInal/.tools/actions-runner/staging/_work/ecohospital-esg-cicd/ecohospital-esg-cicd/.git.path" "C:\Users\kalicon\Documents\Kalicon Programação\ESG FInal\.tools\actions-runner\staging\_work\_temp\git-credentials-0b2a32bc-e1c8-4e6a-836d-61a6eae1c25b.config"
staging-pc / deploy	UNKNOWN STEP	2026-09-28T14:43:29.3730528Z [command]"C:\Program Files\Git\cmd\git.exe" config --local "includeIf.gitdir:C:/Users/kalicon/Documents/Kalicon Programação/ESG FInal/.tools/actions-runner/staging/_work/ecohospital-esg-cicd/ecohospital-esg-cicd/.git/worktrees/*.path" "C:\Users\kalicon\Documents\Kalicon Programação\ESG FInal\.tools\actions-runner\staging\_work\_temp\git-credentials-0b2a32bc-e1c8-4e6a-836d-61a6eae1c25b.config"
staging-pc / deploy	UNKNOWN STEP	2026-09-28T14:43:29.4393796Z [command]"C:\Program Files\Git\cmd\git.exe" config --local includeIf.gitdir:/github/workspace/.git.path /github/runner_temp/git-credentials-0b2a32bc-e1c8-4e6a-836d-61a6eae1c25b.config
staging-pc / deploy	UNKNOWN STEP	2026-09-28T14:43:29.4995028Z [command]"C:\Program Files\Git\cmd\git.exe" config --local includeIf.gitdir:/github/workspace/.git/worktrees/*.path /github/runner_temp/git-credentials-0b2a32bc-e1c8-4e6a-836d-61a6eae1c25b.config
staging-pc / deploy	UNKNOWN STEP	2026-09-28T14:43:29.5573376Z ##[endgroup]
staging-pc / deploy	UNKNOWN STEP	2026-09-28T14:43:29.5574687Z ##[group]Fetching the repository
staging-pc / deploy	UNKNOWN STEP	2026-09-28T14:43:29.5595047Z [command]"C:\Program Files\Git\cmd\git.exe" -c protocol.version=2 fetch --no-tags --prune --no-recurse-submodules --depth=1 origin +461ffa3eea37b904018856681c4fbea1cdc2c8b8:refs/remotes/origin/main
staging-pc / deploy	UNKNOWN STEP	2026-09-28T14:43:30.4491195Z From https://github.com/Kalicon/ecohospital-esg-cicd
staging-pc / deploy	UNKNOWN STEP	2026-09-28T14:43:30.4493331Z  + 50d9be7...461ffa3 461ffa3eea37b904018856681c4fbea1cdc2c8b8 -> origin/main  (forced update)
staging-pc / deploy	UNKNOWN STEP	2026-09-28T14:43:30.4978011Z [command]"C:\Program Files\Git\cmd\git.exe" branch --list --remote origin/main
staging-pc / deploy	UNKNOWN STEP	2026-09-28T14:43:30.5492939Z   origin/main
staging-pc / deploy	UNKNOWN STEP	2026-09-28T14:43:30.5621648Z [command]"C:\Program Files\Git\cmd\git.exe" rev-parse refs/remotes/origin/main
staging-pc / deploy	UNKNOWN STEP	2026-09-28T14:43:30.6253145Z 461ffa3eea37b904018856681c4fbea1cdc2c8b8
staging-pc / deploy	UNKNOWN STEP	2026-09-28T14:43:30.6328283Z ##[endgroup]
staging-pc / deploy	UNKNOWN STEP	2026-09-28T14:43:30.6329496Z ##[group]Determining the checkout info
staging-pc / deploy	UNKNOWN STEP	2026-09-28T14:43:30.6330968Z ##[endgroup]
staging-pc / deploy	UNKNOWN STEP	2026-09-28T14:43:30.6368594Z [command]"C:\Program Files\Git\cmd\git.exe" sparse-checkout disable
staging-pc / deploy	UNKNOWN STEP	2026-09-28T14:43:30.7370310Z [command]"C:\Program Files\Git\cmd\git.exe" config --local --unset-all extensions.worktreeConfig
staging-pc / deploy	UNKNOWN STEP	2026-09-28T14:43:30.7967105Z ##[group]Checking out the ref
staging-pc / deploy	UNKNOWN STEP	2026-09-28T14:43:30.7983085Z [command]"C:\Program Files\Git\cmd\git.exe" checkout --progress --force -B main refs/remotes/origin/main
staging-pc / deploy	UNKNOWN STEP	2026-09-28T14:43:30.9109306Z branch 'main' set up to track 'origin/main'.
staging-pc / deploy	UNKNOWN STEP	2026-09-28T14:43:30.9109977Z Your branch is up to date with 'origin/main'.
staging-pc / deploy	UNKNOWN STEP	2026-09-28T14:43:30.9115365Z Previous HEAD position was 50d9be7 Usa pull anônimo do GHCR público no deploy local
staging-pc / deploy	UNKNOWN STEP	2026-09-28T14:43:30.9116180Z Switched to and reset branch 'main'
staging-pc / deploy	UNKNOWN STEP	2026-09-28T14:43:30.9189700Z ##[endgroup]
staging-pc / deploy	UNKNOWN STEP	2026-09-28T14:43:30.9824833Z [command]"C:\Program Files\Git\cmd\git.exe" log -1 --format=%H
staging-pc / deploy	UNKNOWN STEP	2026-09-28T14:43:31.0355044Z 461ffa3eea37b904018856681c4fbea1cdc2c8b8
staging-pc / deploy	UNKNOWN STEP	2026-09-28T14:43:31.1182197Z ##[group]Run .\scripts\deploy-local.ps1 -EnvironmentName $env:APP_ENV -Image $env:IMAGE -Version $env:APP_VERSION
staging-pc / deploy	UNKNOWN STEP	2026-09-28T14:43:31.1184977Z ^[[36;1m.\scripts\deploy-local.ps1 -EnvironmentName $env:APP_ENV -Image $env:IMAGE -Version $env:APP_VERSION^[[0m
staging-pc / deploy	UNKNOWN STEP	2026-09-28T14:43:31.1260616Z shell: C:\Windows\System32\WindowsPowerShell\v1.0\powershell.EXE -command ". '{0}'"
staging-pc / deploy	UNKNOWN STEP	2026-09-28T14:43:31.1261315Z env:
staging-pc / deploy	UNKNOWN STEP	2026-09-28T14:43:31.1261562Z   APP_ENV: staging
staging-pc / deploy	UNKNOWN STEP	2026-09-28T14:43:31.1262325Z   IMAGE: ghcr.io/kalicon/ecohospital-esg-cicd@sha256:6a170c3d0f26560afa548a895a67f0f8b8e32481d4a7dc016cc57a7b32b94086
staging-pc / deploy	UNKNOWN STEP	2026-09-28T14:43:31.1263275Z   APP_VERSION: 461ffa3eea37b904018856681c4fbea1cdc2c8b8
staging-pc / deploy	UNKNOWN STEP	2026-09-28T14:43:31.1263723Z ##[endgroup]
staging-pc / deploy	UNKNOWN STEP	2026-09-28T14:43:32.5052992Z  Image ghcr.io/kalicon/ecohospital-esg-cicd@sha256:6a170c3d0f26560afa548a895a67f0f8b8e32481d4a7dc016cc57a7b32b94086 Pulling 
staging-pc / deploy	UNKNOWN STEP	2026-09-28T14:43:34.0183516Z  Image ghcr.io/kalicon/ecohospital-esg-cicd@sha256:6a170c3d0f26560afa548a895a67f0f8b8e32481d4a7dc016cc57a7b32b94086 Pulled 
staging-pc / deploy	UNKNOWN STEP	2026-09-28T14:43:34.4053946Z  Network ecohospital-staging_esg-network Creating 
staging-pc / deploy	UNKNOWN STEP	2026-09-28T14:43:34.4055302Z  Volume ecohospital-staging_esg-data Creating 
staging-pc / deploy	UNKNOWN STEP	2026-09-28T14:43:34.4056888Z  Network ecohospital-staging_esg-network Creating 
staging-pc / deploy	UNKNOWN STEP	2026-09-28T14:43:34.4058213Z  Volume ecohospital-staging_esg-data Creating 
staging-pc / deploy	UNKNOWN STEP	2026-09-28T14:43:34.4170895Z  Volume ecohospital-staging_esg-data Created 
staging-pc / deploy	UNKNOWN STEP	2026-09-28T14:43:34.4171927Z  Volume ecohospital-staging_esg-data Created 
staging-pc / deploy	UNKNOWN STEP	2026-09-28T14:43:34.4814307Z  Network ecohospital-staging_esg-network Created 
staging-pc / deploy	UNKNOWN STEP	2026-09-28T14:43:34.4815172Z  Network ecohospital-staging_esg-network Created 
staging-pc / deploy	UNKNOWN STEP	2026-09-28T14:43:34.4816287Z  Container ecohospital-staging-app-1 Creating 
staging-pc / deploy	UNKNOWN STEP	2026-09-28T14:43:34.5942396Z  Container ecohospital-staging-app-1 Created 
staging-pc / deploy	UNKNOWN STEP	2026-09-28T14:43:34.6134354Z  Container ecohospital-staging-app-1 Starting 
staging-pc / deploy	UNKNOWN STEP	2026-09-28T14:43:35.1499105Z  Container ecohospital-staging-app-1 Started 
staging-pc / deploy	UNKNOWN STEP	2026-09-28T14:43:35.1500581Z  Container ecohospital-staging-app-1 Waiting 
staging-pc / deploy	UNKNOWN STEP	2026-09-28T14:43:45.6588285Z  Container ecohospital-staging-app-1 Healthy 
staging-pc / deploy	UNKNOWN STEP	2026-09-28T14:43:48.4510648Z Deploy local concluÃ­do: http://localhost:8081 | staging | 461ffa3eea37b904018856681c4fbea1cdc2c8b8
staging-pc / deploy	UNKNOWN STEP	2026-09-28T14:43:48.5315227Z ##[group]Run actions/upload-artifact@v7
staging-pc / deploy	UNKNOWN STEP	2026-09-28T14:43:48.5316661Z with:
staging-pc / deploy	UNKNOWN STEP	2026-09-28T14:43:48.5317572Z   name: local-deploy-staging-461ffa3eea37b904018856681c4fbea1cdc2c8b8
staging-pc / deploy	UNKNOWN STEP	2026-09-28T14:43:48.5318776Z   path: evidence/
staging-pc / deploy	UNKNOWN STEP	2026-09-28T14:43:48.5319313Z   if-no-files-found: warn
staging-pc / deploy	UNKNOWN STEP	2026-09-28T14:43:48.5319973Z   compression-level: 6
staging-pc / deploy	UNKNOWN STEP	2026-09-28T14:43:48.5320397Z   overwrite: false
staging-pc / deploy	UNKNOWN STEP	2026-09-28T14:43:48.5320801Z   include-hidden-files: false
staging-pc / deploy	UNKNOWN STEP	2026-09-28T14:43:48.5321462Z   archive: true
staging-pc / deploy	UNKNOWN STEP	2026-09-28T14:43:48.5321962Z ##[endgroup]
staging-pc / deploy	UNKNOWN STEP	2026-09-28T14:43:49.3598374Z With the provided path, there will be 2 files uploaded
staging-pc / deploy	UNKNOWN STEP	2026-09-28T14:43:49.3606636Z Artifact name is valid!
staging-pc / deploy	UNKNOWN STEP	2026-09-28T14:43:49.3610397Z Root directory input is valid!
staging-pc / deploy	UNKNOWN STEP	2026-09-28T14:43:50.0236303Z Uploading artifact: local-deploy-staging-461ffa3eea37b904018856681c4fbea1cdc2c8b8.zip
staging-pc / deploy	UNKNOWN STEP	2026-09-28T14:43:50.0318105Z Beginning upload of artifact content to blob storage
staging-pc / deploy	UNKNOWN STEP	2026-09-28T14:43:50.6032987Z Uploaded bytes 1137
staging-pc / deploy	UNKNOWN STEP	2026-09-28T14:43:50.7350148Z Finished uploading artifact content to blob storage!
staging-pc / deploy	UNKNOWN STEP	2026-09-28T14:43:50.7352178Z SHA256 digest of uploaded artifact is 85c6d5557851f4f1408d76dc4b3fa0f8749608e616efcef5191a6feb3cb66ab5
staging-pc / deploy	UNKNOWN STEP	2026-09-28T14:43:50.7353409Z Finalizing artifact upload
staging-pc / deploy	UNKNOWN STEP	2026-09-28T14:43:51.3813253Z Artifact local-deploy-staging-461ffa3eea37b904018856681c4fbea1cdc2c8b8 successfully finalized. Artifact ID 10976910954
staging-pc / deploy	UNKNOWN STEP	2026-09-28T14:43:51.3818287Z Artifact local-deploy-staging-461ffa3eea37b904018856681c4fbea1cdc2c8b8 has been successfully uploaded! Final size is 1137 bytes. Artifact ID is 10976910954
staging-pc / deploy	UNKNOWN STEP	2026-09-28T14:43:51.3878499Z Artifact download URL: https://github.com/Kalicon/ecohospital-esg-cicd/actions/runs/36438015592/artifacts/10976910954
staging-pc / deploy	UNKNOWN STEP	2026-09-28T14:43:51.4761755Z Post job cleanup.
staging-pc / deploy	UNKNOWN STEP	2026-09-28T14:43:51.7659176Z [command]"C:\Program Files\Git\cmd\git.exe" version
staging-pc / deploy	UNKNOWN STEP	2026-09-28T14:43:51.8256071Z git version 2.50.0.windows.1
staging-pc / deploy	UNKNOWN STEP	2026-09-28T14:43:51.8433441Z Temporarily overriding HOME='C:\Users\kalicon\Documents\Kalicon Programação\ESG FInal\.tools\actions-runner\staging\_work\_temp\1cdf1923-4c5b-41be-9830-34de92dd6b0b' before making global git config changes
staging-pc / deploy	UNKNOWN STEP	2026-09-28T14:43:51.8437297Z Adding repository directory to the temporary git global config as a safe directory
staging-pc / deploy	UNKNOWN STEP	2026-09-28T14:43:51.8473583Z [command]"C:\Program Files\Git\cmd\git.exe" config --global --add safe.directory "C:\Users\kalicon\Documents\Kalicon Programação\ESG FInal\.tools\actions-runner\staging\_work\ecohospital-esg-cicd\ecohospital-esg-cicd"
staging-pc / deploy	UNKNOWN STEP	2026-09-28T14:43:51.9115613Z Removing SSH command configuration
staging-pc / deploy	UNKNOWN STEP	2026-09-28T14:43:51.9142242Z [command]"C:\Program Files\Git\cmd\git.exe" config --local --name-only --get-regexp core\.sshCommand
staging-pc / deploy	UNKNOWN STEP	2026-09-28T14:43:51.9822263Z [command]"C:\Program Files\Git\cmd\git.exe" submodule foreach --recursive "sh -c \"git config --local --name-only --get-regexp 'core\.sshCommand' && git config --local --unset-all 'core.sshCommand' || :\""
staging-pc / deploy	UNKNOWN STEP	2026-09-28T14:43:53.2203948Z Removing HTTP extra header
staging-pc / deploy	UNKNOWN STEP	2026-09-28T14:43:53.2226694Z [command]"C:\Program Files\Git\cmd\git.exe" config --local --name-only --get-regexp http\.https\:\/\/github\.com\/\.extraheader
staging-pc / deploy	UNKNOWN STEP	2026-09-28T14:43:53.2961839Z [command]"C:\Program Files\Git\cmd\git.exe" submodule foreach --recursive "sh -c \"git config --local --name-only --get-regexp 'http\.https\:\/\/github\.com\/\.extraheader' && git config --local --unset-all 'http.https://github.com/.extraheader' || :\""
staging-pc / deploy	UNKNOWN STEP	2026-09-28T14:43:54.6680201Z Removing includeIf entries pointing to credentials config files
staging-pc / deploy	UNKNOWN STEP	2026-09-28T14:43:54.6702384Z [command]"C:\Program Files\Git\cmd\git.exe" config --local --name-only --get-regexp ^includeIf\.gitdir:
staging-pc / deploy	UNKNOWN STEP	2026-09-28T14:43:54.7250746Z includeif.gitdir:C:/Users/kalicon/Documents/Kalicon Programação/ESG FInal/.tools/actions-runner/staging/_work/ecohospital-esg-cicd/ecohospital-esg-cicd/.git.path
staging-pc / deploy	UNKNOWN STEP	2026-09-28T14:43:54.7253027Z includeif.gitdir:C:/Users/kalicon/Documents/Kalicon Programação/ESG FInal/.tools/actions-runner/staging/_work/ecohospital-esg-cicd/ecohospital-esg-cicd/.git/worktrees/*.path
staging-pc / deploy	UNKNOWN STEP	2026-09-28T14:43:54.7254403Z includeif.gitdir:/github/workspace/.git.path
staging-pc / deploy	UNKNOWN STEP	2026-09-28T14:43:54.7255524Z includeif.gitdir:/github/workspace/.git/worktrees/*.path
staging-pc / deploy	UNKNOWN STEP	2026-09-28T14:43:54.7363491Z [command]"C:\Program Files\Git\cmd\git.exe" config --local --get-all "includeif.gitdir:C:/Users/kalicon/Documents/Kalicon Programação/ESG FInal/.tools/actions-runner/staging/_work/ecohospital-esg-cicd/ecohospital-esg-cicd/.git.path"
staging-pc / deploy	UNKNOWN STEP	2026-09-28T14:43:54.7879412Z C:\Users\kalicon\Documents\Kalicon Programação\ESG FInal\.tools\actions-runner\staging\_work\_temp\git-credentials-0b2a32bc-e1c8-4e6a-836d-61a6eae1c25b.config
staging-pc / deploy	UNKNOWN STEP	2026-09-28T14:43:54.8003684Z [command]"C:\Program Files\Git\cmd\git.exe" config --local --unset "includeif.gitdir:C:/Users/kalicon/Documents/Kalicon Programação/ESG FInal/.tools/actions-runner/staging/_work/ecohospital-esg-cicd/ecohospital-esg-cicd/.git.path" "C\:\\Users\\kalicon\\Documents\\Kalicon\ Programa\ç\ão\\ESG\ FInal\\\.tools\\actions\-runner\\staging\\_work\\_temp\\git\-credentials\-0b2a32bc\-e1c8\-4e6a\-836d\-61a6eae1c25b\.config"
staging-pc / deploy	UNKNOWN STEP	2026-09-28T14:43:54.8684863Z [command]"C:\Program Files\Git\cmd\git.exe" config --local --get-all "includeif.gitdir:C:/Users/kalicon/Documents/Kalicon Programação/ESG FInal/.tools/actions-runner/staging/_work/ecohospital-esg-cicd/ecohospital-esg-cicd/.git/worktrees/*.path"
staging-pc / deploy	UNKNOWN STEP	2026-09-28T14:43:54.9216018Z C:\Users\kalicon\Documents\Kalicon Programação\ESG FInal\.tools\actions-runner\staging\_work\_temp\git-credentials-0b2a32bc-e1c8-4e6a-836d-61a6eae1c25b.config
staging-pc / deploy	UNKNOWN STEP	2026-09-28T14:43:54.9323115Z [command]"C:\Program Files\Git\cmd\git.exe" config --local --unset "includeif.gitdir:C:/Users/kalicon/Documents/Kalicon Programação/ESG FInal/.tools/actions-runner/staging/_work/ecohospital-esg-cicd/ecohospital-esg-cicd/.git/worktrees/*.path" "C\:\\Users\\kalicon\\Documents\\Kalicon\ Programa\ç\ão\\ESG\ FInal\\\.tools\\actions\-runner\\staging\\_work\\_temp\\git\-credentials\-0b2a32bc\-e1c8\-4e6a\-836d\-61a6eae1c25b\.config"
staging-pc / deploy	UNKNOWN STEP	2026-09-28T14:43:54.9983932Z [command]"C:\Program Files\Git\cmd\git.exe" config --local --get-all includeif.gitdir:/github/workspace/.git.path
staging-pc / deploy	UNKNOWN STEP	2026-09-28T14:43:55.0486843Z /github/runner_temp/git-credentials-0b2a32bc-e1c8-4e6a-836d-61a6eae1c25b.config
staging-pc / deploy	UNKNOWN STEP	2026-09-28T14:43:55.0563627Z [command]"C:\Program Files\Git\cmd\git.exe" config --local --unset includeif.gitdir:/github/workspace/.git.path \/github\/runner_temp\/git\-credentials\-0b2a32bc\-e1c8\-4e6a\-836d\-61a6eae1c25b\.config
staging-pc / deploy	UNKNOWN STEP	2026-09-28T14:43:55.1195632Z [command]"C:\Program Files\Git\cmd\git.exe" config --local --get-all includeif.gitdir:/github/workspace/.git/worktrees/*.path
staging-pc / deploy	UNKNOWN STEP	2026-09-28T14:43:55.1708377Z /github/runner_temp/git-credentials-0b2a32bc-e1c8-4e6a-836d-61a6eae1c25b.config
staging-pc / deploy	UNKNOWN STEP	2026-09-28T14:43:55.1799375Z [command]"C:\Program Files\Git\cmd\git.exe" config --local --unset includeif.gitdir:/github/workspace/.git/worktrees/*.path \/github\/runner_temp\/git\-credentials\-0b2a32bc\-e1c8\-4e6a\-836d\-61a6eae1c25b\.config
staging-pc / deploy	UNKNOWN STEP	2026-09-28T14:43:55.2382867Z [command]"C:\Program Files\Git\cmd\git.exe" submodule foreach --recursive "git config --local --show-origin --name-only --get-regexp remote.origin.url"
staging-pc / deploy	UNKNOWN STEP	2026-09-28T14:43:56.2901038Z Removing credentials config 'C:\Users\kalicon\Documents\Kalicon Programação\ESG FInal\.tools\actions-runner\staging\_work\_temp\git-credentials-0b2a32bc-e1c8-4e6a-836d-61a6eae1c25b.config'
staging-pc / deploy	UNKNOWN STEP	2026-09-28T14:43:56.3306685Z Evaluate and set environment url
staging-pc / deploy	UNKNOWN STEP	2026-09-28T14:43:56.3344621Z Evaluated environment url: http://localhost:8081
staging-pc / deploy	UNKNOWN STEP	2026-09-28T14:43:56.3345913Z Cleaning up orphan processes
production-pc / deploy	UNKNOWN STEP	﻿2026-09-28T14:50:44.9029425Z Current runner version: '2.337.0'
production-pc / deploy	UNKNOWN STEP	2026-09-28T14:50:44.9051055Z Runner name: 'ecohospital-production-1790606660'
production-pc / deploy	UNKNOWN STEP	2026-09-28T14:50:44.9057174Z Runner group name: 'Default'
production-pc / deploy	UNKNOWN STEP	2026-09-28T14:50:44.9059551Z Machine name: 'RH-S0HQ6AT'
production-pc / deploy	UNKNOWN STEP	2026-09-28T14:50:44.9071538Z ##[group]GITHUB_TOKEN Permissions
production-pc / deploy	UNKNOWN STEP	2026-09-28T14:50:44.9077989Z Contents: read
production-pc / deploy	UNKNOWN STEP	2026-09-28T14:50:44.9079327Z Metadata: read
production-pc / deploy	UNKNOWN STEP	2026-09-28T14:50:44.9080723Z Packages: read
production-pc / deploy	UNKNOWN STEP	2026-09-28T14:50:44.9082077Z ##[endgroup]
production-pc / deploy	UNKNOWN STEP	2026-09-28T14:50:44.9087498Z Secret source: Actions
production-pc / deploy	UNKNOWN STEP	2026-09-28T14:50:44.9089478Z Cache mode: write
production-pc / deploy	UNKNOWN STEP	2026-09-28T14:50:44.9091293Z Prepare workflow directory
production-pc / deploy	UNKNOWN STEP	2026-09-28T14:50:44.9865844Z Prepare all required actions
production-pc / deploy	UNKNOWN STEP	2026-09-28T14:50:44.9968607Z Getting action download info
production-pc / deploy	UNKNOWN STEP	2026-09-28T14:50:45.7579600Z Download action repository 'actions/checkout@v7' (SHA:3d3c42e5aac5ba805825da76410c181273ba90b1)
production-pc / deploy	UNKNOWN STEP	2026-09-28T14:50:46.7198772Z Download action repository 'actions/upload-artifact@v7' (SHA:043fb46d1a93c77aae656e7c1c64a875d1fc6a0a)
production-pc / deploy	UNKNOWN STEP	2026-09-28T14:50:48.9247515Z Uses: Kalicon/ecohospital-esg-cicd/.github/workflows/deploy-pc.yml@refs/heads/main (461ffa3eea37b904018856681c4fbea1cdc2c8b8)
production-pc / deploy	UNKNOWN STEP	2026-09-28T14:50:48.9265025Z ##[group] Inputs
production-pc / deploy	UNKNOWN STEP	2026-09-28T14:50:48.9266334Z   environment: production
production-pc / deploy	UNKNOWN STEP	2026-09-28T14:50:48.9268948Z   image: ghcr.io/kalicon/ecohospital-esg-cicd@sha256:6a170c3d0f26560afa548a895a67f0f8b8e32481d4a7dc016cc57a7b32b94086
production-pc / deploy	UNKNOWN STEP	2026-09-28T14:50:48.9279307Z   version: 461ffa3eea37b904018856681c4fbea1cdc2c8b8
production-pc / deploy	UNKNOWN STEP	2026-09-28T14:50:48.9282918Z ##[endgroup]
production-pc / deploy	UNKNOWN STEP	2026-09-28T14:50:48.9283616Z Complete job name: production-pc / deploy
production-pc / deploy	UNKNOWN STEP	2026-09-28T14:50:49.2371694Z ##[group]Run actions/checkout@v7
production-pc / deploy	UNKNOWN STEP	2026-09-28T14:50:49.2374553Z with:
production-pc / deploy	UNKNOWN STEP	2026-09-28T14:50:49.2377632Z   repository: Kalicon/ecohospital-esg-cicd
production-pc / deploy	UNKNOWN STEP	2026-09-28T14:50:49.2389480Z   token: ***
production-pc / deploy	UNKNOWN STEP	2026-09-28T14:50:49.2390337Z   ssh-strict: true
production-pc / deploy	UNKNOWN STEP	2026-09-28T14:50:49.2391101Z   ssh-user: git
production-pc / deploy	UNKNOWN STEP	2026-09-28T14:50:49.2391937Z   persist-credentials: true
production-pc / deploy	UNKNOWN STEP	2026-09-28T14:50:49.2392688Z   clean: true
production-pc / deploy	UNKNOWN STEP	2026-09-28T14:50:49.2393473Z   sparse-checkout-cone-mode: true
production-pc / deploy	UNKNOWN STEP	2026-09-28T14:50:49.2394375Z   fetch-depth: 1
production-pc / deploy	UNKNOWN STEP	2026-09-28T14:50:49.2395050Z   fetch-tags: false
production-pc / deploy	UNKNOWN STEP	2026-09-28T14:50:49.2395818Z   show-progress: true
production-pc / deploy	UNKNOWN STEP	2026-09-28T14:50:49.2396622Z   lfs: false
production-pc / deploy	UNKNOWN STEP	2026-09-28T14:50:49.2397313Z   submodules: false
production-pc / deploy	UNKNOWN STEP	2026-09-28T14:50:49.2398136Z   set-safe-directory: true
production-pc / deploy	UNKNOWN STEP	2026-09-28T14:50:49.2405801Z   allow-unsafe-pr-checkout: false
production-pc / deploy	UNKNOWN STEP	2026-09-28T14:50:49.2409325Z ##[endgroup]
production-pc / deploy	UNKNOWN STEP	2026-09-28T14:50:51.3659447Z Syncing repository: Kalicon/ecohospital-esg-cicd
production-pc / deploy	UNKNOWN STEP	2026-09-28T14:50:51.3663269Z ##[group]Getting Git version info
production-pc / deploy	UNKNOWN STEP	2026-09-28T14:50:51.3665990Z Working directory is 'C:\Users\kalicon\Documents\Kalicon Programação\ESG FInal\.tools\actions-runner\production\_work\ecohospital-esg-cicd\ecohospital-esg-cicd'
production-pc / deploy	UNKNOWN STEP	2026-09-28T14:50:51.5313585Z [command]"C:\Program Files\Git\cmd\git.exe" version
production-pc / deploy	UNKNOWN STEP	2026-09-28T14:50:51.6213654Z git version 2.50.0.windows.1
production-pc / deploy	UNKNOWN STEP	2026-09-28T14:50:51.6516843Z ##[endgroup]
production-pc / deploy	UNKNOWN STEP	2026-09-28T14:50:51.6530058Z Temporarily overriding HOME='C:\Users\kalicon\Documents\Kalicon Programação\ESG FInal\.tools\actions-runner\production\_work\_temp\3c08ff3f-0f12-4542-87f2-8271e3690eab' before making global git config changes
production-pc / deploy	UNKNOWN STEP	2026-09-28T14:50:51.6534476Z Adding repository directory to the temporary git global config as a safe directory
production-pc / deploy	UNKNOWN STEP	2026-09-28T14:50:51.6983829Z [command]"C:\Program Files\Git\cmd\git.exe" config --global --add safe.directory "C:\Users\kalicon\Documents\Kalicon Programação\ESG FInal\.tools\actions-runner\production\_work\ecohospital-esg-cicd\ecohospital-esg-cicd"
production-pc / deploy	UNKNOWN STEP	2026-09-28T14:50:51.9137619Z Deleting the contents of 'C:\Users\kalicon\Documents\Kalicon Programação\ESG FInal\.tools\actions-runner\production\_work\ecohospital-esg-cicd\ecohospital-esg-cicd'
production-pc / deploy	UNKNOWN STEP	2026-09-28T14:50:51.9141606Z ##[group]Determining repository object format
production-pc / deploy	UNKNOWN STEP	2026-09-28T14:50:51.9143354Z ##[endgroup]
production-pc / deploy	UNKNOWN STEP	2026-09-28T14:50:51.9144774Z ##[group]Initializing the repository
production-pc / deploy	UNKNOWN STEP	2026-09-28T14:50:51.9148278Z [command]"C:\Program Files\Git\cmd\git.exe" init "C:\Users\kalicon\Documents\Kalicon Programação\ESG FInal\.tools\actions-runner\production\_work\ecohospital-esg-cicd\ecohospital-esg-cicd"
production-pc / deploy	UNKNOWN STEP	2026-09-28T14:50:52.1004921Z Initialized empty Git repository in C:/Users/kalicon/Documents/Kalicon Programação/ESG FInal/.tools/actions-runner/production/_work/ecohospital-esg-cicd/ecohospital-esg-cicd/.git/
production-pc / deploy	UNKNOWN STEP	2026-09-28T14:50:52.1865602Z [command]"C:\Program Files\Git\cmd\git.exe" remote add origin https://github.com/Kalicon/ecohospital-esg-cicd
production-pc / deploy	UNKNOWN STEP	2026-09-28T14:50:52.5979971Z ##[endgroup]
production-pc / deploy	UNKNOWN STEP	2026-09-28T14:50:52.5985979Z ##[group]Disabling automatic garbage collection
production-pc / deploy	UNKNOWN STEP	2026-09-28T14:50:52.5988430Z [command]"C:\Program Files\Git\cmd\git.exe" config --local gc.auto 0
production-pc / deploy	UNKNOWN STEP	2026-09-28T14:50:52.7662641Z ##[endgroup]
production-pc / deploy	UNKNOWN STEP	2026-09-28T14:50:52.7808683Z ##[group]Setting up auth
production-pc / deploy	UNKNOWN STEP	2026-09-28T14:50:52.7810009Z Removing SSH command configuration
production-pc / deploy	UNKNOWN STEP	2026-09-28T14:50:52.7812280Z [command]"C:\Program Files\Git\cmd\git.exe" config --local --name-only --get-regexp core\.sshCommand
production-pc / deploy	UNKNOWN STEP	2026-09-28T14:50:52.8828220Z [command]"C:\Program Files\Git\cmd\git.exe" submodule foreach --recursive "sh -c \"git config --local --name-only --get-regexp 'core\.sshCommand' && git config --local --unset-all 'core.sshCommand' || :\""
production-pc / deploy	UNKNOWN STEP	2026-09-28T14:50:54.4980278Z Removing HTTP extra header
production-pc / deploy	UNKNOWN STEP	2026-09-28T14:50:54.5023665Z [command]"C:\Program Files\Git\cmd\git.exe" config --local --name-only --get-regexp http\.https\:\/\/github\.com\/\.extraheader
production-pc / deploy	UNKNOWN STEP	2026-09-28T14:50:54.6089876Z [command]"C:\Program Files\Git\cmd\git.exe" submodule foreach --recursive "sh -c \"git config --local --name-only --get-regexp 'http\.https\:\/\/github\.com\/\.extraheader' && git config --local --unset-all 'http.https://github.com/.extraheader' || :\""
production-pc / deploy	UNKNOWN STEP	2026-09-28T14:50:56.9944666Z Removing includeIf entries pointing to credentials config files
production-pc / deploy	UNKNOWN STEP	2026-09-28T14:50:56.9982867Z [command]"C:\Program Files\Git\cmd\git.exe" config --local --name-only --get-regexp ^includeIf\.gitdir:
production-pc / deploy	UNKNOWN STEP	2026-09-28T14:50:57.0812915Z [command]"C:\Program Files\Git\cmd\git.exe" submodule foreach --recursive "git config --local --show-origin --name-only --get-regexp remote.origin.url"
production-pc / deploy	UNKNOWN STEP	2026-09-28T14:50:58.7410389Z [command]"C:\Program Files\Git\cmd\git.exe" config --file "C:\Users\kalicon\Documents\Kalicon Programação\ESG FInal\.tools\actions-runner\production\_work\_temp\git-credentials-59cd67af-8bb9-468e-930a-cb4e8401c5f6.config" http.https://github.com/.extraheader "AUTHORIZATION: basic ***"
production-pc / deploy	UNKNOWN STEP	2026-09-28T14:50:58.8424380Z [command]"C:\Program Files\Git\cmd\git.exe" config --local "includeIf.gitdir:C:/Users/kalicon/Documents/Kalicon Programação/ESG FInal/.tools/actions-runner/production/_work/ecohospital-esg-cicd/ecohospital-esg-cicd/.git.path" "C:\Users\kalicon\Documents\Kalicon Programação\ESG FInal\.tools\actions-runner\production\_work\_temp\git-credentials-59cd67af-8bb9-468e-930a-cb4e8401c5f6.config"
production-pc / deploy	UNKNOWN STEP	2026-09-28T14:50:58.9257766Z [command]"C:\Program Files\Git\cmd\git.exe" config --local "includeIf.gitdir:C:/Users/kalicon/Documents/Kalicon Programação/ESG FInal/.tools/actions-runner/production/_work/ecohospital-esg-cicd/ecohospital-esg-cicd/.git/worktrees/*.path" "C:\Users\kalicon\Documents\Kalicon Programação\ESG FInal\.tools\actions-runner\production\_work\_temp\git-credentials-59cd67af-8bb9-468e-930a-cb4e8401c5f6.config"
production-pc / deploy	UNKNOWN STEP	2026-09-28T14:50:59.0466539Z [command]"C:\Program Files\Git\cmd\git.exe" config --local includeIf.gitdir:/github/workspace/.git.path /github/runner_temp/git-credentials-59cd67af-8bb9-468e-930a-cb4e8401c5f6.config
production-pc / deploy	UNKNOWN STEP	2026-09-28T14:50:59.1568053Z [command]"C:\Program Files\Git\cmd\git.exe" config --local includeIf.gitdir:/github/workspace/.git/worktrees/*.path /github/runner_temp/git-credentials-59cd67af-8bb9-468e-930a-cb4e8401c5f6.config
production-pc / deploy	UNKNOWN STEP	2026-09-28T14:50:59.2548372Z ##[endgroup]
production-pc / deploy	UNKNOWN STEP	2026-09-28T14:50:59.2549883Z ##[group]Fetching the repository
production-pc / deploy	UNKNOWN STEP	2026-09-28T14:50:59.2553084Z [command]"C:\Program Files\Git\cmd\git.exe" -c protocol.version=2 fetch --no-tags --prune --no-recurse-submodules --depth=1 origin +461ffa3eea37b904018856681c4fbea1cdc2c8b8:refs/remotes/origin/main
production-pc / deploy	UNKNOWN STEP	2026-09-28T14:51:00.2966974Z From https://github.com/Kalicon/ecohospital-esg-cicd
production-pc / deploy	UNKNOWN STEP	2026-09-28T14:51:00.2968632Z  * [new ref]         461ffa3eea37b904018856681c4fbea1cdc2c8b8 -> origin/main
production-pc / deploy	UNKNOWN STEP	2026-09-28T14:51:00.3713240Z [command]"C:\Program Files\Git\cmd\git.exe" branch --list --remote origin/main
production-pc / deploy	UNKNOWN STEP	2026-09-28T14:51:00.4439549Z   origin/main
production-pc / deploy	UNKNOWN STEP	2026-09-28T14:51:00.4566960Z [command]"C:\Program Files\Git\cmd\git.exe" rev-parse refs/remotes/origin/main
production-pc / deploy	UNKNOWN STEP	2026-09-28T14:51:00.5348255Z 461ffa3eea37b904018856681c4fbea1cdc2c8b8
production-pc / deploy	UNKNOWN STEP	2026-09-28T14:51:00.5476690Z ##[endgroup]
production-pc / deploy	UNKNOWN STEP	2026-09-28T14:51:00.5482699Z ##[group]Determining the checkout info
production-pc / deploy	UNKNOWN STEP	2026-09-28T14:51:00.5485750Z ##[endgroup]
production-pc / deploy	UNKNOWN STEP	2026-09-28T14:51:00.5494835Z [command]"C:\Program Files\Git\cmd\git.exe" sparse-checkout disable
production-pc / deploy	UNKNOWN STEP	2026-09-28T14:51:00.9638688Z [command]"C:\Program Files\Git\cmd\git.exe" config --local --unset-all extensions.worktreeConfig
production-pc / deploy	UNKNOWN STEP	2026-09-28T14:51:01.0436168Z ##[group]Checking out the ref
production-pc / deploy	UNKNOWN STEP	2026-09-28T14:51:01.0438022Z [command]"C:\Program Files\Git\cmd\git.exe" checkout --progress --force -B main refs/remotes/origin/main
production-pc / deploy	UNKNOWN STEP	2026-09-28T14:51:01.3253206Z branch 'main' set up to track 'origin/main'.
production-pc / deploy	UNKNOWN STEP	2026-09-28T14:51:01.3419995Z Switched to a new branch 'main'
production-pc / deploy	UNKNOWN STEP	2026-09-28T14:51:01.4054295Z ##[endgroup]
production-pc / deploy	UNKNOWN STEP	2026-09-28T14:51:01.5825736Z [command]"C:\Program Files\Git\cmd\git.exe" log -1 --format=%H
production-pc / deploy	UNKNOWN STEP	2026-09-28T14:51:01.6428558Z 461ffa3eea37b904018856681c4fbea1cdc2c8b8
production-pc / deploy	UNKNOWN STEP	2026-09-28T14:51:01.7777046Z ##[group]Run .\scripts\deploy-local.ps1 -EnvironmentName $env:APP_ENV -Image $env:IMAGE -Version $env:APP_VERSION
production-pc / deploy	UNKNOWN STEP	2026-09-28T14:51:01.7779853Z ^[[36;1m.\scripts\deploy-local.ps1 -EnvironmentName $env:APP_ENV -Image $env:IMAGE -Version $env:APP_VERSION^[[0m
production-pc / deploy	UNKNOWN STEP	2026-09-28T14:51:01.8025630Z shell: C:\Windows\System32\WindowsPowerShell\v1.0\powershell.EXE -command ". '{0}'"
production-pc / deploy	UNKNOWN STEP	2026-09-28T14:51:01.8027163Z env:
production-pc / deploy	UNKNOWN STEP	2026-09-28T14:51:01.8027624Z   APP_ENV: production
production-pc / deploy	UNKNOWN STEP	2026-09-28T14:51:01.8029913Z   IMAGE: ghcr.io/kalicon/ecohospital-esg-cicd@sha256:6a170c3d0f26560afa548a895a67f0f8b8e32481d4a7dc016cc57a7b32b94086
production-pc / deploy	UNKNOWN STEP	2026-09-28T14:51:01.8034120Z   APP_VERSION: 461ffa3eea37b904018856681c4fbea1cdc2c8b8
production-pc / deploy	UNKNOWN STEP	2026-09-28T14:51:01.8035838Z ##[endgroup]
production-pc / deploy	UNKNOWN STEP	2026-09-28T14:51:05.1574912Z  Image ghcr.io/kalicon/ecohospital-esg-cicd@sha256:6a170c3d0f26560afa548a895a67f0f8b8e32481d4a7dc016cc57a7b32b94086 Pulling 
production-pc / deploy	UNKNOWN STEP	2026-09-28T14:51:07.2118292Z  Image ghcr.io/kalicon/ecohospital-esg-cicd@sha256:6a170c3d0f26560afa548a895a67f0f8b8e32481d4a7dc016cc57a7b32b94086 Pulled 
production-pc / deploy	UNKNOWN STEP	2026-09-28T14:51:07.7619575Z  Network ecohospital-production_esg-network Creating 
production-pc / deploy	UNKNOWN STEP	2026-09-28T14:51:07.7626359Z  Network ecohospital-production_esg-network Creating 
production-pc / deploy	UNKNOWN STEP	2026-09-28T14:51:07.7640996Z  Volume ecohospital-production_esg-data Creating 
production-pc / deploy	UNKNOWN STEP	2026-09-28T14:51:07.7745063Z  Volume ecohospital-production_esg-data Creating 
production-pc / deploy	UNKNOWN STEP	2026-09-28T14:51:07.8281136Z  Volume ecohospital-production_esg-data Created 
production-pc / deploy	UNKNOWN STEP	2026-09-28T14:51:07.8283144Z  Volume ecohospital-production_esg-data Created 
production-pc / deploy	UNKNOWN STEP	2026-09-28T14:51:08.1005330Z  Network ecohospital-production_esg-network Created 
production-pc / deploy	UNKNOWN STEP	2026-09-28T14:51:08.1012689Z  Network ecohospital-production_esg-network Created 
production-pc / deploy	UNKNOWN STEP	2026-09-28T14:51:08.1152894Z  Container ecohospital-production-app-1 Creating 
production-pc / deploy	UNKNOWN STEP	2026-09-28T14:51:08.7167637Z  Container ecohospital-production-app-1 Created 
production-pc / deploy	UNKNOWN STEP	2026-09-28T14:51:08.7865692Z  Container ecohospital-production-app-1 Starting 
production-pc / deploy	UNKNOWN STEP	2026-09-28T14:51:09.4649997Z  Container ecohospital-production-app-1 Started 
production-pc / deploy	UNKNOWN STEP	2026-09-28T14:51:09.4652794Z  Container ecohospital-production-app-1 Waiting 
production-pc / deploy	UNKNOWN STEP	2026-09-28T14:51:25.4731731Z  Container ecohospital-production-app-1 Healthy 
production-pc / deploy	UNKNOWN STEP	2026-09-28T14:51:28.1009294Z Deploy local concluÃ­do: http://localhost:8082 | production | 461ffa3eea37b904018856681c4fbea1cdc2c8b8
production-pc / deploy	UNKNOWN STEP	2026-09-28T14:51:28.2079607Z ##[group]Run actions/upload-artifact@v7
production-pc / deploy	UNKNOWN STEP	2026-09-28T14:51:28.2080466Z with:
production-pc / deploy	UNKNOWN STEP	2026-09-28T14:51:28.2080995Z   name: local-deploy-production-461ffa3eea37b904018856681c4fbea1cdc2c8b8
production-pc / deploy	UNKNOWN STEP	2026-09-28T14:51:28.2081631Z   path: evidence/
production-pc / deploy	UNKNOWN STEP	2026-09-28T14:51:28.2081939Z   if-no-files-found: warn
production-pc / deploy	UNKNOWN STEP	2026-09-28T14:51:28.2082283Z   compression-level: 6
production-pc / deploy	UNKNOWN STEP	2026-09-28T14:51:28.2083023Z   overwrite: false
production-pc / deploy	UNKNOWN STEP	2026-09-28T14:51:28.2083348Z   include-hidden-files: false
production-pc / deploy	UNKNOWN STEP	2026-09-28T14:51:28.2083829Z   archive: true
production-pc / deploy	UNKNOWN STEP	2026-09-28T14:51:28.2084116Z ##[endgroup]
production-pc / deploy	UNKNOWN STEP	2026-09-28T14:51:29.1452547Z With the provided path, there will be 2 files uploaded
production-pc / deploy	UNKNOWN STEP	2026-09-28T14:51:29.1463315Z Artifact name is valid!
production-pc / deploy	UNKNOWN STEP	2026-09-28T14:51:29.1467916Z Root directory input is valid!
production-pc / deploy	UNKNOWN STEP	2026-09-28T14:51:29.7756053Z Uploading artifact: local-deploy-production-461ffa3eea37b904018856681c4fbea1cdc2c8b8.zip
production-pc / deploy	UNKNOWN STEP	2026-09-28T14:51:29.7852939Z Beginning upload of artifact content to blob storage
production-pc / deploy	UNKNOWN STEP	2026-09-28T14:51:30.3889691Z Uploaded bytes 1156
production-pc / deploy	UNKNOWN STEP	2026-09-28T14:51:30.5235557Z Finished uploading artifact content to blob storage!
production-pc / deploy	UNKNOWN STEP	2026-09-28T14:51:30.5237858Z SHA256 digest of uploaded artifact is a2c78c7af72addfafb8ca9e8154ab72a2cbb1a8338833e97171e30b14071c00f
production-pc / deploy	UNKNOWN STEP	2026-09-28T14:51:30.5239441Z Finalizing artifact upload
production-pc / deploy	UNKNOWN STEP	2026-09-28T14:51:31.1835861Z Artifact local-deploy-production-461ffa3eea37b904018856681c4fbea1cdc2c8b8 successfully finalized. Artifact ID 10976997203
production-pc / deploy	UNKNOWN STEP	2026-09-28T14:51:31.1838847Z Artifact local-deploy-production-461ffa3eea37b904018856681c4fbea1cdc2c8b8 has been successfully uploaded! Final size is 1156 bytes. Artifact ID is 10976997203
production-pc / deploy	UNKNOWN STEP	2026-09-28T14:51:31.1860022Z Artifact download URL: https://github.com/Kalicon/ecohospital-esg-cicd/actions/runs/36438015592/artifacts/10976997203
production-pc / deploy	UNKNOWN STEP	2026-09-28T14:51:31.2633262Z Post job cleanup.
production-pc / deploy	UNKNOWN STEP	2026-09-28T14:51:31.5555009Z [command]"C:\Program Files\Git\cmd\git.exe" version
production-pc / deploy	UNKNOWN STEP	2026-09-28T14:51:31.6209466Z git version 2.50.0.windows.1
production-pc / deploy	UNKNOWN STEP	2026-09-28T14:51:31.6346489Z Temporarily overriding HOME='C:\Users\kalicon\Documents\Kalicon Programação\ESG FInal\.tools\actions-runner\production\_work\_temp\191d308c-c00e-44e3-a6ba-6dd8626aff73' before making global git config changes
production-pc / deploy	UNKNOWN STEP	2026-09-28T14:51:31.6351897Z Adding repository directory to the temporary git global config as a safe directory
production-pc / deploy	UNKNOWN STEP	2026-09-28T14:51:31.6378597Z [command]"C:\Program Files\Git\cmd\git.exe" config --global --add safe.directory "C:\Users\kalicon\Documents\Kalicon Programação\ESG FInal\.tools\actions-runner\production\_work\ecohospital-esg-cicd\ecohospital-esg-cicd"
production-pc / deploy	UNKNOWN STEP	2026-09-28T14:51:31.7115977Z Removing SSH command configuration
production-pc / deploy	UNKNOWN STEP	2026-09-28T14:51:31.7146658Z [command]"C:\Program Files\Git\cmd\git.exe" config --local --name-only --get-regexp core\.sshCommand
production-pc / deploy	UNKNOWN STEP	2026-09-28T14:51:31.7906370Z [command]"C:\Program Files\Git\cmd\git.exe" submodule foreach --recursive "sh -c \"git config --local --name-only --get-regexp 'core\.sshCommand' && git config --local --unset-all 'core.sshCommand' || :\""
production-pc / deploy	UNKNOWN STEP	2026-09-28T14:51:33.0139496Z Removing HTTP extra header
production-pc / deploy	UNKNOWN STEP	2026-09-28T14:51:33.0169270Z [command]"C:\Program Files\Git\cmd\git.exe" config --local --name-only --get-regexp http\.https\:\/\/github\.com\/\.extraheader
production-pc / deploy	UNKNOWN STEP	2026-09-28T14:51:33.0837387Z [command]"C:\Program Files\Git\cmd\git.exe" submodule foreach --recursive "sh -c \"git config --local --name-only --get-regexp 'http\.https\:\/\/github\.com\/\.extraheader' && git config --local --unset-all 'http.https://github.com/.extraheader' || :\""
production-pc / deploy	UNKNOWN STEP	2026-09-28T14:51:34.3953348Z Removing includeIf entries pointing to credentials config files
production-pc / deploy	UNKNOWN STEP	2026-09-28T14:51:34.3978487Z [command]"C:\Program Files\Git\cmd\git.exe" config --local --name-only --get-regexp ^includeIf\.gitdir:
production-pc / deploy	UNKNOWN STEP	2026-09-28T14:51:34.4550155Z includeif.gitdir:C:/Users/kalicon/Documents/Kalicon Programação/ESG FInal/.tools/actions-runner/production/_work/ecohospital-esg-cicd/ecohospital-esg-cicd/.git.path
production-pc / deploy	UNKNOWN STEP	2026-09-28T14:51:34.4552638Z includeif.gitdir:C:/Users/kalicon/Documents/Kalicon Programação/ESG FInal/.tools/actions-runner/production/_work/ecohospital-esg-cicd/ecohospital-esg-cicd/.git/worktrees/*.path
production-pc / deploy	UNKNOWN STEP	2026-09-28T14:51:34.4554058Z includeif.gitdir:/github/workspace/.git.path
production-pc / deploy	UNKNOWN STEP	2026-09-28T14:51:34.4554741Z includeif.gitdir:/github/workspace/.git/worktrees/*.path
production-pc / deploy	UNKNOWN STEP	2026-09-28T14:51:34.4690326Z [command]"C:\Program Files\Git\cmd\git.exe" config --local --get-all "includeif.gitdir:C:/Users/kalicon/Documents/Kalicon Programação/ESG FInal/.tools/actions-runner/production/_work/ecohospital-esg-cicd/ecohospital-esg-cicd/.git.path"
production-pc / deploy	UNKNOWN STEP	2026-09-28T14:51:34.5434185Z C:\Users\kalicon\Documents\Kalicon Programação\ESG FInal\.tools\actions-runner\production\_work\_temp\git-credentials-59cd67af-8bb9-468e-930a-cb4e8401c5f6.config
production-pc / deploy	UNKNOWN STEP	2026-09-28T14:51:34.5584100Z [command]"C:\Program Files\Git\cmd\git.exe" config --local --unset "includeif.gitdir:C:/Users/kalicon/Documents/Kalicon Programação/ESG FInal/.tools/actions-runner/production/_work/ecohospital-esg-cicd/ecohospital-esg-cicd/.git.path" "C\:\\Users\\kalicon\\Documents\\Kalicon\ Programa\ç\ão\\ESG\ FInal\\\.tools\\actions\-runner\\production\\_work\\_temp\\git\-credentials\-59cd67af\-8bb9\-468e\-930a\-cb4e8401c5f6\.config"
production-pc / deploy	UNKNOWN STEP	2026-09-28T14:51:34.6368410Z [command]"C:\Program Files\Git\cmd\git.exe" config --local --get-all "includeif.gitdir:C:/Users/kalicon/Documents/Kalicon Programação/ESG FInal/.tools/actions-runner/production/_work/ecohospital-esg-cicd/ecohospital-esg-cicd/.git/worktrees/*.path"
production-pc / deploy	UNKNOWN STEP	2026-09-28T14:51:34.6995682Z C:\Users\kalicon\Documents\Kalicon Programação\ESG FInal\.tools\actions-runner\production\_work\_temp\git-credentials-59cd67af-8bb9-468e-930a-cb4e8401c5f6.config
production-pc / deploy	UNKNOWN STEP	2026-09-28T14:51:34.7115069Z [command]"C:\Program Files\Git\cmd\git.exe" config --local --unset "includeif.gitdir:C:/Users/kalicon/Documents/Kalicon Programação/ESG FInal/.tools/actions-runner/production/_work/ecohospital-esg-cicd/ecohospital-esg-cicd/.git/worktrees/*.path" "C\:\\Users\\kalicon\\Documents\\Kalicon\ Programa\ç\ão\\ESG\ FInal\\\.tools\\actions\-runner\\production\\_work\\_temp\\git\-credentials\-59cd67af\-8bb9\-468e\-930a\-cb4e8401c5f6\.config"
production-pc / deploy	UNKNOWN STEP	2026-09-28T14:51:34.7843565Z [command]"C:\Program Files\Git\cmd\git.exe" config --local --get-all includeif.gitdir:/github/workspace/.git.path
production-pc / deploy	UNKNOWN STEP	2026-09-28T14:51:34.8544656Z /github/runner_temp/git-credentials-59cd67af-8bb9-468e-930a-cb4e8401c5f6.config
production-pc / deploy	UNKNOWN STEP	2026-09-28T14:51:34.8696557Z [command]"C:\Program Files\Git\cmd\git.exe" config --local --unset includeif.gitdir:/github/workspace/.git.path \/github\/runner_temp\/git\-credentials\-59cd67af\-8bb9\-468e\-930a\-cb4e8401c5f6\.config
production-pc / deploy	UNKNOWN STEP	2026-09-28T14:51:34.9630201Z [command]"C:\Program Files\Git\cmd\git.exe" config --local --get-all includeif.gitdir:/github/workspace/.git/worktrees/*.path
production-pc / deploy	UNKNOWN STEP	2026-09-28T14:51:35.0225627Z /github/runner_temp/git-credentials-59cd67af-8bb9-468e-930a-cb4e8401c5f6.config
production-pc / deploy	UNKNOWN STEP	2026-09-28T14:51:35.0338472Z [command]"C:\Program Files\Git\cmd\git.exe" config --local --unset includeif.gitdir:/github/workspace/.git/worktrees/*.path \/github\/runner_temp\/git\-credentials\-59cd67af\-8bb9\-468e\-930a\-cb4e8401c5f6\.config
production-pc / deploy	UNKNOWN STEP	2026-09-28T14:51:35.1211241Z [command]"C:\Program Files\Git\cmd\git.exe" submodule foreach --recursive "git config --local --show-origin --name-only --get-regexp remote.origin.url"
production-pc / deploy	UNKNOWN STEP	2026-09-28T14:51:36.3344583Z Removing credentials config 'C:\Users\kalicon\Documents\Kalicon Programação\ESG FInal\.tools\actions-runner\production\_work\_temp\git-credentials-59cd67af-8bb9-468e-930a-cb4e8401c5f6.config'
production-pc / deploy	UNKNOWN STEP	2026-09-28T14:51:36.3727715Z Evaluate and set environment url
production-pc / deploy	UNKNOWN STEP	2026-09-28T14:51:36.3776634Z Evaluated environment url: http://localhost:8082
production-pc / deploy	UNKNOWN STEP	2026-09-28T14:51:36.3777791Z Cleaning up orphan processes
