verify	Set up job	﻿2026-09-28T14:33:43.6571007Z Current runner version: '2.337.0'
verify	Set up job	2026-09-28T14:33:43.6597531Z ##[group]Runner Image Provisioner
verify	Set up job	2026-09-28T14:33:43.6598523Z Hosted Compute Agent
verify	Set up job	2026-09-28T14:33:43.6599121Z Version: 20260828.587
verify	Set up job	2026-09-28T14:33:43.6599921Z Commit: abac92662cab4cc7352de4f9f9d2e2419aad9c29
verify	Set up job	2026-09-28T14:33:43.6601262Z Build Date: 2026-08-28T16:44:25Z
verify	Set up job	2026-09-28T14:33:43.6602975Z Worker ID: {c1fdd7ce-ccee-4ee4-951a-ba223a561edf}
verify	Set up job	2026-09-28T14:33:43.6604315Z Azure Region: northcentralus
verify	Set up job	2026-09-28T14:33:43.6605477Z ##[endgroup]
verify	Set up job	2026-09-28T14:33:43.6607752Z ##[group]Operating System
verify	Set up job	2026-09-28T14:33:43.6608999Z Ubuntu
verify	Set up job	2026-09-28T14:33:43.6610112Z 24.04.5
verify	Set up job	2026-09-28T14:33:43.6611126Z LTS
verify	Set up job	2026-09-28T14:33:43.6612395Z ##[endgroup]
verify	Set up job	2026-09-28T14:33:43.6613436Z ##[group]Runner Image
verify	Set up job	2026-09-28T14:33:43.6614546Z Image: ubuntu-24.04
verify	Set up job	2026-09-28T14:33:43.6615497Z Version: 20260920.314.1
verify	Set up job	2026-09-28T14:33:43.6617227Z Included Software: https://github.com/actions/runner-images/blob/ubuntu24/20260920.314/images/ubuntu/Ubuntu2404-Readme.md
verify	Set up job	2026-09-28T14:33:43.6620316Z Image Release: https://github.com/actions/runner-images/releases/tag/ubuntu24%2F20260920.314
verify	Set up job	2026-09-28T14:33:43.6621484Z ##[endgroup]
verify	Set up job	2026-09-28T14:33:43.6623051Z ##[group]GITHUB_TOKEN Permissions
verify	Set up job	2026-09-28T14:33:43.6625675Z Contents: read
verify	Set up job	2026-09-28T14:33:43.6626417Z Metadata: read
verify	Set up job	2026-09-28T14:33:43.6626977Z ##[endgroup]
verify	Set up job	2026-09-28T14:33:43.6629240Z Secret source: Actions
verify	Set up job	2026-09-28T14:33:43.6630251Z Cache mode: write
verify	Set up job	2026-09-28T14:33:43.6631209Z Prepare workflow directory
verify	Set up job	2026-09-28T14:33:43.7123183Z Prepare all required actions
verify	Set up job	2026-09-28T14:33:43.7196158Z Getting action download info
verify	Set up job	2026-09-28T14:33:43.9808788Z Download action repository 'actions/checkout@v7' (SHA:3d3c42e5aac5ba805825da76410c181273ba90b1)
verify	Set up job	2026-09-28T14:33:44.0764154Z Download action repository 'actions/setup-java@v6' (SHA:de7274f081f381c8f8158605e0321c36c376e2e6)
verify	Set up job	2026-09-28T14:33:44.5687563Z Download action repository 'actions/setup-node@v7' (SHA:820762786026740c76f36085b0efc47a31fe5020)
verify	Set up job	2026-09-28T14:33:44.6522729Z Download action repository 'actions/upload-artifact@v7' (SHA:043fb46d1a93c77aae656e7c1c64a875d1fc6a0a)
verify	Set up job	2026-09-28T14:33:44.8554154Z Complete job name: verify
verify	Run actions/checkout@v7	﻿2026-09-28T14:33:44.9406338Z ##[group]Run actions/checkout@v7
verify	Run actions/checkout@v7	2026-09-28T14:33:44.9407335Z with:
verify	Run actions/checkout@v7	2026-09-28T14:33:44.9407866Z   repository: Kalicon/ecohospital-esg-cicd
verify	Run actions/checkout@v7	2026-09-28T14:33:44.9412565Z   token: ***
verify	Run actions/checkout@v7	2026-09-28T14:33:44.9413072Z   ssh-strict: true
verify	Run actions/checkout@v7	2026-09-28T14:33:44.9413550Z   ssh-user: git
verify	Run actions/checkout@v7	2026-09-28T14:33:44.9414033Z   persist-credentials: true
verify	Run actions/checkout@v7	2026-09-28T14:33:44.9414553Z   clean: true
verify	Run actions/checkout@v7	2026-09-28T14:33:44.9415027Z   sparse-checkout-cone-mode: true
verify	Run actions/checkout@v7	2026-09-28T14:33:44.9415593Z   fetch-depth: 1
verify	Run actions/checkout@v7	2026-09-28T14:33:44.9416053Z   fetch-tags: false
verify	Run actions/checkout@v7	2026-09-28T14:33:44.9416528Z   show-progress: true
verify	Run actions/checkout@v7	2026-09-28T14:33:44.9417015Z   lfs: false
verify	Run actions/checkout@v7	2026-09-28T14:33:44.9417714Z   submodules: false
verify	Run actions/checkout@v7	2026-09-28T14:33:44.9418329Z   set-safe-directory: true
verify	Run actions/checkout@v7	2026-09-28T14:33:44.9418979Z   allow-unsafe-pr-checkout: false
verify	Run actions/checkout@v7	2026-09-28T14:33:44.9420122Z ##[endgroup]
verify	Run actions/checkout@v7	2026-09-28T14:33:45.0468017Z Syncing repository: Kalicon/ecohospital-esg-cicd
verify	Run actions/checkout@v7	2026-09-28T14:33:45.0470523Z ##[group]Getting Git version info
verify	Run actions/checkout@v7	2026-09-28T14:33:45.0472095Z Working directory is '/home/runner/work/ecohospital-esg-cicd/ecohospital-esg-cicd'
verify	Run actions/checkout@v7	2026-09-28T14:33:45.0473906Z [command]/usr/bin/git version
verify	Run actions/checkout@v7	2026-09-28T14:33:45.0563737Z git version 2.55.0
verify	Run actions/checkout@v7	2026-09-28T14:33:45.0621377Z ##[endgroup]
verify	Run actions/checkout@v7	2026-09-28T14:33:45.0630439Z Temporarily overriding HOME='/home/runner/work/_temp/c59464ab-9aa2-4946-8690-998e58fa3070' before making global git config changes
verify	Run actions/checkout@v7	2026-09-28T14:33:45.0633572Z Adding repository directory to the temporary git global config as a safe directory
verify	Run actions/checkout@v7	2026-09-28T14:33:45.0636180Z [command]/usr/bin/git config --global --add safe.directory /home/runner/work/ecohospital-esg-cicd/ecohospital-esg-cicd
verify	Run actions/checkout@v7	2026-09-28T14:33:45.0685625Z Deleting the contents of '/home/runner/work/ecohospital-esg-cicd/ecohospital-esg-cicd'
verify	Run actions/checkout@v7	2026-09-28T14:33:45.0698561Z ##[group]Determining repository object format
verify	Run actions/checkout@v7	2026-09-28T14:33:45.0701261Z ##[endgroup]
verify	Run actions/checkout@v7	2026-09-28T14:33:45.0703198Z ##[group]Initializing the repository
verify	Run actions/checkout@v7	2026-09-28T14:33:45.0704449Z [command]/usr/bin/git init /home/runner/work/ecohospital-esg-cicd/ecohospital-esg-cicd
verify	Run actions/checkout@v7	2026-09-28T14:33:45.0820073Z hint: Using 'master' as the name for the initial branch. This default branch name
verify	Run actions/checkout@v7	2026-09-28T14:33:45.0823189Z hint: will change to "main" in Git 3.0. To configure the initial branch name
verify	Run actions/checkout@v7	2026-09-28T14:33:45.0826334Z hint: to use in all of your new repositories, which will suppress this warning,
verify	Run actions/checkout@v7	2026-09-28T14:33:45.0828035Z hint: call:
verify	Run actions/checkout@v7	2026-09-28T14:33:45.0829365Z hint:
verify	Run actions/checkout@v7	2026-09-28T14:33:45.0830363Z hint: 	git config --global init.defaultBranch <name>
verify	Run actions/checkout@v7	2026-09-28T14:33:45.0831305Z hint:
verify	Run actions/checkout@v7	2026-09-28T14:33:45.0832883Z hint: Names commonly chosen instead of 'master' are 'main', 'trunk' and
verify	Run actions/checkout@v7	2026-09-28T14:33:45.0834274Z hint: 'development'. The just-created branch can be renamed via this command:
verify	Run actions/checkout@v7	2026-09-28T14:33:45.0836315Z hint:
verify	Run actions/checkout@v7	2026-09-28T14:33:45.0837383Z hint: 	git branch -m <name>
verify	Run actions/checkout@v7	2026-09-28T14:33:45.0838326Z hint:
verify	Run actions/checkout@v7	2026-09-28T14:33:45.0839437Z hint: Disable this message with "git config set advice.defaultBranchName false"
verify	Run actions/checkout@v7	2026-09-28T14:33:45.0841216Z Initialized empty Git repository in /home/runner/work/ecohospital-esg-cicd/ecohospital-esg-cicd/.git/
verify	Run actions/checkout@v7	2026-09-28T14:33:45.0900437Z [command]/usr/bin/git remote add origin https://github.com/Kalicon/ecohospital-esg-cicd
verify	Run actions/checkout@v7	2026-09-28T14:33:45.0905654Z ##[endgroup]
verify	Run actions/checkout@v7	2026-09-28T14:33:45.0908114Z ##[group]Disabling automatic garbage collection
verify	Run actions/checkout@v7	2026-09-28T14:33:45.0910190Z [command]/usr/bin/git config --local gc.auto 0
verify	Run actions/checkout@v7	2026-09-28T14:33:45.0961934Z ##[endgroup]
verify	Run actions/checkout@v7	2026-09-28T14:33:45.0963826Z ##[group]Setting up auth
verify	Run actions/checkout@v7	2026-09-28T14:33:45.0965047Z Removing SSH command configuration
verify	Run actions/checkout@v7	2026-09-28T14:33:45.0968331Z [command]/usr/bin/git config --local --name-only --get-regexp core\.sshCommand
verify	Run actions/checkout@v7	2026-09-28T14:33:45.1008491Z [command]/usr/bin/git submodule foreach --recursive sh -c "git config --local --name-only --get-regexp 'core\.sshCommand' && git config --local --unset-all 'core.sshCommand' || :"
verify	Run actions/checkout@v7	2026-09-28T14:33:45.1539489Z Removing HTTP extra header
verify	Run actions/checkout@v7	2026-09-28T14:33:45.1545704Z [command]/usr/bin/git config --local --name-only --get-regexp http\.https\:\/\/github\.com\/\.extraheader
verify	Run actions/checkout@v7	2026-09-28T14:33:45.1582243Z [command]/usr/bin/git submodule foreach --recursive sh -c "git config --local --name-only --get-regexp 'http\.https\:\/\/github\.com\/\.extraheader' && git config --local --unset-all 'http.https://github.com/.extraheader' || :"
verify	Run actions/checkout@v7	2026-09-28T14:33:45.1808890Z Removing includeIf entries pointing to credentials config files
verify	Run actions/checkout@v7	2026-09-28T14:33:45.1813935Z [command]/usr/bin/git config --local --name-only --get-regexp ^includeIf\.gitdir:
verify	Run actions/checkout@v7	2026-09-28T14:33:45.1851282Z [command]/usr/bin/git submodule foreach --recursive git config --local --show-origin --name-only --get-regexp remote.origin.url
verify	Run actions/checkout@v7	2026-09-28T14:33:45.2093221Z [command]/usr/bin/git config --file /home/runner/work/_temp/git-credentials-7019e437-0f35-4c49-95dc-b090ec67bfea.config http.https://github.com/.extraheader AUTHORIZATION: basic ***
verify	Run actions/checkout@v7	2026-09-28T14:33:45.2134319Z [command]/usr/bin/git config --local includeIf.gitdir:/home/runner/work/ecohospital-esg-cicd/ecohospital-esg-cicd/.git.path /home/runner/work/_temp/git-credentials-7019e437-0f35-4c49-95dc-b090ec67bfea.config
verify	Run actions/checkout@v7	2026-09-28T14:33:45.2167792Z [command]/usr/bin/git config --local includeIf.gitdir:/home/runner/work/ecohospital-esg-cicd/ecohospital-esg-cicd/.git/worktrees/*.path /home/runner/work/_temp/git-credentials-7019e437-0f35-4c49-95dc-b090ec67bfea.config
verify	Run actions/checkout@v7	2026-09-28T14:33:45.2208495Z [command]/usr/bin/git config --local includeIf.gitdir:/github/workspace/.git.path /github/runner_temp/git-credentials-7019e437-0f35-4c49-95dc-b090ec67bfea.config
verify	Run actions/checkout@v7	2026-09-28T14:33:45.2244635Z [command]/usr/bin/git config --local includeIf.gitdir:/github/workspace/.git/worktrees/*.path /github/runner_temp/git-credentials-7019e437-0f35-4c49-95dc-b090ec67bfea.config
verify	Run actions/checkout@v7	2026-09-28T14:33:45.2276650Z ##[endgroup]
verify	Run actions/checkout@v7	2026-09-28T14:33:45.2277743Z ##[group]Fetching the repository
verify	Run actions/checkout@v7	2026-09-28T14:33:45.2284583Z [command]/usr/bin/git -c protocol.version=2 fetch --no-tags --prune --no-recurse-submodules --depth=1 origin +a18651f2c875f6e85834c570d5c8eb643a0806b7:refs/remotes/origin/main
verify	Run actions/checkout@v7	2026-09-28T14:33:45.6405417Z From https://github.com/Kalicon/ecohospital-esg-cicd
verify	Run actions/checkout@v7	2026-09-28T14:33:45.6407155Z  * [new ref]         a18651f2c875f6e85834c570d5c8eb643a0806b7 -> origin/main
verify	Run actions/checkout@v7	2026-09-28T14:33:45.6416789Z [command]/usr/bin/git branch --list --remote origin/main
verify	Run actions/checkout@v7	2026-09-28T14:33:45.6448565Z   origin/main
verify	Run actions/checkout@v7	2026-09-28T14:33:45.6457779Z [command]/usr/bin/git rev-parse refs/remotes/origin/main
verify	Run actions/checkout@v7	2026-09-28T14:33:45.6484673Z a18651f2c875f6e85834c570d5c8eb643a0806b7
verify	Run actions/checkout@v7	2026-09-28T14:33:45.6489947Z ##[endgroup]
verify	Run actions/checkout@v7	2026-09-28T14:33:45.6491629Z ##[group]Determining the checkout info
verify	Run actions/checkout@v7	2026-09-28T14:33:45.6494856Z ##[endgroup]
verify	Run actions/checkout@v7	2026-09-28T14:33:45.6496455Z [command]/usr/bin/git sparse-checkout disable
verify	Run actions/checkout@v7	2026-09-28T14:33:45.6551529Z [command]/usr/bin/git config --local --unset-all extensions.worktreeConfig
verify	Run actions/checkout@v7	2026-09-28T14:33:45.6590193Z ##[group]Checking out the ref
verify	Run actions/checkout@v7	2026-09-28T14:33:45.6593680Z [command]/usr/bin/git checkout --progress --force -B main refs/remotes/origin/main
verify	Run actions/checkout@v7	2026-09-28T14:33:45.6740637Z Switched to a new branch 'main'
verify	Run actions/checkout@v7	2026-09-28T14:33:45.6747438Z branch 'main' set up to track 'origin/main'.
verify	Run actions/checkout@v7	2026-09-28T14:33:45.6758454Z ##[endgroup]
verify	Run actions/checkout@v7	2026-09-28T14:33:45.6829648Z [command]/usr/bin/git log -1 --format=%H
verify	Run actions/checkout@v7	2026-09-28T14:33:45.6879581Z a18651f2c875f6e85834c570d5c8eb643a0806b7
verify	Run actions/setup-java@v6	﻿2026-09-28T14:33:45.7474984Z ##[group]Run actions/setup-java@v6
verify	Run actions/setup-java@v6	2026-09-28T14:33:45.7476208Z with:
verify	Run actions/setup-java@v6	2026-09-28T14:33:45.7477070Z   distribution: temurin
verify	Run actions/setup-java@v6	2026-09-28T14:33:45.7478069Z   java-version: 17
verify	Run actions/setup-java@v6	2026-09-28T14:33:45.7478982Z   cache: maven
verify	Run actions/setup-java@v6	2026-09-28T14:33:45.7479882Z   java-package: jdk
verify	Run actions/setup-java@v6	2026-09-28T14:33:45.7480844Z   check-latest: false
verify	Run actions/setup-java@v6	2026-09-28T14:33:45.7482001Z   force-download: false
verify	Run actions/setup-java@v6	2026-09-28T14:33:45.7483009Z   set-default: true
verify	Run actions/setup-java@v6	2026-09-28T14:33:45.7483945Z   server-id: github
verify	Run actions/setup-java@v6	2026-09-28T14:33:45.7484972Z   mvn-repositories-include-central: true
verify	Run actions/setup-java@v6	2026-09-28T14:33:45.7486360Z   mvn-repositories-prioritize-central: true
verify	Run actions/setup-java@v6	2026-09-28T14:33:45.7487669Z   overwrite-settings: true
verify	Run actions/setup-java@v6	2026-09-28T14:33:45.7488731Z   cache-read-only: false
verify	Run actions/setup-java@v6	2026-09-28T14:33:45.7489730Z   job-status: success
verify	Run actions/setup-java@v6	2026-09-28T14:33:45.7499075Z   token: ***
verify	Run actions/setup-java@v6	2026-09-28T14:33:45.7500020Z   show-download-progress: false
verify	Run actions/setup-java@v6	2026-09-28T14:33:45.7501150Z   problem-matcher: true
verify	Run actions/setup-java@v6	2026-09-28T14:33:45.7502273Z ##[endgroup]
verify	Run actions/setup-java@v6	2026-09-28T14:33:45.8320512Z ##[group]Installed distributions
verify	Run actions/setup-java@v6	2026-09-28T14:33:45.8907612Z Resolved Java 17.0.20+1 from tool-cache
verify	Run actions/setup-java@v6	2026-09-28T14:33:45.8909916Z Setting Java 17.0.20+1 as the default
verify	Run actions/setup-java@v6	2026-09-28T14:33:45.8916907Z 
verify	Run actions/setup-java@v6	2026-09-28T14:33:45.8917788Z Java configuration:
verify	Run actions/setup-java@v6	2026-09-28T14:33:45.8918868Z   Distribution: temurin
verify	Run actions/setup-java@v6	2026-09-28T14:33:45.8919890Z   Version: 17.0.20+1
verify	Run actions/setup-java@v6	2026-09-28T14:33:45.8921242Z   Path: /opt/hostedtoolcache/Java_Temurin-Hotspot_jdk/17.0.20-1/x64
verify	Run actions/setup-java@v6	2026-09-28T14:33:45.8923212Z 
verify	Run actions/setup-java@v6	2026-09-28T14:33:45.8965727Z ##[endgroup]
verify	Run actions/setup-java@v6	2026-09-28T14:33:45.9030518Z Creating settings.xml with server-id: github
verify	Run actions/setup-java@v6	2026-09-28T14:33:45.9035354Z Creating toolchains.xml for JDK version 17 from temurin
verify	Run actions/setup-java@v6	2026-09-28T14:33:45.9050843Z Writing to /home/runner/.m2/settings.xml
verify	Run actions/setup-java@v6	2026-09-28T14:33:45.9056937Z Writing to /home/runner/.m2/toolchains.xml
verify	Run actions/setup-java@v6	2026-09-28T14:33:45.9068859Z Configured MAVEN_ARGS to include -ntp to suppress Maven transfer progress logs. Set 'show-download-progress: true' to keep the download progress output.
verify	Run actions/setup-java@v6	2026-09-28T14:33:46.0824556Z Cache hit for: setup-java-Linux-x64-maven-66f01ad382ea930d3189cf3a0b02dc35b4e9b4016375c97b065237f2f5c8fc6d
verify	Run actions/setup-java@v6	2026-09-28T14:33:46.1043997Z Cache hit for: setup-java-Linux-x64-maven-wrapper-8cfda2abb09e83e53b59dae5d410e36050316510ade3fef2521f1cb035ba1fc0
verify	Run actions/setup-java@v6	2026-09-28T14:33:46.8682747Z Received 59090270 of 59090270 (100.0%), 82.5 MBs/sec
verify	Run actions/setup-java@v6	2026-09-28T14:33:46.8683887Z Cache Size: ~56 MB (59090270 B)
verify	Run actions/setup-java@v6	2026-09-28T14:33:46.8789869Z [command]/usr/bin/tar -xf /home/runner/work/_temp/cfcd5ffa-d705-4209-a619-e509823b06d3/cache.tzst -P -C /home/runner/work/ecohospital-esg-cicd/ecohospital-esg-cicd --use-compress-program unzstd
verify	Run actions/setup-java@v6	2026-09-28T14:33:47.0587940Z Cache restored successfully
verify	Run actions/setup-java@v6	2026-09-28T14:33:47.0617881Z Cache restored from key: setup-java-Linux-x64-maven-66f01ad382ea930d3189cf3a0b02dc35b4e9b4016375c97b065237f2f5c8fc6d
verify	Run actions/setup-java@v6	2026-09-28T14:33:47.2110391Z Received 4930403 of 9124707 (54.0%), 4.7 MBs/sec
verify	Run actions/setup-java@v6	2026-09-28T14:33:48.2114130Z Received 4930403 of 9124707 (54.0%), 2.3 MBs/sec
verify	Run actions/setup-java@v6	2026-09-28T14:33:48.3141428Z Received 9124707 of 9124707 (100.0%), 4.1 MBs/sec
verify	Run actions/setup-java@v6	2026-09-28T14:33:48.3167721Z Cache Size: ~9 MB (9124707 B)
verify	Run actions/setup-java@v6	2026-09-28T14:33:48.3168965Z [command]/usr/bin/tar -xf /home/runner/work/_temp/37fa9ee8-e634-4b15-8c75-8b9d18d325e7/cache.tzst -P -C /home/runner/work/ecohospital-esg-cicd/ecohospital-esg-cicd --use-compress-program unzstd
verify	Run actions/setup-java@v6	2026-09-28T14:33:48.3461358Z Cache restored successfully
verify	Run actions/setup-java@v6	2026-09-28T14:33:48.3469390Z maven-wrapper cache restored from key: setup-java-Linux-x64-maven-wrapper-8cfda2abb09e83e53b59dae5d410e36050316510ade3fef2521f1cb035ba1fc0
verify	Run actions/setup-node@v7	﻿2026-09-28T14:33:48.3693652Z ##[group]Run actions/setup-node@v7
verify	Run actions/setup-node@v7	2026-09-28T14:33:48.3694007Z with:
verify	Run actions/setup-node@v7	2026-09-28T14:33:48.3694211Z   node-version: 22
verify	Run actions/setup-node@v7	2026-09-28T14:33:48.3694489Z   check-latest: false
verify	Run actions/setup-node@v7	2026-09-28T14:33:48.3696771Z   token: ***
verify	Run actions/setup-node@v7	2026-09-28T14:33:48.3697016Z   package-manager-cache: true
verify	Run actions/setup-node@v7	2026-09-28T14:33:48.3697273Z env:
verify	Run actions/setup-node@v7	2026-09-28T14:33:48.3697599Z   JAVA_HOME: /opt/hostedtoolcache/Java_Temurin-Hotspot_jdk/17.0.20-1/x64
verify	Run actions/setup-node@v7	2026-09-28T14:33:48.3698116Z   JAVA_HOME_17_X64: /opt/hostedtoolcache/Java_Temurin-Hotspot_jdk/17.0.20-1/x64
verify	Run actions/setup-node@v7	2026-09-28T14:33:48.3698549Z   MAVEN_ARGS: -ntp
verify	Run actions/setup-node@v7	2026-09-28T14:33:48.3698782Z ##[endgroup]
verify	Run actions/setup-node@v7	2026-09-28T14:33:48.5060331Z Found in cache @ /opt/hostedtoolcache/node/22.23.2/x64
verify	Run actions/setup-node@v7	2026-09-28T14:33:48.5064030Z ##[group]Environment details
verify	Run actions/setup-node@v7	2026-09-28T14:33:48.9431057Z node: v22.23.2
verify	Run actions/setup-node@v7	2026-09-28T14:33:48.9431976Z npm: 10.9.8
verify	Run actions/setup-node@v7	2026-09-28T14:33:48.9432420Z yarn: 1.22.22
verify	Run actions/setup-node@v7	2026-09-28T14:33:48.9433339Z ##[endgroup]
verify	Testes existentes e sintaxe do frontend	﻿2026-09-28T14:33:48.9565277Z ##[group]Run node --check public/app.js
verify	Testes existentes e sintaxe do frontend	2026-09-28T14:33:48.9565771Z ^[[36;1mnode --check public/app.js^[[0m
verify	Testes existentes e sintaxe do frontend	2026-09-28T14:33:48.9566087Z ^[[36;1mnode --check src/server.js^[[0m
verify	Testes existentes e sintaxe do frontend	2026-09-28T14:33:48.9566389Z ^[[36;1mnode src/test_mongodb_runner.js^[[0m
verify	Testes existentes e sintaxe do frontend	2026-09-28T14:33:48.9858889Z shell: /usr/bin/bash -e {0}
verify	Testes existentes e sintaxe do frontend	2026-09-28T14:33:48.9859234Z env:
verify	Testes existentes e sintaxe do frontend	2026-09-28T14:33:48.9859600Z   JAVA_HOME: /opt/hostedtoolcache/Java_Temurin-Hotspot_jdk/17.0.20-1/x64
verify	Testes existentes e sintaxe do frontend	2026-09-28T14:33:48.9860162Z   JAVA_HOME_17_X64: /opt/hostedtoolcache/Java_Temurin-Hotspot_jdk/17.0.20-1/x64
verify	Testes existentes e sintaxe do frontend	2026-09-28T14:33:48.9860585Z   MAVEN_ARGS: -ntp
verify	Testes existentes e sintaxe do frontend	2026-09-28T14:33:48.9860822Z ##[endgroup]
verify	Testes existentes e sintaxe do frontend	2026-09-28T14:33:49.0713199Z ================================================================================
verify	Testes existentes e sintaxe do frontend	2026-09-28T14:33:49.0714325Z >>> [MONGODB TEST RUNNER] Inicializando Simulação e Validação NoSQL ESG...
verify	Testes existentes e sintaxe do frontend	2026-09-28T14:33:49.0715044Z >>> Data/Hora da Execução: 2026-09-28T14:33:49.070Z
verify	Testes existentes e sintaxe do frontend	2026-09-28T14:33:49.0715753Z >>> Conexão simulada com: mongodb://localhost:27017/esg_hospital_db
verify	Testes existentes e sintaxe do frontend	2026-09-28T14:33:49.0716910Z ================================================================================
verify	Testes existentes e sintaxe do frontend	2026-09-28T14:33:49.0717381Z 
verify	Testes existentes e sintaxe do frontend	2026-09-28T14:33:49.0717778Z >>> [1. CREATE / INSERÇÃO INICIAL]
verify	Testes existentes e sintaxe do frontend	2026-09-28T14:33:49.0718456Z - unidades_hospitalares: 10 documentos inseridos.
verify	Testes existentes e sintaxe do frontend	2026-09-28T14:33:49.0719282Z - fontes_emissao:        10 documentos inseridos (Esquema Polimórfico).
verify	Testes existentes e sintaxe do frontend	2026-09-28T14:33:49.0719938Z - leituras_carbono_iot:  10 documentos de telemetria inseridos.
verify	Testes existentes e sintaxe do frontend	2026-09-28T14:33:49.0720934Z - licencas_ambientais:   10 documentos com condicionantes inseridos.
verify	Testes existentes e sintaxe do frontend	2026-09-28T14:33:49.0722213Z - logs_auditoria_esg:    10 logs de governança inseridos.
verify	Testes existentes e sintaxe do frontend	2026-09-28T14:33:49.0723062Z Status: TODOS OS 50 DOCUMENTOS INSERIDOS COM SUCESSO!
verify	Testes existentes e sintaxe do frontend	2026-09-28T14:33:49.0723495Z 
verify	Testes existentes e sintaxe do frontend	2026-09-28T14:33:49.0723923Z ================================================================================
verify	Testes existentes e sintaxe do frontend	2026-09-28T14:33:49.0724784Z >>> [2. OPERAÇÕES DE CONSULTA - READ / FIND]
verify	Testes existentes e sintaxe do frontend	2026-09-28T14:33:49.0725558Z ================================================================================
verify	Testes existentes e sintaxe do frontend	2026-09-28T14:33:49.0726377Z 
verify	Testes existentes e sintaxe do frontend	2026-09-28T14:33:49.0727211Z --- [2.1] db.unidades_hospitalares.find({ certificacoes_esg: "ISO 14001", leitos_ativos: { $gt: 200 } }) ---
verify	Testes existentes e sintaxe do frontend	2026-09-28T14:33:49.0728190Z Resultados encontrados: 5
verify	Testes existentes e sintaxe do frontend	2026-09-28T14:33:49.0729237Z   * [UNID-HOSP-001] Hospital Central de Clínicas Sustentáveis | Leitos: 420 | Cidade: São Paulo
verify	Testes existentes e sintaxe do frontend	2026-09-28T14:33:49.0730675Z   * [UNID-HOSP-003] Complexo Hospitalar do Vale do Paraíba | Leitos: 310 | Cidade: São José dos Campos
verify	Testes existentes e sintaxe do frontend	2026-09-28T14:33:49.0732288Z   * [UNID-HOSP-004] Hospital Universitário BioSaúde Campinas | Leitos: 500 | Cidade: Campinas
verify	Testes existentes e sintaxe do frontend	2026-09-28T14:33:49.0733751Z   * [UNID-HOSP-006] Hospital Geral de Santos e Litoral Sustentável | Leitos: 260 | Cidade: Santos
verify	Testes existentes e sintaxe do frontend	2026-09-28T14:33:49.0735155Z   * [UNID-HOSP-008] Hospital Metropolitano Zona Leste Verde | Leitos: 380 | Cidade: São Paulo
verify	Testes existentes e sintaxe do frontend	2026-09-28T14:33:49.0735859Z 
verify	Testes existentes e sintaxe do frontend	2026-09-28T14:33:49.0736429Z --- [2.2] db.fontes_emissao.find({ limite_max_co2_kg_hora: { $gte: 500 } }) ---
verify	Testes existentes e sintaxe do frontend	2026-09-28T14:33:49.0737235Z Resultados encontrados: 4
verify	Testes existentes e sintaxe do frontend	2026-09-28T14:33:49.0738223Z   * [FONTE-CALD-01] Caldeira Aquotubular Principal - Ala Norte | Tipo: CALDEIRA_VAPOR | Limite CO2: 1500 kg/h
verify	Testes existentes e sintaxe do frontend	2026-09-28T14:33:49.0739947Z   * [FONTE-CALD-02] Caldeira Flamotubular de Alta Eficiência - Bloco Cirúrgico | Tipo: CALDEIRA_VAPOR | Limite CO2: 1200 kg/h
verify	Testes existentes e sintaxe do frontend	2026-09-28T14:33:49.0741580Z   * [FONTE-GER-02] Gerador Backup Subestação Leste | Tipo: GRUPO_GERADOR_DIESEL | Limite CO2: 900 kg/h
verify	Testes existentes e sintaxe do frontend	2026-09-28T14:33:49.0743433Z   * [FONTE-GER-01] Grupo Gerador de Emergência UTI / Centros Cirúrgicos | Tipo: GRUPO_GERADOR_DIESEL | Limite CO2: 850 kg/h
verify	Testes existentes e sintaxe do frontend	2026-09-28T14:33:49.0744258Z 
verify	Testes existentes e sintaxe do frontend	2026-09-28T14:33:49.0744837Z --- [2.3] db.fontes_emissao.find({ tipo_fonte: "FROTA_AMBULANCIA_HIBRIDA" }) ---
verify	Testes existentes e sintaxe do frontend	2026-09-28T14:33:49.0746212Z Resultados encontrados: 2 (Demonstração de atributos polimórficos de bateria e autonomia)
verify	Testes existentes e sintaxe do frontend	2026-09-28T14:33:49.0747591Z   * [FONTE-FROT-01] Placa: ESG-2026 | Propulsão: 100% Elétrica Plug-in (BEV) | Autonomia: 260km
verify	Testes existentes e sintaxe do frontend	2026-09-28T14:33:49.0749650Z   * [FONTE-FROT-02] Placa: BIO-9E26 | Propulsão: Híbrida Flex (Etanol / Elétrico) | Autonomia: 120km
verify	Testes existentes e sintaxe do frontend	2026-09-28T14:33:49.0750425Z 
verify	Testes existentes e sintaxe do frontend	2026-09-28T14:33:49.0751042Z --- [2.4] db.leituras_carbono_iot.find({ status_conformidade: { $in: ["ALERTA_PREVENTIVO", "VIOLACAO_BLOQUEANTE"] } }) ---
verify	Testes existentes e sintaxe do frontend	2026-09-28T14:33:49.0752043Z Leituras críticas encontradas: 2
verify	Testes existentes e sintaxe do frontend	2026-09-28T14:33:49.0752833Z   * [LEIT-2026-0002] Fonte: FONTE-CALD-01 | CO2: 1450 kg/h (Limite: 1500) | Status: ALERTA_PREVENTIVO | Árvores: 29
verify	Testes existentes e sintaxe do frontend	2026-09-28T14:33:49.0753865Z   * [LEIT-2026-0003] Fonte: FONTE-CALD-01 | CO2: 1620 kg/h (Limite: 1500) | Status: VIOLACAO_BLOQUEANTE | Árvores: 32
verify	Testes existentes e sintaxe do frontend	2026-09-28T14:33:49.0754342Z 
verify	Testes existentes e sintaxe do frontend	2026-09-28T14:33:49.0755042Z --- [2.5] db.leituras_carbono_iot.aggregate([ { $group: { _id: "$codigo_fonte", total_arvores: { $sum: "$compensacao_ambiental.arvores_sugeridas" } } } ]) ---
verify	Testes existentes e sintaxe do frontend	2026-09-28T14:33:49.0755896Z Agregação de Emissões e Compensação por Fonte:
verify	Testes existentes e sintaxe do frontend	2026-09-28T14:33:49.0757643Z   * Fonte: FONTE-CALD-01   | Média CO2: 1423.33 kg/h | Total Árvores para Plantio: 85
verify	Testes existentes e sintaxe do frontend	2026-09-28T14:33:49.0758808Z   * Fonte: FONTE-CALD-02   | Média CO2:  780.00 kg/h | Total Árvores para Plantio: 16
verify	Testes existentes e sintaxe do frontend	2026-09-28T14:33:49.0759527Z   * Fonte: FONTE-GER-01    | Média CO2:  620.00 kg/h | Total Árvores para Plantio: 12
verify	Testes existentes e sintaxe do frontend	2026-09-28T14:33:49.0760196Z   * Fonte: FONTE-GER-02    | Média CO2:  710.00 kg/h | Total Árvores para Plantio: 14
verify	Testes existentes e sintaxe do frontend	2026-09-28T14:33:49.0760854Z   * Fonte: FONTE-INC-01    | Média CO2:  380.00 kg/h | Total Árvores para Plantio: 8
verify	Testes existentes e sintaxe do frontend	2026-09-28T14:33:49.0761506Z   * Fonte: FONTE-INC-02    | Média CO2:  150.00 kg/h | Total Árvores para Plantio: 3
verify	Testes existentes e sintaxe do frontend	2026-09-28T14:33:49.0762878Z   * Fonte: FONTE-FROT-01   | Média CO2:    8.50 kg/h | Total Árvores para Plantio: 1
verify	Testes existentes e sintaxe do frontend	2026-09-28T14:33:49.0764268Z   * Fonte: FONTE-CHILL-01  | Média CO2:  190.00 kg/h | Total Árvores para Plantio: 4
verify	Testes existentes e sintaxe do frontend	2026-09-28T14:33:49.0764843Z 
verify	Testes existentes e sintaxe do frontend	2026-09-28T14:33:49.0765474Z --- [2.6] db.licencas_ambientais.find({ status: { $in: ["EXPIRA_EM_BREVE", "VENCIDA"] } }) ---
verify	Testes existentes e sintaxe do frontend	2026-09-28T14:33:49.0766516Z Licenças em situação crítica encontradas: 3
verify	Testes existentes e sintaxe do frontend	2026-09-28T14:33:49.0767945Z   * Processo: CETESB-2024-SP-098234 | Órgão: CETESB | Vencimento: 2026-04-15T00:00:00Z | Status: EXPIRA_EM_BREVE
verify	Testes existentes e sintaxe do frontend	2026-09-28T14:33:49.0769413Z   * Processo: CETESB-2023-SJC-04421 | Órgão: CETESB | Vencimento: 2026-05-10T00:00:00Z | Status: EXPIRA_EM_BREVE
verify	Testes existentes e sintaxe do frontend	2026-09-28T14:33:49.0770824Z   * Processo: CETESB-2023-STS-07812 | Órgão: CETESB | Vencimento: 2025-11-20T00:00:00Z | Status: VENCIDA
verify	Testes existentes e sintaxe do frontend	2026-09-28T14:33:49.0771543Z 
verify	Testes existentes e sintaxe do frontend	2026-09-28T14:33:49.0772490Z --- [2.7] db.logs_auditoria_esg.find({ nivel_severidade: { $in: ["CRITICAL", "AUDIT"] } }) ---
verify	Testes existentes e sintaxe do frontend	2026-09-28T14:33:49.0773524Z Logs de Auditoria Críticos: 4
verify	Testes existentes e sintaxe do frontend	2026-09-28T14:33:49.0775017Z   * [LOG-ESG-2026-0003] VIOLACAO_LIMITE_CO2 [CRITICAL]: INCIDENTE BLOQUEANTE: Emissão de 1620kg/h ultrapassou o limite de 1500kg/h na fonte FONTE-CALD-01.
verify	Testes existentes e sintaxe do frontend	2026-09-28T14:33:49.0777238Z   * [LOG-ESG-2026-0004] SEGURANCA_PARAMETROS [AUDIT]: SEGURANÇA: Tentativa de alteração de parâmetro regulamentar da fonte FONTE-CALD-01 auditada e validada.
verify	Testes existentes e sintaxe do frontend	2026-09-28T14:33:49.0779241Z   * [LOG-ESG-2026-0006] ALERTA_VENCIMENTO_LICENCA [CRITICAL]: GRAVE: A Licença Ambiental CETESB-2023-STS-07812 está VENCIDA.
verify	Testes existentes e sintaxe do frontend	2026-09-28T14:33:49.0781237Z   * [LOG-ESG-2026-0010] AUDITORIA_INTEGRIDADE_DADOS [AUDIT]: Auditoria externa periódica de rastreabilidade de dados ESG concluída sem inconformidades.
verify	Testes existentes e sintaxe do frontend	2026-09-28T14:33:49.0782418Z 
verify	Testes existentes e sintaxe do frontend	2026-09-28T14:33:49.0782843Z ================================================================================
verify	Testes existentes e sintaxe do frontend	2026-09-28T14:33:49.0783663Z >>> [3. OPERAÇÕES DE ATUALIZAÇÃO - UPDATE]
verify	Testes existentes e sintaxe do frontend	2026-09-28T14:33:49.0784411Z ================================================================================
verify	Testes existentes e sintaxe do frontend	2026-09-28T14:33:49.0786478Z >>> [3.1] db.unidades_hospitalares.updateOne({ codigo_unidade: "UNID-HOSP-001" }, { $set: { "metas_esg_anuais.meta_reducao_carbono_pct": 22.0 }, $push: { certificacoes_esg: "Certificado Net Zero Carbon Healthcare 2026" } })
verify	Testes existentes e sintaxe do frontend	2026-09-28T14:33:49.0788447Z   -> Unidade atualizada com sucesso! Novas certificações: [
verify	Testes existentes e sintaxe do frontend	2026-09-28T14:33:49.0789327Z   'ISO 14001',
verify	Testes existentes e sintaxe do frontend	2026-09-28T14:33:49.0789952Z   'ONA Nível 3 - Acreditado com Excelência',
verify	Testes existentes e sintaxe do frontend	2026-09-28T14:33:49.0790482Z   'LEED Gold',
verify	Testes existentes e sintaxe do frontend	2026-09-28T14:33:49.0790896Z   'Hospital Amigo do Clima',
verify	Testes existentes e sintaxe do frontend	2026-09-28T14:33:49.0791384Z   'Certificado Net Zero Carbon Healthcare 2026'
verify	Testes existentes e sintaxe do frontend	2026-09-28T14:33:49.0791985Z ]
verify	Testes existentes e sintaxe do frontend	2026-09-28T14:33:49.0792139Z 
verify	Testes existentes e sintaxe do frontend	2026-09-28T14:33:49.0792707Z >>> [3.2] db.fontes_emissao.updateOne({ codigo_fonte: "FONTE-CALD-01" }, { $set: { status_operacional: "OPERANDO_OTIMIZADO" } })
verify	Testes existentes e sintaxe do frontend	2026-09-28T14:33:49.0793368Z   -> Fonte atualizada: Status = OPERANDO_OTIMIZADO
verify	Testes existentes e sintaxe do frontend	2026-09-28T14:33:49.0793612Z 
verify	Testes existentes e sintaxe do frontend	2026-09-28T14:33:49.0794365Z >>> [3.3] db.leituras_carbono_iot.updateMany({ status_conformidade: "CONFORME" }, { $set: { auditoria_qualidade_validada: true } })
verify	Testes existentes e sintaxe do frontend	2026-09-28T14:33:49.0795834Z   -> 8 documentos de leitura atualizados com a flag auditoria_qualidade_validada = true.
verify	Testes existentes e sintaxe do frontend	2026-09-28T14:33:49.0796204Z 
verify	Testes existentes e sintaxe do frontend	2026-09-28T14:33:49.0796922Z >>> [3.4] db.licencas_ambientais.updateOne({ numero_processo: "CETESB-2024-SP-098234" }, { $push: { condicionantes_ambientais: { item: 4, status: "CUMPRIDA" } } })
verify	Testes existentes e sintaxe do frontend	2026-09-28T14:33:49.0797767Z   -> Nova condicionante adicionada. Total de condicionantes: 4
verify	Testes existentes e sintaxe do frontend	2026-09-28T14:33:49.0798047Z 
verify	Testes existentes e sintaxe do frontend	2026-09-28T14:33:49.0798571Z >>> [3.5] db.logs_auditoria_esg.updateOne({ codigo_log: "LOG-ESG-2026-0003" }, { $set: { status_resolucao: "RESOLVIDO" } })
verify	Testes existentes e sintaxe do frontend	2026-09-28T14:33:49.0799381Z   -> Incidente crítico marcado como RESOLVIDO no log de governança.
verify	Testes existentes e sintaxe do frontend	2026-09-28T14:33:49.0799682Z 
verify	Testes existentes e sintaxe do frontend	2026-09-28T14:33:49.0799940Z ================================================================================
verify	Testes existentes e sintaxe do frontend	2026-09-28T14:33:49.0800413Z >>> [4. OPERAÇÕES DE EXCLUSÃO - DELETE]
verify	Testes existentes e sintaxe do frontend	2026-09-28T14:33:49.0800858Z ================================================================================
verify	Testes existentes e sintaxe do frontend	2026-09-28T14:33:49.0801441Z >>> [4.1] db.unidades_hospitalares.deleteOne({ codigo_unidade: "UNID-TEMP-999" })
verify	Testes existentes e sintaxe do frontend	2026-09-28T14:33:49.0803023Z   -> 1 documento temporário removido. Contagem anterior: 11, Atual: 10
verify	Testes existentes e sintaxe do frontend	2026-09-28T14:33:49.0803520Z 
verify	Testes existentes e sintaxe do frontend	2026-09-28T14:33:49.0804122Z >>> [4.2] db.leituras_carbono_iot.deleteMany({ status_conformidade: "TESTE_CORROMPIDO" })
verify	Testes existentes e sintaxe do frontend	2026-09-28T14:33:49.0805054Z   -> 2 leituras temporárias removidas em lote. Contagem atual: 10
verify	Testes existentes e sintaxe do frontend	2026-09-28T14:33:49.0826406Z 
verify	Testes existentes e sintaxe do frontend	2026-09-28T14:33:49.0826758Z ================================================================================
verify	Testes existentes e sintaxe do frontend	2026-09-28T14:33:49.0827340Z >>> [5. ESTATÍSTICAS FINAIS DE VALIDAÇÃO]
verify	Testes existentes e sintaxe do frontend	2026-09-28T14:33:49.0827830Z ================================================================================
verify	Testes existentes e sintaxe do frontend	2026-09-28T14:33:49.0828268Z - unidades_hospitalares: 10 documentos
verify	Testes existentes e sintaxe do frontend	2026-09-28T14:33:49.0828647Z - fontes_emissao:        10 documentos
verify	Testes existentes e sintaxe do frontend	2026-09-28T14:33:49.0829015Z - leituras_carbono_iot:  10 documentos
verify	Testes existentes e sintaxe do frontend	2026-09-28T14:33:49.0829379Z - licencas_ambientais:   10 documentos
verify	Testes existentes e sintaxe do frontend	2026-09-28T14:33:49.0829752Z - logs_auditoria_esg:    10 documentos
verify	Testes existentes e sintaxe do frontend	2026-09-28T14:33:49.0830190Z ================================================================================
verify	Testes existentes e sintaxe do frontend	2026-09-28T14:33:49.0830908Z >>> [SUCESSO] Asserções de consultas e CRUD simulados aprovadas para 50 documentos.
verify	Build, JUnit e empacotamento Spring Boot	﻿2026-09-28T14:33:49.0864007Z ##[group]Run bash mvnw -B -ntp verify
verify	Build, JUnit e empacotamento Spring Boot	2026-09-28T14:33:49.0864389Z ^[[36;1mbash mvnw -B -ntp verify^[[0m
verify	Build, JUnit e empacotamento Spring Boot	2026-09-28T14:33:49.0930555Z shell: /usr/bin/bash -e {0}
verify	Build, JUnit e empacotamento Spring Boot	2026-09-28T14:33:49.0930849Z env:
verify	Build, JUnit e empacotamento Spring Boot	2026-09-28T14:33:49.0931177Z   JAVA_HOME: /opt/hostedtoolcache/Java_Temurin-Hotspot_jdk/17.0.20-1/x64
verify	Build, JUnit e empacotamento Spring Boot	2026-09-28T14:33:49.0932005Z   JAVA_HOME_17_X64: /opt/hostedtoolcache/Java_Temurin-Hotspot_jdk/17.0.20-1/x64
verify	Build, JUnit e empacotamento Spring Boot	2026-09-28T14:33:49.0932451Z   MAVEN_ARGS: -ntp
verify	Build, JUnit e empacotamento Spring Boot	2026-09-28T14:33:49.0932671Z ##[endgroup]
verify	Build, JUnit e empacotamento Spring Boot	2026-09-28T14:33:50.7103470Z [INFO] Scanning for projects...
verify	Build, JUnit e empacotamento Spring Boot	2026-09-28T14:33:50.9922865Z [INFO] 
verify	Build, JUnit e empacotamento Spring Boot	2026-09-28T14:33:50.9924464Z [INFO] ---------------------< br.com.ecohospital:esg-app >---------------------
verify	Build, JUnit e empacotamento Spring Boot	2026-09-28T14:33:50.9925812Z [INFO] Building EcoHospital Smart - ESG CI/CD 1.0.0
verify	Build, JUnit e empacotamento Spring Boot	2026-09-28T14:33:50.9932461Z [INFO]   from pom.xml
verify	Build, JUnit e empacotamento Spring Boot	2026-09-28T14:33:50.9933438Z [INFO] --------------------------------[ jar ]---------------------------------
verify	Build, JUnit e empacotamento Spring Boot	2026-09-28T14:33:51.3489142Z [INFO] 
verify	Build, JUnit e empacotamento Spring Boot	2026-09-28T14:33:51.3513420Z [INFO] --- resources:3.3.1:resources (default-resources) @ esg-app ---
verify	Build, JUnit e empacotamento Spring Boot	2026-09-28T14:33:51.4694100Z [INFO] Copying 1 resource from src/main/resources to target/classes
verify	Build, JUnit e empacotamento Spring Boot	2026-09-28T14:33:51.4740616Z [INFO] Copying 3 resources from public to target/classes/static
verify	Build, JUnit e empacotamento Spring Boot	2026-09-28T14:33:51.4752027Z [INFO] Copying 1 resource from data to target/classes/seed
verify	Build, JUnit e empacotamento Spring Boot	2026-09-28T14:33:51.4772037Z [INFO] 
verify	Build, JUnit e empacotamento Spring Boot	2026-09-28T14:33:51.4778559Z [INFO] --- compiler:3.14.1:compile (default-compile) @ esg-app ---
verify	Build, JUnit e empacotamento Spring Boot	2026-09-28T14:33:51.5993686Z [INFO] Recompiling the module because of changed source code.
verify	Build, JUnit e empacotamento Spring Boot	2026-09-28T14:33:51.6122070Z [INFO] Compiling 4 source files with javac [debug parameters release 17] to target/classes
verify	Build, JUnit e empacotamento Spring Boot	2026-09-28T14:33:52.8560221Z [INFO] 
verify	Build, JUnit e empacotamento Spring Boot	2026-09-28T14:33:52.8573331Z [INFO] --- resources:3.3.1:testResources (default-testResources) @ esg-app ---
verify	Build, JUnit e empacotamento Spring Boot	2026-09-28T14:33:52.8614703Z [INFO] skip non existing resourceDirectory /home/runner/work/ecohospital-esg-cicd/ecohospital-esg-cicd/src/test/resources
verify	Build, JUnit e empacotamento Spring Boot	2026-09-28T14:33:52.8624328Z [INFO] 
verify	Build, JUnit e empacotamento Spring Boot	2026-09-28T14:33:52.8640706Z [INFO] --- compiler:3.14.1:testCompile (default-testCompile) @ esg-app ---
verify	Build, JUnit e empacotamento Spring Boot	2026-09-28T14:33:52.8695535Z [INFO] Recompiling the module because of changed dependency.
verify	Build, JUnit e empacotamento Spring Boot	2026-09-28T14:33:52.8723180Z [INFO] Compiling 2 source files with javac [debug parameters release 17] to target/test-classes
verify	Build, JUnit e empacotamento Spring Boot	2026-09-28T14:33:53.2795087Z [INFO] 
verify	Build, JUnit e empacotamento Spring Boot	2026-09-28T14:33:53.2796375Z [INFO] --- surefire:3.5.6:test (default-test) @ esg-app ---
verify	Build, JUnit e empacotamento Spring Boot	2026-09-28T14:33:53.4633162Z [INFO] Using auto detected provider org.apache.maven.surefire.junitplatform.JUnitPlatformProvider
verify	Build, JUnit e empacotamento Spring Boot	2026-09-28T14:33:53.5057526Z [INFO] 
verify	Build, JUnit e empacotamento Spring Boot	2026-09-28T14:33:53.5083495Z [INFO] -------------------------------------------------------
verify	Build, JUnit e empacotamento Spring Boot	2026-09-28T14:33:53.5113164Z [INFO]  T E S T S
verify	Build, JUnit e empacotamento Spring Boot	2026-09-28T14:33:53.5143251Z [INFO] -------------------------------------------------------
verify	Build, JUnit e empacotamento Spring Boot	2026-09-28T14:33:54.2364997Z [INFO] Running br.com.ecohospital.EsgApiTest
verify	Build, JUnit e empacotamento Spring Boot	2026-09-28T14:33:54.4445525Z 14:33:54.367 [main] INFO org.springframework.test.context.support.AnnotationConfigContextLoaderUtils -- Could not detect default configuration classes for test class [br.com.ecohospital.EsgApiTest]: EsgApiTest does not declare any static, non-private, non-final, nested classes annotated with @Configuration.
verify	Build, JUnit e empacotamento Spring Boot	2026-09-28T14:33:54.5404939Z 14:33:54.492 [main] INFO org.springframework.boot.test.context.SpringBootTestContextBootstrapper -- Found @SpringBootConfiguration br.com.ecohospital.EsgApplication for test class br.com.ecohospital.EsgApiTest
verify	Build, JUnit e empacotamento Spring Boot	2026-09-28T14:33:55.0423564Z 
verify	Build, JUnit e empacotamento Spring Boot	2026-09-28T14:33:55.0450078Z   .   ____          _            __ _ _
verify	Build, JUnit e empacotamento Spring Boot	2026-09-28T14:33:55.0483001Z  /\\ / ___'_ __ _ _(_)_ __  __ _ \ \ \ \
verify	Build, JUnit e empacotamento Spring Boot	2026-09-28T14:33:55.0493388Z ( ( )\___ | '_ | '_| | '_ \/ _` | \ \ \ \
verify	Build, JUnit e empacotamento Spring Boot	2026-09-28T14:33:55.0494248Z  \\/  ___)| |_)| | | | | || (_| |  ) ) ) )
verify	Build, JUnit e empacotamento Spring Boot	2026-09-28T14:33:55.0495252Z   '  |____| .__|_| |_|_| |_\__, | / / / /
verify	Build, JUnit e empacotamento Spring Boot	2026-09-28T14:33:55.0496108Z  =========|_|==============|___/=/_/_/_/
verify	Build, JUnit e empacotamento Spring Boot	2026-09-28T14:33:55.0496736Z 
verify	Build, JUnit e empacotamento Spring Boot	2026-09-28T14:33:55.0497295Z  :: Spring Boot ::               (v3.5.16)
verify	Build, JUnit e empacotamento Spring Boot	2026-09-28T14:33:55.0498198Z 
verify	Build, JUnit e empacotamento Spring Boot	2026-09-28T14:33:55.0500302Z 2026-09-28T14:33:54.990Z  INFO 2515 --- [ecohospital-esg] [           main] br.com.ecohospital.EsgApiTest            : Starting EsgApiTest using Java 17.0.20.1 with PID 2515 (started by runner in /home/runner/work/ecohospital-esg-cicd/ecohospital-esg-cicd)
verify	Build, JUnit e empacotamento Spring Boot	2026-09-28T14:33:55.0503198Z 2026-09-28T14:33:54.991Z  INFO 2515 --- [ecohospital-esg] [           main] br.com.ecohospital.EsgApiTest            : No active profile set, falling back to 1 default profile: "default"
verify	Build, JUnit e empacotamento Spring Boot	2026-09-28T14:33:56.1454695Z 2026-09-28T14:33:56.068Z  INFO 2515 --- [ecohospital-esg] [           main] o.s.b.a.w.s.WelcomePageHandlerMapping    : Adding welcome page: class path resource [static/index.html]
verify	Build, JUnit e empacotamento Spring Boot	2026-09-28T14:33:56.5454974Z 2026-09-28T14:33:56.489Z  INFO 2515 --- [ecohospital-esg] [           main] o.s.b.t.m.w.SpringBootMockServletContext : Initializing Spring TestDispatcherServlet ''
verify	Build, JUnit e empacotamento Spring Boot	2026-09-28T14:33:56.5474808Z 2026-09-28T14:33:56.489Z  INFO 2515 --- [ecohospital-esg] [           main] o.s.t.web.servlet.TestDispatcherServlet  : Initializing Servlet ''
verify	Build, JUnit e empacotamento Spring Boot	2026-09-28T14:33:56.5494038Z 2026-09-28T14:33:56.497Z  INFO 2515 --- [ecohospital-esg] [           main] o.s.b.a.e.web.EndpointLinksResolver      : Exposing 1 endpoint beneath base path '/actuator'
verify	Build, JUnit e empacotamento Spring Boot	2026-09-28T14:33:56.5524029Z 2026-09-28T14:33:56.507Z  INFO 2515 --- [ecohospital-esg] [           main] o.s.t.web.servlet.TestDispatcherServlet  : Completed initialization in 17 ms
verify	Build, JUnit e empacotamento Spring Boot	2026-09-28T14:33:56.6448949Z 2026-09-28T14:33:56.581Z  INFO 2515 --- [ecohospital-esg] [           main] br.com.ecohospital.EsgApiTest            : Started EsgApiTest in 1.968 seconds (process running for 2.994)
verify	Build, JUnit e empacotamento Spring Boot	2026-09-28T14:33:57.0319548Z OpenJDK 64-Bit Server VM warning: Sharing is only supported for boot loader classes because bootstrap classpath has been appended
verify	Build, JUnit e empacotamento Spring Boot	2026-09-28T14:33:57.7646198Z 2026-09-28T14:33:57.758Z  WARN 2515 --- [ecohospital-esg] [           main] .w.s.m.s.DefaultHandlerExceptionResolver : Resolved [org.springframework.http.converter.HttpMessageNotReadableException: JSON parse error: Unexpected character ('b' (code 98)): was expecting double-quote to start field name]
verify	Build, JUnit e empacotamento Spring Boot	2026-09-28T14:33:57.9633554Z [INFO] Tests run: 20, Failures: 0, Errors: 0, Skipped: 0, Time elapsed: 3.674 s -- in br.com.ecohospital.EsgApiTest
verify	Build, JUnit e empacotamento Spring Boot	2026-09-28T14:33:57.9663265Z [INFO] Running br.com.ecohospital.EsgStoreTest
verify	Build, JUnit e empacotamento Spring Boot	2026-09-28T14:33:58.0863842Z [INFO] Tests run: 5, Failures: 0, Errors: 0, Skipped: 0, Time elapsed: 0.159 s -- in br.com.ecohospital.EsgStoreTest
verify	Build, JUnit e empacotamento Spring Boot	2026-09-28T14:33:58.1234884Z [INFO] 
verify	Build, JUnit e empacotamento Spring Boot	2026-09-28T14:33:58.1235337Z [INFO] Results:
verify	Build, JUnit e empacotamento Spring Boot	2026-09-28T14:33:58.1235616Z [INFO] 
verify	Build, JUnit e empacotamento Spring Boot	2026-09-28T14:33:58.1241970Z [INFO] Tests run: 25, Failures: 0, Errors: 0, Skipped: 0
verify	Build, JUnit e empacotamento Spring Boot	2026-09-28T14:33:58.1242747Z [INFO] 
verify	Build, JUnit e empacotamento Spring Boot	2026-09-28T14:33:58.1268715Z [INFO] 
verify	Build, JUnit e empacotamento Spring Boot	2026-09-28T14:33:58.1269369Z [INFO] --- jar:3.4.2:jar (default-jar) @ esg-app ---
verify	Build, JUnit e empacotamento Spring Boot	2026-09-28T14:33:58.3344592Z [INFO] Building jar: /home/runner/work/ecohospital-esg-cicd/ecohospital-esg-cicd/target/esg-app.jar
verify	Build, JUnit e empacotamento Spring Boot	2026-09-28T14:33:58.3664223Z [INFO] 
verify	Build, JUnit e empacotamento Spring Boot	2026-09-28T14:33:58.3703112Z [INFO] --- spring-boot:3.5.16:repackage (repackage) @ esg-app ---
verify	Build, JUnit e empacotamento Spring Boot	2026-09-28T14:33:58.6634494Z [INFO] Replacing main artifact /home/runner/work/ecohospital-esg-cicd/ecohospital-esg-cicd/target/esg-app.jar with repackaged archive, adding nested dependencies in BOOT-INF/.
verify	Build, JUnit e empacotamento Spring Boot	2026-09-28T14:33:58.6667436Z [INFO] The original artifact has been renamed to /home/runner/work/ecohospital-esg-cicd/ecohospital-esg-cicd/target/esg-app.jar.original
verify	Build, JUnit e empacotamento Spring Boot	2026-09-28T14:33:58.6690801Z [INFO] ------------------------------------------------------------------------
verify	Build, JUnit e empacotamento Spring Boot	2026-09-28T14:33:58.6691675Z [INFO] BUILD SUCCESS
verify	Build, JUnit e empacotamento Spring Boot	2026-09-28T14:33:58.6692670Z [INFO] ------------------------------------------------------------------------
verify	Build, JUnit e empacotamento Spring Boot	2026-09-28T14:33:58.6693284Z [INFO] Total time:  7.985 s
verify	Build, JUnit e empacotamento Spring Boot	2026-09-28T14:33:58.6693653Z [INFO] Finished at: 2026-09-28T14:33:58Z
verify	Build, JUnit e empacotamento Spring Boot	2026-09-28T14:33:58.6694131Z [INFO] ------------------------------------------------------------------------
verify	Preservar relatórios e JAR	﻿2026-09-28T14:33:58.7010575Z ##[group]Run actions/upload-artifact@v7
verify	Preservar relatórios e JAR	2026-09-28T14:33:58.7010924Z with:
verify	Preservar relatórios e JAR	2026-09-28T14:33:58.7011229Z   name: build-and-tests-a18651f2c875f6e85834c570d5c8eb643a0806b7
verify	Preservar relatórios e JAR	2026-09-28T14:33:58.7011665Z   path: target/surefire-reports/
verify	Preservar relatórios e JAR	target/esg-app.jar
verify	Preservar relatórios e JAR	
verify	Preservar relatórios e JAR	2026-09-28T14:33:58.7012446Z   if-no-files-found: warn
verify	Preservar relatórios e JAR	2026-09-28T14:33:58.7012715Z   compression-level: 6
verify	Preservar relatórios e JAR	2026-09-28T14:33:58.7012945Z   overwrite: false
verify	Preservar relatórios e JAR	2026-09-28T14:33:58.7013185Z   include-hidden-files: false
verify	Preservar relatórios e JAR	2026-09-28T14:33:58.7013432Z   archive: true
verify	Preservar relatórios e JAR	2026-09-28T14:33:58.7013641Z env:
verify	Preservar relatórios e JAR	2026-09-28T14:33:58.7013947Z   JAVA_HOME: /opt/hostedtoolcache/Java_Temurin-Hotspot_jdk/17.0.20-1/x64
verify	Preservar relatórios e JAR	2026-09-28T14:33:58.7014480Z   JAVA_HOME_17_X64: /opt/hostedtoolcache/Java_Temurin-Hotspot_jdk/17.0.20-1/x64
verify	Preservar relatórios e JAR	2026-09-28T14:33:58.7014885Z   MAVEN_ARGS: -ntp
verify	Preservar relatórios e JAR	2026-09-28T14:33:58.7015099Z ##[endgroup]
verify	Preservar relatórios e JAR	2026-09-28T14:33:58.8486591Z Multiple search paths detected. Calculating the least common ancestor of all paths
verify	Preservar relatórios e JAR	2026-09-28T14:33:58.8489975Z The least common ancestor is /home/runner/work/ecohospital-esg-cicd/ecohospital-esg-cicd/target. This will be the root directory of the artifact
verify	Preservar relatórios e JAR	2026-09-28T14:33:58.8492032Z With the provided path, there will be 5 files uploaded
verify	Preservar relatórios e JAR	2026-09-28T14:33:58.8495717Z Artifact name is valid!
verify	Preservar relatórios e JAR	2026-09-28T14:33:58.8496513Z Root directory input is valid!
verify	Preservar relatórios e JAR	2026-09-28T14:33:59.1048495Z Uploading artifact: build-and-tests-a18651f2c875f6e85834c570d5c8eb643a0806b7.zip
verify	Preservar relatórios e JAR	2026-09-28T14:33:59.1091526Z Beginning upload of artifact content to blob storage
verify	Preservar relatórios e JAR	2026-09-28T14:33:59.8443174Z Uploaded bytes 8388608
verify	Preservar relatórios e JAR	2026-09-28T14:34:00.1922052Z Uploaded bytes 16777216
verify	Preservar relatórios e JAR	2026-09-28T14:34:00.3754759Z Uploaded bytes 21340411
verify	Preservar relatórios e JAR	2026-09-28T14:34:00.4081545Z Finished uploading artifact content to blob storage!
verify	Preservar relatórios e JAR	2026-09-28T14:34:00.4083929Z SHA256 digest of uploaded artifact is 37c77d7013c76a63a42d7281a29ff276f0a1df1cd72e665adf14c09e54c3b206
verify	Preservar relatórios e JAR	2026-09-28T14:34:00.4085300Z Finalizing artifact upload
verify	Preservar relatórios e JAR	2026-09-28T14:34:00.7195918Z Artifact build-and-tests-a18651f2c875f6e85834c570d5c8eb643a0806b7 successfully finalized. Artifact ID 10975184171
verify	Preservar relatórios e JAR	2026-09-28T14:34:00.7198271Z Artifact build-and-tests-a18651f2c875f6e85834c570d5c8eb643a0806b7 has been successfully uploaded! Final size is 21340411 bytes. Artifact ID is 10975184171
verify	Preservar relatórios e JAR	2026-09-28T14:34:00.7200487Z Artifact download URL: https://github.com/Kalicon/ecohospital-esg-cicd/actions/runs/36436893693/artifacts/10975184171
verify	Post Run actions/setup-node@v7	﻿2026-09-28T14:34:00.7382329Z Post job cleanup.
verify	Post Run actions/setup-java@v6	﻿2026-09-28T14:34:00.8722165Z Post job cleanup.
verify	Post Run actions/setup-java@v6	2026-09-28T14:34:00.9914724Z Cache hit occurred on the maven-wrapper primary key setup-java-Linux-x64-maven-wrapper-8cfda2abb09e83e53b59dae5d410e36050316510ade3fef2521f1cb035ba1fc0, not saving cache.
verify	Post Run actions/setup-java@v6	2026-09-28T14:34:00.9923469Z Cache hit occurred on the primary key setup-java-Linux-x64-maven-66f01ad382ea930d3189cf3a0b02dc35b4e9b4016375c97b065237f2f5c8fc6d, not saving cache.
verify	Post Run actions/checkout@v7	﻿2026-09-28T14:34:01.0125541Z Post job cleanup.
verify	Post Run actions/checkout@v7	2026-09-28T14:34:01.1234012Z [command]/usr/bin/git version
verify	Post Run actions/checkout@v7	2026-09-28T14:34:01.1314433Z git version 2.55.0
verify	Post Run actions/checkout@v7	2026-09-28T14:34:01.1347808Z Temporarily overriding HOME='/home/runner/work/_temp/5c458f74-f693-440e-a7aa-16cac8da4082' before making global git config changes
verify	Post Run actions/checkout@v7	2026-09-28T14:34:01.1349839Z Adding repository directory to the temporary git global config as a safe directory
verify	Post Run actions/checkout@v7	2026-09-28T14:34:01.1353999Z [command]/usr/bin/git config --global --add safe.directory /home/runner/work/ecohospital-esg-cicd/ecohospital-esg-cicd
verify	Post Run actions/checkout@v7	2026-09-28T14:34:01.1403655Z Removing SSH command configuration
verify	Post Run actions/checkout@v7	2026-09-28T14:34:01.1414023Z [command]/usr/bin/git config --local --name-only --get-regexp core\.sshCommand
verify	Post Run actions/checkout@v7	2026-09-28T14:34:01.1474007Z [command]/usr/bin/git submodule foreach --recursive sh -c "git config --local --name-only --get-regexp 'core\.sshCommand' && git config --local --unset-all 'core.sshCommand' || :"
verify	Post Run actions/checkout@v7	2026-09-28T14:34:01.1797326Z Removing HTTP extra header
verify	Post Run actions/checkout@v7	2026-09-28T14:34:01.1804182Z [command]/usr/bin/git config --local --name-only --get-regexp http\.https\:\/\/github\.com\/\.extraheader
verify	Post Run actions/checkout@v7	2026-09-28T14:34:01.1852094Z [command]/usr/bin/git submodule foreach --recursive sh -c "git config --local --name-only --get-regexp 'http\.https\:\/\/github\.com\/\.extraheader' && git config --local --unset-all 'http.https://github.com/.extraheader' || :"
verify	Post Run actions/checkout@v7	2026-09-28T14:34:01.2142680Z Removing includeIf entries pointing to credentials config files
verify	Post Run actions/checkout@v7	2026-09-28T14:34:01.2149923Z [command]/usr/bin/git config --local --name-only --get-regexp ^includeIf\.gitdir:
verify	Post Run actions/checkout@v7	2026-09-28T14:34:01.2184147Z includeif.gitdir:/home/runner/work/ecohospital-esg-cicd/ecohospital-esg-cicd/.git.path
verify	Post Run actions/checkout@v7	2026-09-28T14:34:01.2185786Z includeif.gitdir:/home/runner/work/ecohospital-esg-cicd/ecohospital-esg-cicd/.git/worktrees/*.path
verify	Post Run actions/checkout@v7	2026-09-28T14:34:01.2187250Z includeif.gitdir:/github/workspace/.git.path
verify	Post Run actions/checkout@v7	2026-09-28T14:34:01.2188476Z includeif.gitdir:/github/workspace/.git/worktrees/*.path
verify	Post Run actions/checkout@v7	2026-09-28T14:34:01.2209381Z [command]/usr/bin/git config --local --get-all includeif.gitdir:/home/runner/work/ecohospital-esg-cicd/ecohospital-esg-cicd/.git.path
verify	Post Run actions/checkout@v7	2026-09-28T14:34:01.2240388Z /home/runner/work/_temp/git-credentials-7019e437-0f35-4c49-95dc-b090ec67bfea.config
verify	Post Run actions/checkout@v7	2026-09-28T14:34:01.2253723Z [command]/usr/bin/git config --local --unset includeif.gitdir:/home/runner/work/ecohospital-esg-cicd/ecohospital-esg-cicd/.git.path \/home\/runner\/work\/_temp\/git\-credentials\-7019e437\-0f35\-4c49\-95dc\-b090ec67bfea\.config
verify	Post Run actions/checkout@v7	2026-09-28T14:34:01.2333713Z [command]/usr/bin/git config --local --get-all includeif.gitdir:/home/runner/work/ecohospital-esg-cicd/ecohospital-esg-cicd/.git/worktrees/*.path
verify	Post Run actions/checkout@v7	2026-09-28T14:34:01.2363410Z /home/runner/work/_temp/git-credentials-7019e437-0f35-4c49-95dc-b090ec67bfea.config
verify	Post Run actions/checkout@v7	2026-09-28T14:34:01.2366623Z [command]/usr/bin/git config --local --unset includeif.gitdir:/home/runner/work/ecohospital-esg-cicd/ecohospital-esg-cicd/.git/worktrees/*.path \/home\/runner\/work\/_temp\/git\-credentials\-7019e437\-0f35\-4c49\-95dc\-b090ec67bfea\.config
verify	Post Run actions/checkout@v7	2026-09-28T14:34:01.2401523Z [command]/usr/bin/git config --local --get-all includeif.gitdir:/github/workspace/.git.path
verify	Post Run actions/checkout@v7	2026-09-28T14:34:01.2432004Z /github/runner_temp/git-credentials-7019e437-0f35-4c49-95dc-b090ec67bfea.config
verify	Post Run actions/checkout@v7	2026-09-28T14:34:01.2440580Z [command]/usr/bin/git config --local --unset includeif.gitdir:/github/workspace/.git.path \/github\/runner_temp\/git\-credentials\-7019e437\-0f35\-4c49\-95dc\-b090ec67bfea\.config
verify	Post Run actions/checkout@v7	2026-09-28T14:34:01.2483388Z [command]/usr/bin/git config --local --get-all includeif.gitdir:/github/workspace/.git/worktrees/*.path
verify	Post Run actions/checkout@v7	2026-09-28T14:34:01.2514470Z /github/runner_temp/git-credentials-7019e437-0f35-4c49-95dc-b090ec67bfea.config
verify	Post Run actions/checkout@v7	2026-09-28T14:34:01.2523652Z [command]/usr/bin/git config --local --unset includeif.gitdir:/github/workspace/.git/worktrees/*.path \/github\/runner_temp\/git\-credentials\-7019e437\-0f35\-4c49\-95dc\-b090ec67bfea\.config
verify	Post Run actions/checkout@v7	2026-09-28T14:34:01.2564503Z [command]/usr/bin/git submodule foreach --recursive git config --local --show-origin --name-only --get-regexp remote.origin.url
verify	Post Run actions/checkout@v7	2026-09-28T14:34:01.2797028Z Removing credentials config '/home/runner/work/_temp/git-credentials-7019e437-0f35-4c49-95dc-b090ec67bfea.config'
verify	Complete job	﻿2026-09-28T14:34:01.2947218Z Cleaning up orphan processes
image	Set up job	﻿2026-09-28T14:34:07.9257539Z Current runner version: '2.337.0'
image	Set up job	2026-09-28T14:34:07.9285057Z ##[group]Runner Image Provisioner
image	Set up job	2026-09-28T14:34:07.9286062Z Hosted Compute Agent
image	Set up job	2026-09-28T14:34:07.9286693Z Version: 20260828.587
image	Set up job	2026-09-28T14:34:07.9287398Z Commit: abac92662cab4cc7352de4f9f9d2e2419aad9c29
image	Set up job	2026-09-28T14:34:07.9288227Z Build Date: 2026-08-28T16:44:25Z
image	Set up job	2026-09-28T14:34:07.9288936Z Worker ID: {857848b5-160d-4333-89db-9711d2a1b701}
image	Set up job	2026-09-28T14:34:07.9289898Z Azure Region: westus
image	Set up job	2026-09-28T14:34:07.9290503Z ##[endgroup]
image	Set up job	2026-09-28T14:34:07.9292134Z ##[group]Operating System
image	Set up job	2026-09-28T14:34:07.9292846Z Ubuntu
image	Set up job	2026-09-28T14:34:07.9293402Z 24.04.5
image	Set up job	2026-09-28T14:34:07.9293999Z LTS
image	Set up job	2026-09-28T14:34:07.9294561Z ##[endgroup]
image	Set up job	2026-09-28T14:34:07.9295148Z ##[group]Runner Image
image	Set up job	2026-09-28T14:34:07.9295869Z Image: ubuntu-24.04
image	Set up job	2026-09-28T14:34:07.9296473Z Version: 20260920.314.1
image	Set up job	2026-09-28T14:34:07.9297603Z Included Software: https://github.com/actions/runner-images/blob/ubuntu24/20260920.314/images/ubuntu/Ubuntu2404-Readme.md
image	Set up job	2026-09-28T14:34:07.9299362Z Image Release: https://github.com/actions/runner-images/releases/tag/ubuntu24%2F20260920.314
image	Set up job	2026-09-28T14:34:07.9300829Z ##[endgroup]
image	Set up job	2026-09-28T14:34:07.9302067Z ##[group]GITHUB_TOKEN Permissions
image	Set up job	2026-09-28T14:34:07.9304281Z Contents: read
image	Set up job	2026-09-28T14:34:07.9304918Z Metadata: read
image	Set up job	2026-09-28T14:34:07.9305953Z Packages: write
image	Set up job	2026-09-28T14:34:07.9306539Z ##[endgroup]
image	Set up job	2026-09-28T14:34:07.9308565Z Secret source: Actions
image	Set up job	2026-09-28T14:34:07.9309789Z Cache mode: write
image	Set up job	2026-09-28T14:34:07.9310659Z Prepare workflow directory
image	Set up job	2026-09-28T14:34:07.9635089Z Prepare all required actions
image	Set up job	2026-09-28T14:34:07.9692693Z Getting action download info
image	Set up job	2026-09-28T14:34:08.4472291Z Download action repository 'actions/checkout@v7' (SHA:3d3c42e5aac5ba805825da76410c181273ba90b1)
image	Set up job	2026-09-28T14:34:08.9304042Z Download action repository 'docker/setup-buildx-action@v4' (SHA:f87e5991a6d7451dcb8d9637bfbc97413f497069)
image	Set up job	2026-09-28T14:34:09.4512727Z Download action repository 'docker/build-push-action@v7' (SHA:c3c9e263c25d99ce0380d002d59b67737d91b0dc)
image	Set up job	2026-09-28T14:34:09.9411062Z Download action repository 'docker/login-action@v4' (SHA:dbcb813823bdd20940b903addbd779551569679f)
image	Set up job	2026-09-28T14:34:10.4244292Z Download action repository 'actions/upload-artifact@v7' (SHA:043fb46d1a93c77aae656e7c1c64a875d1fc6a0a)
image	Set up job	2026-09-28T14:34:10.6828841Z Complete job name: image
image	Run actions/checkout@v7	﻿2026-09-28T14:34:10.7556543Z ##[group]Run actions/checkout@v7
image	Run actions/checkout@v7	2026-09-28T14:34:10.7557189Z with:
image	Run actions/checkout@v7	2026-09-28T14:34:10.7557503Z   repository: Kalicon/ecohospital-esg-cicd
image	Run actions/checkout@v7	2026-09-28T14:34:10.7560740Z   token: ***
image	Run actions/checkout@v7	2026-09-28T14:34:10.7561033Z   ssh-strict: true
image	Run actions/checkout@v7	2026-09-28T14:34:10.7561308Z   ssh-user: git
image	Run actions/checkout@v7	2026-09-28T14:34:10.7561592Z   persist-credentials: true
image	Run actions/checkout@v7	2026-09-28T14:34:10.7561894Z   clean: true
image	Run actions/checkout@v7	2026-09-28T14:34:10.7562176Z   sparse-checkout-cone-mode: true
image	Run actions/checkout@v7	2026-09-28T14:34:10.7562493Z   fetch-depth: 1
image	Run actions/checkout@v7	2026-09-28T14:34:10.7562770Z   fetch-tags: false
image	Run actions/checkout@v7	2026-09-28T14:34:10.7563049Z   show-progress: true
image	Run actions/checkout@v7	2026-09-28T14:34:10.7563336Z   lfs: false
image	Run actions/checkout@v7	2026-09-28T14:34:10.7563613Z   submodules: false
image	Run actions/checkout@v7	2026-09-28T14:34:10.7563990Z   set-safe-directory: true
image	Run actions/checkout@v7	2026-09-28T14:34:10.7564312Z   allow-unsafe-pr-checkout: false
image	Run actions/checkout@v7	2026-09-28T14:34:10.7564843Z ##[endgroup]
image	Run actions/checkout@v7	2026-09-28T14:34:10.8605352Z Syncing repository: Kalicon/ecohospital-esg-cicd
image	Run actions/checkout@v7	2026-09-28T14:34:10.8606879Z ##[group]Getting Git version info
image	Run actions/checkout@v7	2026-09-28T14:34:10.8607434Z Working directory is '/home/runner/work/ecohospital-esg-cicd/ecohospital-esg-cicd'
image	Run actions/checkout@v7	2026-09-28T14:34:10.8608304Z [command]/usr/bin/git version
image	Run actions/checkout@v7	2026-09-28T14:34:10.9943514Z git version 2.55.0
image	Run actions/checkout@v7	2026-09-28T14:34:10.9965555Z ##[endgroup]
image	Run actions/checkout@v7	2026-09-28T14:34:10.9979208Z Temporarily overriding HOME='/home/runner/work/_temp/bca52a71-1963-4b0b-8a5f-df0c8094ca33' before making global git config changes
image	Run actions/checkout@v7	2026-09-28T14:34:10.9981315Z Adding repository directory to the temporary git global config as a safe directory
image	Run actions/checkout@v7	2026-09-28T14:34:10.9986571Z [command]/usr/bin/git config --global --add safe.directory /home/runner/work/ecohospital-esg-cicd/ecohospital-esg-cicd
image	Run actions/checkout@v7	2026-09-28T14:34:11.0252369Z Deleting the contents of '/home/runner/work/ecohospital-esg-cicd/ecohospital-esg-cicd'
image	Run actions/checkout@v7	2026-09-28T14:34:11.0256401Z ##[group]Determining repository object format
image	Run actions/checkout@v7	2026-09-28T14:34:11.0258423Z ##[endgroup]
image	Run actions/checkout@v7	2026-09-28T14:34:11.0259121Z ##[group]Initializing the repository
image	Run actions/checkout@v7	2026-09-28T14:34:11.0265075Z [command]/usr/bin/git init /home/runner/work/ecohospital-esg-cicd/ecohospital-esg-cicd
image	Run actions/checkout@v7	2026-09-28T14:34:11.1342049Z hint: Using 'master' as the name for the initial branch. This default branch name
image	Run actions/checkout@v7	2026-09-28T14:34:11.1343122Z hint: will change to "main" in Git 3.0. To configure the initial branch name
image	Run actions/checkout@v7	2026-09-28T14:34:11.1343926Z hint: to use in all of your new repositories, which will suppress this warning,
image	Run actions/checkout@v7	2026-09-28T14:34:11.1344768Z hint: call:
image	Run actions/checkout@v7	2026-09-28T14:34:11.1345173Z hint:
image	Run actions/checkout@v7	2026-09-28T14:34:11.1345706Z hint: 	git config --global init.defaultBranch <name>
image	Run actions/checkout@v7	2026-09-28T14:34:11.1346273Z hint:
image	Run actions/checkout@v7	2026-09-28T14:34:11.1346759Z hint: Names commonly chosen instead of 'master' are 'main', 'trunk' and
image	Run actions/checkout@v7	2026-09-28T14:34:11.1347497Z hint: 'development'. The just-created branch can be renamed via this command:
image	Run actions/checkout@v7	2026-09-28T14:34:11.1348242Z hint:
image	Run actions/checkout@v7	2026-09-28T14:34:11.1348795Z hint: 	git branch -m <name>
image	Run actions/checkout@v7	2026-09-28T14:34:11.1350133Z hint:
image	Run actions/checkout@v7	2026-09-28T14:34:11.1350870Z hint: Disable this message with "git config set advice.defaultBranchName false"
image	Run actions/checkout@v7	2026-09-28T14:34:11.1351739Z Initialized empty Git repository in /home/runner/work/ecohospital-esg-cicd/ecohospital-esg-cicd/.git/
image	Run actions/checkout@v7	2026-09-28T14:34:11.1356479Z [command]/usr/bin/git remote add origin https://github.com/Kalicon/ecohospital-esg-cicd
image	Run actions/checkout@v7	2026-09-28T14:34:11.1640814Z ##[endgroup]
image	Run actions/checkout@v7	2026-09-28T14:34:11.1641902Z ##[group]Disabling automatic garbage collection
image	Run actions/checkout@v7	2026-09-28T14:34:11.1643310Z [command]/usr/bin/git config --local gc.auto 0
image	Run actions/checkout@v7	2026-09-28T14:34:11.1682012Z ##[endgroup]
image	Run actions/checkout@v7	2026-09-28T14:34:11.1682780Z ##[group]Setting up auth
image	Run actions/checkout@v7	2026-09-28T14:34:11.1683324Z Removing SSH command configuration
image	Run actions/checkout@v7	2026-09-28T14:34:11.1688822Z [command]/usr/bin/git config --local --name-only --get-regexp core\.sshCommand
image	Run actions/checkout@v7	2026-09-28T14:34:11.1726197Z [command]/usr/bin/git submodule foreach --recursive sh -c "git config --local --name-only --get-regexp 'core\.sshCommand' && git config --local --unset-all 'core.sshCommand' || :"
image	Run actions/checkout@v7	2026-09-28T14:34:11.3913543Z Removing HTTP extra header
image	Run actions/checkout@v7	2026-09-28T14:34:11.3919931Z [command]/usr/bin/git config --local --name-only --get-regexp http\.https\:\/\/github\.com\/\.extraheader
image	Run actions/checkout@v7	2026-09-28T14:34:11.3958243Z [command]/usr/bin/git submodule foreach --recursive sh -c "git config --local --name-only --get-regexp 'http\.https\:\/\/github\.com\/\.extraheader' && git config --local --unset-all 'http.https://github.com/.extraheader' || :"
image	Run actions/checkout@v7	2026-09-28T14:34:11.4199818Z Removing includeIf entries pointing to credentials config files
image	Run actions/checkout@v7	2026-09-28T14:34:11.4200803Z [command]/usr/bin/git config --local --name-only --get-regexp ^includeIf\.gitdir:
image	Run actions/checkout@v7	2026-09-28T14:34:11.4238350Z [command]/usr/bin/git submodule foreach --recursive git config --local --show-origin --name-only --get-regexp remote.origin.url
image	Run actions/checkout@v7	2026-09-28T14:34:11.4491432Z [command]/usr/bin/git config --file /home/runner/work/_temp/git-credentials-1399d54d-f144-4293-906b-0df70889b521.config http.https://github.com/.extraheader AUTHORIZATION: basic ***
image	Run actions/checkout@v7	2026-09-28T14:34:11.4534301Z [command]/usr/bin/git config --local includeIf.gitdir:/home/runner/work/ecohospital-esg-cicd/ecohospital-esg-cicd/.git.path /home/runner/work/_temp/git-credentials-1399d54d-f144-4293-906b-0df70889b521.config
image	Run actions/checkout@v7	2026-09-28T14:34:11.4570892Z [command]/usr/bin/git config --local includeIf.gitdir:/home/runner/work/ecohospital-esg-cicd/ecohospital-esg-cicd/.git/worktrees/*.path /home/runner/work/_temp/git-credentials-1399d54d-f144-4293-906b-0df70889b521.config
image	Run actions/checkout@v7	2026-09-28T14:34:11.4609643Z [command]/usr/bin/git config --local includeIf.gitdir:/github/workspace/.git.path /github/runner_temp/git-credentials-1399d54d-f144-4293-906b-0df70889b521.config
image	Run actions/checkout@v7	2026-09-28T14:34:11.4647644Z [command]/usr/bin/git config --local includeIf.gitdir:/github/workspace/.git/worktrees/*.path /github/runner_temp/git-credentials-1399d54d-f144-4293-906b-0df70889b521.config
image	Run actions/checkout@v7	2026-09-28T14:34:11.4681642Z ##[endgroup]
image	Run actions/checkout@v7	2026-09-28T14:34:11.4682382Z ##[group]Fetching the repository
image	Run actions/checkout@v7	2026-09-28T14:34:11.4688440Z [command]/usr/bin/git -c protocol.version=2 fetch --no-tags --prune --no-recurse-submodules --depth=1 origin +a18651f2c875f6e85834c570d5c8eb643a0806b7:refs/remotes/origin/main
image	Run actions/checkout@v7	2026-09-28T14:34:12.0921471Z From https://github.com/Kalicon/ecohospital-esg-cicd
image	Run actions/checkout@v7	2026-09-28T14:34:12.0922412Z  * [new ref]         a18651f2c875f6e85834c570d5c8eb643a0806b7 -> origin/main
image	Run actions/checkout@v7	2026-09-28T14:34:12.0932608Z [command]/usr/bin/git branch --list --remote origin/main
image	Run actions/checkout@v7	2026-09-28T14:34:12.0965426Z   origin/main
image	Run actions/checkout@v7	2026-09-28T14:34:12.0973655Z [command]/usr/bin/git rev-parse refs/remotes/origin/main
image	Run actions/checkout@v7	2026-09-28T14:34:12.1002397Z a18651f2c875f6e85834c570d5c8eb643a0806b7
image	Run actions/checkout@v7	2026-09-28T14:34:12.1005932Z ##[endgroup]
image	Run actions/checkout@v7	2026-09-28T14:34:12.1006334Z ##[group]Determining the checkout info
image	Run actions/checkout@v7	2026-09-28T14:34:12.1007162Z ##[endgroup]
image	Run actions/checkout@v7	2026-09-28T14:34:12.1011782Z [command]/usr/bin/git sparse-checkout disable
image	Run actions/checkout@v7	2026-09-28T14:34:12.1217580Z [command]/usr/bin/git config --local --unset-all extensions.worktreeConfig
image	Run actions/checkout@v7	2026-09-28T14:34:12.1257382Z ##[group]Checking out the ref
image	Run actions/checkout@v7	2026-09-28T14:34:12.1257901Z [command]/usr/bin/git checkout --progress --force -B main refs/remotes/origin/main
image	Run actions/checkout@v7	2026-09-28T14:34:12.1392536Z Switched to a new branch 'main'
image	Run actions/checkout@v7	2026-09-28T14:34:12.1398011Z branch 'main' set up to track 'origin/main'.
image	Run actions/checkout@v7	2026-09-28T14:34:12.1404647Z ##[endgroup]
image	Run actions/checkout@v7	2026-09-28T14:34:12.1452804Z [command]/usr/bin/git log -1 --format=%H
image	Run actions/checkout@v7	2026-09-28T14:34:12.1484066Z a18651f2c875f6e85834c570d5c8eb643a0806b7
image	Identificar imagem pelo commit	﻿2026-09-28T14:34:12.1726477Z ##[group]Run echo "IMAGE=ghcr.io/${GITHUB_REPOSITORY,,}:${GITHUB_SHA}" >> "$GITHUB_ENV"
image	Identificar imagem pelo commit	2026-09-28T14:34:12.1727168Z ^[[36;1mecho "IMAGE=ghcr.io/${GITHUB_REPOSITORY,,}:${GITHUB_SHA}" >> "$GITHUB_ENV"^[[0m
image	Identificar imagem pelo commit	2026-09-28T14:34:12.3279870Z shell: /usr/bin/bash -e {0}
image	Identificar imagem pelo commit	2026-09-28T14:34:12.3280254Z ##[endgroup]
image	Run docker/setup-buildx-action@v4	﻿2026-09-28T14:34:12.3483217Z ##[group]Run docker/setup-buildx-action@v4
image	Run docker/setup-buildx-action@v4	2026-09-28T14:34:12.3483559Z with:
image	Run docker/setup-buildx-action@v4	2026-09-28T14:34:12.3483789Z   driver: docker-container
image	Run docker/setup-buildx-action@v4	2026-09-28T14:34:12.3484040Z   use: true
image	Run docker/setup-buildx-action@v4	2026-09-28T14:34:12.3484254Z   keep-state: false
image	Run docker/setup-buildx-action@v4	2026-09-28T14:34:12.3484481Z   cache-binary: true
image	Run docker/setup-buildx-action@v4	2026-09-28T14:34:12.3484704Z   cleanup: true
image	Run docker/setup-buildx-action@v4	2026-09-28T14:34:12.3484941Z env:
image	Run docker/setup-buildx-action@v4	2026-09-28T14:34:12.3485340Z   IMAGE: ghcr.io/kalicon/ecohospital-esg-cicd:a18651f2c875f6e85834c570d5c8eb643a0806b7
image	Run docker/setup-buildx-action@v4	2026-09-28T14:34:12.3485781Z ##[endgroup]
image	Run docker/setup-buildx-action@v4	2026-09-28T14:34:12.5387620Z ##[group]Docker info
image	Run docker/setup-buildx-action@v4	2026-09-28T14:34:12.5427487Z [command]/usr/bin/docker version
image	Run docker/setup-buildx-action@v4	2026-09-28T14:34:14.0687161Z Client: Docker Engine - Community
image	Run docker/setup-buildx-action@v4	2026-09-28T14:34:14.0687749Z  Version:           28.0.4
image	Run docker/setup-buildx-action@v4	2026-09-28T14:34:14.0688136Z  API version:       1.48
image	Run docker/setup-buildx-action@v4	2026-09-28T14:34:14.0689301Z  Go version:        go1.23.7
image	Run docker/setup-buildx-action@v4	2026-09-28T14:34:14.0689854Z  Git commit:        b8034c0
image	Run docker/setup-buildx-action@v4	2026-09-28T14:34:14.0690201Z  Built:             Tue Mar 25 15:07:16 2025
image	Run docker/setup-buildx-action@v4	2026-09-28T14:34:14.0690577Z  OS/Arch:           linux/amd64
image	Run docker/setup-buildx-action@v4	2026-09-28T14:34:14.0691040Z  Context:           default
image	Run docker/setup-buildx-action@v4	2026-09-28T14:34:14.0691236Z 
image	Run docker/setup-buildx-action@v4	2026-09-28T14:34:14.0691384Z Server: Docker Engine - Community
image	Run docker/setup-buildx-action@v4	2026-09-28T14:34:14.0691715Z  Engine:
image	Run docker/setup-buildx-action@v4	2026-09-28T14:34:14.0691977Z   Version:          28.0.4
image	Run docker/setup-buildx-action@v4	2026-09-28T14:34:14.0692331Z   API version:      1.48 (minimum version 1.24)
image	Run docker/setup-buildx-action@v4	2026-09-28T14:34:14.0692747Z   Go version:       go1.23.7
image	Run docker/setup-buildx-action@v4	2026-09-28T14:34:14.0693063Z   Git commit:       6430e49
image	Run docker/setup-buildx-action@v4	2026-09-28T14:34:14.0693392Z   Built:            Tue Mar 25 15:07:16 2025
image	Run docker/setup-buildx-action@v4	2026-09-28T14:34:14.0693766Z   OS/Arch:          linux/amd64
image	Run docker/setup-buildx-action@v4	2026-09-28T14:34:14.0694124Z   Experimental:     false
image	Run docker/setup-buildx-action@v4	2026-09-28T14:34:14.0694495Z  containerd:
image	Run docker/setup-buildx-action@v4	2026-09-28T14:34:14.0694775Z   Version:          v2.3.5
image	Run docker/setup-buildx-action@v4	2026-09-28T14:34:14.0695321Z   GitCommit:        1294c24a7da8e5a793ed378161673abe94118892
image	Run docker/setup-buildx-action@v4	2026-09-28T14:34:14.0695790Z  runc:
image	Run docker/setup-buildx-action@v4	2026-09-28T14:34:14.0696067Z   Version:          1.5.1
image	Run docker/setup-buildx-action@v4	2026-09-28T14:34:14.0696410Z   GitCommit:        v1.5.1-0-g8f2685a4
image	Run docker/setup-buildx-action@v4	2026-09-28T14:34:14.0697304Z  docker-init:
image	Run docker/setup-buildx-action@v4	2026-09-28T14:34:14.0697625Z   Version:          0.19.0
image	Run docker/setup-buildx-action@v4	2026-09-28T14:34:14.0697974Z   GitCommit:        de40ad0
image	Run docker/setup-buildx-action@v4	2026-09-28T14:34:14.0781286Z [command]/usr/bin/docker info
image	Run docker/setup-buildx-action@v4	2026-09-28T14:34:16.7649131Z Client: Docker Engine - Community
image	Run docker/setup-buildx-action@v4	2026-09-28T14:34:16.7662529Z  Version:    28.0.4
image	Run docker/setup-buildx-action@v4	2026-09-28T14:34:16.7663069Z  Context:    default
image	Run docker/setup-buildx-action@v4	2026-09-28T14:34:16.7663507Z  Debug Mode: false
image	Run docker/setup-buildx-action@v4	2026-09-28T14:34:16.7663887Z  Plugins:
image	Run docker/setup-buildx-action@v4	2026-09-28T14:34:16.7664230Z   buildx: Docker Buildx (Docker Inc.)
image	Run docker/setup-buildx-action@v4	2026-09-28T14:34:16.7664600Z     Version:  v0.37.1
image	Run docker/setup-buildx-action@v4	2026-09-28T14:34:16.7665091Z     Path:     /usr/libexec/docker/cli-plugins/docker-buildx
image	Run docker/setup-buildx-action@v4	2026-09-28T14:34:16.7665676Z   compose: Docker Compose (Docker Inc.)
image	Run docker/setup-buildx-action@v4	2026-09-28T14:34:16.7666168Z     Version:  v2.38.2
image	Run docker/setup-buildx-action@v4	2026-09-28T14:34:16.7666600Z     Path:     /usr/libexec/docker/cli-plugins/docker-compose
image	Run docker/setup-buildx-action@v4	2026-09-28T14:34:16.7667064Z 
image	Run docker/setup-buildx-action@v4	2026-09-28T14:34:16.7667383Z Server:
image	Run docker/setup-buildx-action@v4	2026-09-28T14:34:16.7667706Z  Containers: 0
image	Run docker/setup-buildx-action@v4	2026-09-28T14:34:16.7668076Z   Running: 0
image	Run docker/setup-buildx-action@v4	2026-09-28T14:34:16.7668535Z   Paused: 0
image	Run docker/setup-buildx-action@v4	2026-09-28T14:34:16.7668875Z   Stopped: 0
image	Run docker/setup-buildx-action@v4	2026-09-28T14:34:16.7669270Z  Images: 6
image	Run docker/setup-buildx-action@v4	2026-09-28T14:34:16.7669853Z  Server Version: 28.0.4
image	Run docker/setup-buildx-action@v4	2026-09-28T14:34:16.7670314Z  Storage Driver: overlay2
image	Run docker/setup-buildx-action@v4	2026-09-28T14:34:16.7670739Z   Backing Filesystem: extfs
image	Run docker/setup-buildx-action@v4	2026-09-28T14:34:16.7671156Z   Supports d_type: true
image	Run docker/setup-buildx-action@v4	2026-09-28T14:34:16.7671521Z   Using metacopy: false
image	Run docker/setup-buildx-action@v4	2026-09-28T14:34:16.7671954Z   Native Overlay Diff: false
image	Run docker/setup-buildx-action@v4	2026-09-28T14:34:16.7672402Z   userxattr: false
image	Run docker/setup-buildx-action@v4	2026-09-28T14:34:16.7672816Z  Logging Driver: json-file
image	Run docker/setup-buildx-action@v4	2026-09-28T14:34:16.7673194Z  Cgroup Driver: systemd
image	Run docker/setup-buildx-action@v4	2026-09-28T14:34:16.7673545Z  Cgroup Version: 2
image	Run docker/setup-buildx-action@v4	2026-09-28T14:34:16.7673925Z  Plugins:
image	Run docker/setup-buildx-action@v4	2026-09-28T14:34:16.7674223Z   Volume: local
image	Run docker/setup-buildx-action@v4	2026-09-28T14:34:16.7674612Z   Network: bridge host ipvlan macvlan null overlay
image	Run docker/setup-buildx-action@v4	2026-09-28T14:34:16.7675278Z   Log: awslogs fluentd gcplogs gelf journald json-file local splunk syslog
image	Run docker/setup-buildx-action@v4	2026-09-28T14:34:16.7675934Z  Swarm: inactive
image	Run docker/setup-buildx-action@v4	2026-09-28T14:34:16.7676302Z  Runtimes: io.containerd.runc.v2 runc
image	Run docker/setup-buildx-action@v4	2026-09-28T14:34:16.7677514Z  Default Runtime: runc
image	Run docker/setup-buildx-action@v4	2026-09-28T14:34:16.7677925Z  Init Binary: docker-init
image	Run docker/setup-buildx-action@v4	2026-09-28T14:34:16.7678431Z  containerd version: 1294c24a7da8e5a793ed378161673abe94118892
image	Run docker/setup-buildx-action@v4	2026-09-28T14:34:16.7679000Z  runc version: v1.5.1-0-g8f2685a4
image	Run docker/setup-buildx-action@v4	2026-09-28T14:34:16.7679801Z  init version: de40ad0
image	Run docker/setup-buildx-action@v4	2026-09-28T14:34:16.7680170Z  Security Options:
image	Run docker/setup-buildx-action@v4	2026-09-28T14:34:16.7680482Z   apparmor
image	Run docker/setup-buildx-action@v4	2026-09-28T14:34:16.7680762Z   seccomp
image	Run docker/setup-buildx-action@v4	2026-09-28T14:34:16.7681064Z    Profile: builtin
image	Run docker/setup-buildx-action@v4	2026-09-28T14:34:16.7681385Z   cgroupns
image	Run docker/setup-buildx-action@v4	2026-09-28T14:34:16.7681707Z  Kernel Version: 6.17.0-1022-azure
image	Run docker/setup-buildx-action@v4	2026-09-28T14:34:16.7682139Z  Operating System: Ubuntu 24.04.5 LTS
image	Run docker/setup-buildx-action@v4	2026-09-28T14:34:16.7682556Z  OSType: linux
image	Run docker/setup-buildx-action@v4	2026-09-28T14:34:16.7682884Z  Architecture: x86_64
image	Run docker/setup-buildx-action@v4	2026-09-28T14:34:16.7683226Z  CPUs: 4
image	Run docker/setup-buildx-action@v4	2026-09-28T14:34:16.7683555Z  Total Memory: 15.61GiB
image	Run docker/setup-buildx-action@v4	2026-09-28T14:34:16.7683904Z  Name: runnervmtr4k5
image	Run docker/setup-buildx-action@v4	2026-09-28T14:34:16.7684289Z  ID: bab1ddb9-e66f-4080-9fbf-9a64e0823a66
image	Run docker/setup-buildx-action@v4	2026-09-28T14:34:16.7684748Z  Docker Root Dir: /var/lib/docker
image	Run docker/setup-buildx-action@v4	2026-09-28T14:34:16.7685179Z  Debug Mode: false
image	Run docker/setup-buildx-action@v4	2026-09-28T14:34:16.7685508Z  Username: githubactions
image	Run docker/setup-buildx-action@v4	2026-09-28T14:34:16.7685872Z  Experimental: false
image	Run docker/setup-buildx-action@v4	2026-09-28T14:34:16.7686210Z  Insecure Registries:
image	Run docker/setup-buildx-action@v4	2026-09-28T14:34:16.7691316Z   ::1/128
image	Run docker/setup-buildx-action@v4	2026-09-28T14:34:16.7691658Z   127.0.0.0/8
image	Run docker/setup-buildx-action@v4	2026-09-28T14:34:16.7692021Z  Live Restore Enabled: false
image	Run docker/setup-buildx-action@v4	2026-09-28T14:34:16.7692327Z 
image	Run docker/setup-buildx-action@v4	2026-09-28T14:34:16.7692956Z ##[endgroup]
image	Run docker/setup-buildx-action@v4	2026-09-28T14:34:16.9019206Z ##[group]Buildx version
image	Run docker/setup-buildx-action@v4	2026-09-28T14:34:16.9040580Z [command]/usr/bin/docker buildx version
image	Run docker/setup-buildx-action@v4	2026-09-28T14:34:16.9725108Z github.com/docker/buildx v0.37.1 0b265a9f62db554fa9aba6dd19e1bd5704bc7d8a
image	Run docker/setup-buildx-action@v4	2026-09-28T14:34:16.9756536Z ##[endgroup]
image	Run docker/setup-buildx-action@v4	2026-09-28T14:34:16.9922340Z ##[group]Inspecting default docker context
image	Run docker/setup-buildx-action@v4	2026-09-28T14:34:17.0074692Z [
image	Run docker/setup-buildx-action@v4	2026-09-28T14:34:17.0075050Z   {
image	Run docker/setup-buildx-action@v4	2026-09-28T14:34:17.0075341Z     "Name": "default",
image	Run docker/setup-buildx-action@v4	2026-09-28T14:34:17.0075751Z     "Metadata": {},
image	Run docker/setup-buildx-action@v4	2026-09-28T14:34:17.0075990Z     "Endpoints": {
image	Run docker/setup-buildx-action@v4	2026-09-28T14:34:17.0076209Z       "docker": {
image	Run docker/setup-buildx-action@v4	2026-09-28T14:34:17.0076855Z         "Host": "unix:///var/run/docker.sock",
image	Run docker/setup-buildx-action@v4	2026-09-28T14:34:17.0077174Z         "SkipTLSVerify": false
image	Run docker/setup-buildx-action@v4	2026-09-28T14:34:17.0077417Z       }
image	Run docker/setup-buildx-action@v4	2026-09-28T14:34:17.0077609Z     },
image	Run docker/setup-buildx-action@v4	2026-09-28T14:34:17.0077801Z     "TLSMaterial": {},
image	Run docker/setup-buildx-action@v4	2026-09-28T14:34:17.0078021Z     "Storage": {
image	Run docker/setup-buildx-action@v4	2026-09-28T14:34:17.0078243Z       "MetadataPath": "<IN MEMORY>",
image	Run docker/setup-buildx-action@v4	2026-09-28T14:34:17.0078517Z       "TLSPath": "<IN MEMORY>"
image	Run docker/setup-buildx-action@v4	2026-09-28T14:34:17.0078796Z     }
image	Run docker/setup-buildx-action@v4	2026-09-28T14:34:17.0079068Z   }
image	Run docker/setup-buildx-action@v4	2026-09-28T14:34:17.0079266Z ]
image	Run docker/setup-buildx-action@v4	2026-09-28T14:34:17.0080060Z ##[endgroup]
image	Run docker/setup-buildx-action@v4	2026-09-28T14:34:17.0738919Z ##[group]Pulling BuildKit image(s)
image	Run docker/setup-buildx-action@v4	2026-09-28T14:34:17.0765297Z [command]/usr/bin/docker pull moby/buildkit:buildx-stable-1
image	Run docker/setup-buildx-action@v4	2026-09-28T14:34:18.0008075Z buildx-stable-1: Pulling from moby/buildkit
image	Run docker/setup-buildx-action@v4	2026-09-28T14:34:18.6812608Z e6f31ffc071e: Pulling fs layer
image	Run docker/setup-buildx-action@v4	2026-09-28T14:34:18.6813174Z 58699b5d8a46: Pulling fs layer
image	Run docker/setup-buildx-action@v4	2026-09-28T14:34:18.6813582Z 79330c0ded89: Pulling fs layer
image	Run docker/setup-buildx-action@v4	2026-09-28T14:34:18.6813981Z 524a9b2a3071: Pulling fs layer
image	Run docker/setup-buildx-action@v4	2026-09-28T14:34:18.6814411Z da08d5134795: Pulling fs layer
image	Run docker/setup-buildx-action@v4	2026-09-28T14:34:18.6814792Z c83f748d995d: Pulling fs layer
image	Run docker/setup-buildx-action@v4	2026-09-28T14:34:18.6815155Z 9a6fe4fcb2cb: Pulling fs layer
image	Run docker/setup-buildx-action@v4	2026-09-28T14:34:18.6815522Z da08d5134795: Waiting
image	Run docker/setup-buildx-action@v4	2026-09-28T14:34:18.6815860Z 524a9b2a3071: Waiting
image	Run docker/setup-buildx-action@v4	2026-09-28T14:34:18.6816179Z c83f748d995d: Waiting
image	Run docker/setup-buildx-action@v4	2026-09-28T14:34:18.6816498Z 9a6fe4fcb2cb: Waiting
image	Run docker/setup-buildx-action@v4	2026-09-28T14:34:19.0074102Z 79330c0ded89: Verifying Checksum
image	Run docker/setup-buildx-action@v4	2026-09-28T14:34:19.0074895Z 79330c0ded89: Download complete
image	Run docker/setup-buildx-action@v4	2026-09-28T14:34:19.0293617Z e6f31ffc071e: Verifying Checksum
image	Run docker/setup-buildx-action@v4	2026-09-28T14:34:19.0294173Z e6f31ffc071e: Download complete
image	Run docker/setup-buildx-action@v4	2026-09-28T14:34:19.0491694Z 58699b5d8a46: Verifying Checksum
image	Run docker/setup-buildx-action@v4	2026-09-28T14:34:19.0492582Z 58699b5d8a46: Download complete
image	Run docker/setup-buildx-action@v4	2026-09-28T14:34:19.2150561Z e6f31ffc071e: Pull complete
image	Run docker/setup-buildx-action@v4	2026-09-28T14:34:19.2520155Z 524a9b2a3071: Verifying Checksum
image	Run docker/setup-buildx-action@v4	2026-09-28T14:34:19.2527541Z 524a9b2a3071: Download complete
image	Run docker/setup-buildx-action@v4	2026-09-28T14:34:19.4498232Z c83f748d995d: Verifying Checksum
image	Run docker/setup-buildx-action@v4	2026-09-28T14:34:19.4499614Z c83f748d995d: Download complete
image	Run docker/setup-buildx-action@v4	2026-09-28T14:34:19.4862308Z 9a6fe4fcb2cb: Verifying Checksum
image	Run docker/setup-buildx-action@v4	2026-09-28T14:34:19.4863005Z 9a6fe4fcb2cb: Download complete
image	Run docker/setup-buildx-action@v4	2026-09-28T14:34:19.9239743Z da08d5134795: Verifying Checksum
image	Run docker/setup-buildx-action@v4	2026-09-28T14:34:19.9240325Z da08d5134795: Download complete
image	Run docker/setup-buildx-action@v4	2026-09-28T14:34:20.7655926Z 58699b5d8a46: Pull complete
image	Run docker/setup-buildx-action@v4	2026-09-28T14:34:20.7759342Z 79330c0ded89: Pull complete
image	Run docker/setup-buildx-action@v4	2026-09-28T14:34:20.7872862Z 524a9b2a3071: Pull complete
image	Run docker/setup-buildx-action@v4	2026-09-28T14:34:21.9527844Z da08d5134795: Pull complete
image	Run docker/setup-buildx-action@v4	2026-09-28T14:34:21.9655465Z c83f748d995d: Pull complete
image	Run docker/setup-buildx-action@v4	2026-09-28T14:34:21.9746637Z 9a6fe4fcb2cb: Pull complete
image	Run docker/setup-buildx-action@v4	2026-09-28T14:34:21.9780146Z Digest: sha256:28a898719c18a33f4e8000685287fa36fd0dd9560c6440227d3a732d79bb41d8
image	Run docker/setup-buildx-action@v4	2026-09-28T14:34:21.9791457Z Status: Downloaded newer image for moby/buildkit:buildx-stable-1
image	Run docker/setup-buildx-action@v4	2026-09-28T14:34:21.9800129Z docker.io/moby/buildkit:buildx-stable-1
image	Run docker/setup-buildx-action@v4	2026-09-28T14:34:21.9816460Z ##[endgroup]
image	Run docker/setup-buildx-action@v4	2026-09-28T14:34:21.9817043Z ##[group]Creating a new builder instance
image	Run docker/setup-buildx-action@v4	2026-09-28T14:34:22.0400189Z [command]/usr/bin/docker buildx create --name builder-2655539a-2c6a-4d40-9a73-a4cc69a3a5e6 --driver docker-container --buildkitd-flags --allow-insecure-entitlement security.insecure --allow-insecure-entitlement network.host --use
image	Run docker/setup-buildx-action@v4	2026-09-28T14:34:22.1738236Z builder-2655539a-2c6a-4d40-9a73-a4cc69a3a5e6
image	Run docker/setup-buildx-action@v4	2026-09-28T14:34:22.1773447Z ##[endgroup]
image	Run docker/setup-buildx-action@v4	2026-09-28T14:34:22.1782102Z ##[group]Booting builder
image	Run docker/setup-buildx-action@v4	2026-09-28T14:34:22.1805119Z [command]/usr/bin/docker buildx inspect --bootstrap --builder builder-2655539a-2c6a-4d40-9a73-a4cc69a3a5e6
image	Run docker/setup-buildx-action@v4	2026-09-28T14:34:22.2381210Z #1 [internal] booting buildkit
image	Run docker/setup-buildx-action@v4	2026-09-28T14:34:22.3885776Z #1 pulling image moby/buildkit:buildx-stable-1
image	Run docker/setup-buildx-action@v4	2026-09-28T14:34:22.8722273Z #1 pulling image moby/buildkit:buildx-stable-1 0.6s done
image	Run docker/setup-buildx-action@v4	2026-09-28T14:34:23.0243613Z #1 creating container buildx_buildkit_builder-2655539a-2c6a-4d40-9a73-a4cc69a3a5e60
image	Run docker/setup-buildx-action@v4	2026-09-28T14:34:23.6907272Z #1 creating container buildx_buildkit_builder-2655539a-2c6a-4d40-9a73-a4cc69a3a5e60 0.8s done
image	Run docker/setup-buildx-action@v4	2026-09-28T14:34:23.7243642Z #1 DONE 1.5s
image	Run docker/setup-buildx-action@v4	2026-09-28T14:34:23.7643020Z Name:          builder-2655539a-2c6a-4d40-9a73-a4cc69a3a5e6
image	Run docker/setup-buildx-action@v4	2026-09-28T14:34:23.7643524Z Driver:        docker-container
image	Run docker/setup-buildx-action@v4	2026-09-28T14:34:23.7643950Z Last Activity: 2026-09-28 14:34:22 +0000 UTC
image	Run docker/setup-buildx-action@v4	2026-09-28T14:34:23.7644160Z 
image	Run docker/setup-buildx-action@v4	2026-09-28T14:34:23.7644246Z Nodes:
image	Run docker/setup-buildx-action@v4	2026-09-28T14:34:23.7644790Z Name:                  builder-2655539a-2c6a-4d40-9a73-a4cc69a3a5e60
image	Run docker/setup-buildx-action@v4	2026-09-28T14:34:23.7645391Z Endpoint:              unix:///var/run/docker.sock
image	Run docker/setup-buildx-action@v4	2026-09-28T14:34:23.7645936Z Status:                running
image	Run docker/setup-buildx-action@v4	2026-09-28T14:34:23.7646768Z BuildKit daemon flags: --allow-insecure-entitlement security.insecure --allow-insecure-entitlement network.host
image	Run docker/setup-buildx-action@v4	2026-09-28T14:34:23.7647537Z BuildKit version:      v0.32.2
image	Run docker/setup-buildx-action@v4	2026-09-28T14:34:23.7648018Z Platforms:             linux/amd64, linux/amd64/v2, linux/amd64/v3, linux/386
image	Run docker/setup-buildx-action@v4	2026-09-28T14:34:23.7658051Z Labels:
image	Run docker/setup-buildx-action@v4	2026-09-28T14:34:23.7658398Z  org.mobyproject.buildkit.worker.executor:         oci
image	Run docker/setup-buildx-action@v4	2026-09-28T14:34:23.7658864Z  org.mobyproject.buildkit.worker.hostname:         b8602b3db043
image	Run docker/setup-buildx-action@v4	2026-09-28T14:34:23.7659361Z  org.mobyproject.buildkit.worker.network:          host
image	Run docker/setup-buildx-action@v4	2026-09-28T14:34:23.7660241Z  org.mobyproject.buildkit.worker.oci.process-mode: sandbox
image	Run docker/setup-buildx-action@v4	2026-09-28T14:34:23.7660910Z  org.mobyproject.buildkit.worker.selinux.enabled:  false
image	Run docker/setup-buildx-action@v4	2026-09-28T14:34:23.7661460Z  org.mobyproject.buildkit.worker.snapshotter:      overlayfs
image	Run docker/setup-buildx-action@v4	2026-09-28T14:34:23.7661816Z GC Policy rule#0:
image	Run docker/setup-buildx-action@v4	2026-09-28T14:34:23.7662032Z  All:            false
image	Run docker/setup-buildx-action@v4	2026-09-28T14:34:23.7662393Z  Filters:        type==source.local type==exec.cachemount type==source.git.checkout
image	Run docker/setup-buildx-action@v4	2026-09-28T14:34:23.7662808Z  Keep Duration:  48h0m0s
image	Run docker/setup-buildx-action@v4	2026-09-28T14:34:23.7663046Z  Max Used Space: 488.3MiB
image	Run docker/setup-buildx-action@v4	2026-09-28T14:34:23.7663280Z GC Policy rule#1:
image	Run docker/setup-buildx-action@v4	2026-09-28T14:34:23.7663494Z  All:            false
image	Run docker/setup-buildx-action@v4	2026-09-28T14:34:23.7663723Z  Keep Duration:  1440h0m0s
image	Run docker/setup-buildx-action@v4	2026-09-28T14:34:23.7663983Z  Reserved Space: 9.313GiB
image	Run docker/setup-buildx-action@v4	2026-09-28T14:34:23.7664213Z  Max Used Space: 93.13GiB
image	Run docker/setup-buildx-action@v4	2026-09-28T14:34:23.7664436Z  Min Free Space: 27.01GiB
image	Run docker/setup-buildx-action@v4	2026-09-28T14:34:23.7665050Z GC Policy rule#2:
image	Run docker/setup-buildx-action@v4	2026-09-28T14:34:23.7665254Z  All:            false
image	Run docker/setup-buildx-action@v4	2026-09-28T14:34:23.7665462Z  Reserved Space: 9.313GiB
image	Run docker/setup-buildx-action@v4	2026-09-28T14:34:23.7665682Z  Max Used Space: 93.13GiB
image	Run docker/setup-buildx-action@v4	2026-09-28T14:34:23.7665895Z  Min Free Space: 27.01GiB
image	Run docker/setup-buildx-action@v4	2026-09-28T14:34:23.7666118Z GC Policy rule#3:
image	Run docker/setup-buildx-action@v4	2026-09-28T14:34:23.7666333Z  All:            true
image	Run docker/setup-buildx-action@v4	2026-09-28T14:34:23.7666552Z  Reserved Space: 9.313GiB
image	Run docker/setup-buildx-action@v4	2026-09-28T14:34:23.7666774Z  Max Used Space: 93.13GiB
image	Run docker/setup-buildx-action@v4	2026-09-28T14:34:23.7667019Z  Min Free Space: 27.01GiB
image	Run docker/setup-buildx-action@v4	2026-09-28T14:34:23.7698013Z ##[endgroup]
image	Run docker/setup-buildx-action@v4	2026-09-28T14:34:23.8621001Z ##[group]Inspect builder
image	Run docker/setup-buildx-action@v4	2026-09-28T14:34:23.8621592Z {
image	Run docker/setup-buildx-action@v4	2026-09-28T14:34:23.8621871Z   "nodes": [
image	Run docker/setup-buildx-action@v4	2026-09-28T14:34:23.8622135Z     {
image	Run docker/setup-buildx-action@v4	2026-09-28T14:34:23.8622498Z       "name": "builder-2655539a-2c6a-4d40-9a73-a4cc69a3a5e60",
image	Run docker/setup-buildx-action@v4	2026-09-28T14:34:23.8622884Z       "endpoint": "unix:///var/run/docker.sock",
image	Run docker/setup-buildx-action@v4	2026-09-28T14:34:23.8623258Z       "status": "running",
image	Run docker/setup-buildx-action@v4	2026-09-28T14:34:23.8623920Z       "buildkitd-flags": "--allow-insecure-entitlement security.insecure --allow-insecure-entitlement network.host",
image	Run docker/setup-buildx-action@v4	2026-09-28T14:34:23.8624875Z       "buildkit": "v0.32.2",
image	Run docker/setup-buildx-action@v4	2026-09-28T14:34:23.8625374Z       "platforms": "linux/amd64,linux/amd64/v2,linux/amd64/v3,linux/386",
image	Run docker/setup-buildx-action@v4	2026-09-28T14:34:23.8625735Z       "features": {
image	Run docker/setup-buildx-action@v4	2026-09-28T14:34:23.8626204Z         "Automatically load images to the Docker Engine image store": true,
image	Run docker/setup-buildx-action@v4	2026-09-28T14:34:23.8626810Z         "Cache export": true,
image	Run docker/setup-buildx-action@v4	2026-09-28T14:34:23.8627200Z         "Direct push": true,
image	Run docker/setup-buildx-action@v4	2026-09-28T14:34:23.8627580Z         "Docker exporter": true,
image	Run docker/setup-buildx-action@v4	2026-09-28T14:34:23.8628170Z         "Multi-platform build": true,
image	Run docker/setup-buildx-action@v4	2026-09-28T14:34:23.8628985Z         "OCI exporter": true
image	Run docker/setup-buildx-action@v4	2026-09-28T14:34:23.8630943Z       },
image	Run docker/setup-buildx-action@v4	2026-09-28T14:34:23.8631537Z       "labels": {
image	Run docker/setup-buildx-action@v4	2026-09-28T14:34:23.8631987Z         "org.mobyproject.buildkit.worker.executor": "oci",
image	Run docker/setup-buildx-action@v4	2026-09-28T14:34:23.8632706Z         "org.mobyproject.buildkit.worker.hostname": "b8602b3db043",
image	Run docker/setup-buildx-action@v4	2026-09-28T14:34:23.8633355Z         "org.mobyproject.buildkit.worker.network": "host",
image	Run docker/setup-buildx-action@v4	2026-09-28T14:34:23.8634498Z         "org.mobyproject.buildkit.worker.oci.process-mode": "sandbox",
image	Run docker/setup-buildx-action@v4	2026-09-28T14:34:23.8635223Z         "org.mobyproject.buildkit.worker.selinux.enabled": "false",
image	Run docker/setup-buildx-action@v4	2026-09-28T14:34:23.8635914Z         "org.mobyproject.buildkit.worker.snapshotter": "overlayfs"
image	Run docker/setup-buildx-action@v4	2026-09-28T14:34:23.8636525Z       },
image	Run docker/setup-buildx-action@v4	2026-09-28T14:34:23.8636810Z       "gcPolicy": [
image	Run docker/setup-buildx-action@v4	2026-09-28T14:34:23.8637093Z         {
image	Run docker/setup-buildx-action@v4	2026-09-28T14:34:23.8637508Z           "all": false,
image	Run docker/setup-buildx-action@v4	2026-09-28T14:34:23.8638010Z           "filter": [
image	Run docker/setup-buildx-action@v4	2026-09-28T14:34:23.8638569Z             "type==source.local type==exec.cachemount type==source.git.checkout"
image	Run docker/setup-buildx-action@v4	2026-09-28T14:34:23.8639092Z           ],
image	Run docker/setup-buildx-action@v4	2026-09-28T14:34:23.8639853Z           "keepDuration": "48h0m0s",
image	Run docker/setup-buildx-action@v4	2026-09-28T14:34:23.8640386Z           "maxUsedSpace": "488.3MiB"
image	Run docker/setup-buildx-action@v4	2026-09-28T14:34:23.8640829Z         },
image	Run docker/setup-buildx-action@v4	2026-09-28T14:34:23.8641162Z         {
image	Run docker/setup-buildx-action@v4	2026-09-28T14:34:23.8641596Z           "all": false,
image	Run docker/setup-buildx-action@v4	2026-09-28T14:34:23.8642073Z           "keepDuration": "1440h0m0s",
image	Run docker/setup-buildx-action@v4	2026-09-28T14:34:23.8642601Z           "reservedSpace": "9.313GiB",
image	Run docker/setup-buildx-action@v4	2026-09-28T14:34:23.8643114Z           "maxUsedSpace": "93.13GiB",
image	Run docker/setup-buildx-action@v4	2026-09-28T14:34:23.8643623Z           "minFreeSpace": "27.01GiB"
image	Run docker/setup-buildx-action@v4	2026-09-28T14:34:23.8644072Z         },
image	Run docker/setup-buildx-action@v4	2026-09-28T14:34:23.8644390Z         {
image	Run docker/setup-buildx-action@v4	2026-09-28T14:34:23.8644768Z           "all": false,
image	Run docker/setup-buildx-action@v4	2026-09-28T14:34:23.8645203Z           "reservedSpace": "9.313GiB",
image	Run docker/setup-buildx-action@v4	2026-09-28T14:34:23.8645700Z           "maxUsedSpace": "93.13GiB",
image	Run docker/setup-buildx-action@v4	2026-09-28T14:34:23.8646194Z           "minFreeSpace": "27.01GiB"
image	Run docker/setup-buildx-action@v4	2026-09-28T14:34:23.8646683Z         },
image	Run docker/setup-buildx-action@v4	2026-09-28T14:34:23.8647003Z         {
image	Run docker/setup-buildx-action@v4	2026-09-28T14:34:23.8647355Z           "all": true,
image	Run docker/setup-buildx-action@v4	2026-09-28T14:34:23.8647798Z           "reservedSpace": "9.313GiB",
image	Run docker/setup-buildx-action@v4	2026-09-28T14:34:23.8648299Z           "maxUsedSpace": "93.13GiB",
image	Run docker/setup-buildx-action@v4	2026-09-28T14:34:23.8648849Z           "minFreeSpace": "27.01GiB"
image	Run docker/setup-buildx-action@v4	2026-09-28T14:34:23.8649239Z         }
image	Run docker/setup-buildx-action@v4	2026-09-28T14:34:23.8649684Z       ]
image	Run docker/setup-buildx-action@v4	2026-09-28T14:34:23.8649956Z     }
image	Run docker/setup-buildx-action@v4	2026-09-28T14:34:23.8650557Z   ],
image	Run docker/setup-buildx-action@v4	2026-09-28T14:34:23.8650861Z   "name": "builder-2655539a-2c6a-4d40-9a73-a4cc69a3a5e6",
image	Run docker/setup-buildx-action@v4	2026-09-28T14:34:23.8651278Z   "driver": "docker-container",
image	Run docker/setup-buildx-action@v4	2026-09-28T14:34:23.8651590Z   "lastActivity": "2026-09-28T14:34:22.000Z"
image	Run docker/setup-buildx-action@v4	2026-09-28T14:34:23.8651867Z }
image	Run docker/setup-buildx-action@v4	2026-09-28T14:34:23.8652307Z ##[endgroup]
image	Run docker/setup-buildx-action@v4	2026-09-28T14:34:23.8652709Z ##[group]BuildKit version
image	Run docker/setup-buildx-action@v4	2026-09-28T14:34:23.8653027Z builder-2655539a-2c6a-4d40-9a73-a4cc69a3a5e60: v0.32.2
image	Run docker/setup-buildx-action@v4	2026-09-28T14:34:23.8653500Z ##[endgroup]
image	Construir imagem (também em pull requests)	﻿2026-09-28T14:34:23.8907477Z ##[group]Run docker/build-push-action@v7
image	Construir imagem (também em pull requests)	2026-09-28T14:34:23.8907793Z with:
image	Construir imagem (também em pull requests)	2026-09-28T14:34:23.8907995Z   context: .
image	Construir imagem (também em pull requests)	2026-09-28T14:34:23.8908208Z   load: true
image	Construir imagem (também em pull requests)	2026-09-28T14:34:23.8908406Z   push: false
image	Construir imagem (também em pull requests)	2026-09-28T14:34:23.8908766Z   tags: ghcr.io/kalicon/ecohospital-esg-cicd:a18651f2c875f6e85834c570d5c8eb643a0806b7
image	Construir imagem (também em pull requests)	2026-09-28T14:34:23.8909278Z   build-args: APP_VERSION=a18651f2c875f6e85834c570d5c8eb643a0806b7
image	Construir imagem (também em pull requests)	2026-09-28T14:34:23.8909985Z   labels: org.opencontainers.image.source=https://github.com/Kalicon/ecohospital-esg-cicd
image	Construir imagem (também em pull requests)	2026-09-28T14:34:23.8910451Z   cache-from: type=gha
image	Construir imagem (também em pull requests)	2026-09-28T14:34:23.8910691Z   cache-to: type=gha,mode=max
image	Construir imagem (também em pull requests)	2026-09-28T14:34:23.8910943Z   no-cache: false
image	Construir imagem (também em pull requests)	2026-09-28T14:34:23.8911146Z   pull: false
image	Construir imagem (também em pull requests)	2026-09-28T14:34:23.8913988Z   github-token: ***
image	Construir imagem (também em pull requests)	2026-09-28T14:34:23.8914214Z env:
image	Construir imagem (também em pull requests)	2026-09-28T14:34:23.8914557Z   IMAGE: ghcr.io/kalicon/ecohospital-esg-cicd:a18651f2c875f6e85834c570d5c8eb643a0806b7
image	Construir imagem (também em pull requests)	2026-09-28T14:34:23.8914982Z ##[endgroup]
image	Construir imagem (também em pull requests)	2026-09-28T14:34:24.1398003Z ##[group]GitHub Actions runtime token ACs
image	Construir imagem (também em pull requests)	2026-09-28T14:34:24.1406685Z refs/heads/main: read/write
image	Construir imagem (também em pull requests)	2026-09-28T14:34:24.1407838Z ##[endgroup]
image	Construir imagem (também em pull requests)	2026-09-28T14:34:24.1408458Z ##[group]Docker info
image	Construir imagem (também em pull requests)	2026-09-28T14:34:24.1468839Z [command]/usr/bin/docker version
image	Construir imagem (também em pull requests)	2026-09-28T14:34:24.1675902Z Client: Docker Engine - Community
image	Construir imagem (também em pull requests)	2026-09-28T14:34:24.1676437Z  Version:           28.0.4
image	Construir imagem (também em pull requests)	2026-09-28T14:34:24.1676829Z  API version:       1.48
image	Construir imagem (também em pull requests)	2026-09-28T14:34:24.1677200Z  Go version:        go1.23.7
image	Construir imagem (também em pull requests)	2026-09-28T14:34:24.1677544Z  Git commit:        b8034c0
image	Construir imagem (também em pull requests)	2026-09-28T14:34:24.1678366Z  Built:             Tue Mar 25 15:07:16 2025
image	Construir imagem (também em pull requests)	2026-09-28T14:34:24.1678795Z  OS/Arch:           linux/amd64
image	Construir imagem (também em pull requests)	2026-09-28T14:34:24.1679164Z  Context:           default
image	Construir imagem (também em pull requests)	2026-09-28T14:34:24.1679585Z 
image	Construir imagem (também em pull requests)	2026-09-28T14:34:24.1679745Z Server: Docker Engine - Community
image	Construir imagem (também em pull requests)	2026-09-28T14:34:24.1680129Z  Engine:
image	Construir imagem (também em pull requests)	2026-09-28T14:34:24.1680417Z   Version:          28.0.4
image	Construir imagem (também em pull requests)	2026-09-28T14:34:24.1680808Z   API version:      1.48 (minimum version 1.24)
image	Construir imagem (também em pull requests)	2026-09-28T14:34:24.1681264Z   Go version:       go1.23.7
image	Construir imagem (também em pull requests)	2026-09-28T14:34:24.1681654Z   Git commit:       6430e49
image	Construir imagem (também em pull requests)	2026-09-28T14:34:24.1682025Z   Built:            Tue Mar 25 15:07:16 2025
image	Construir imagem (também em pull requests)	2026-09-28T14:34:24.1682473Z   OS/Arch:          linux/amd64
image	Construir imagem (também em pull requests)	2026-09-28T14:34:24.1682852Z   Experimental:     false
image	Construir imagem (também em pull requests)	2026-09-28T14:34:24.1683190Z  containerd:
image	Construir imagem (também em pull requests)	2026-09-28T14:34:24.1683457Z   Version:          v2.3.5
image	Construir imagem (também em pull requests)	2026-09-28T14:34:24.1683884Z   GitCommit:        1294c24a7da8e5a793ed378161673abe94118892
image	Construir imagem (também em pull requests)	2026-09-28T14:34:24.1684373Z  runc:
image	Construir imagem (também em pull requests)	2026-09-28T14:34:24.1684669Z   Version:          1.5.1
image	Construir imagem (também em pull requests)	2026-09-28T14:34:24.1685070Z   GitCommit:        v1.5.1-0-g8f2685a4
image	Construir imagem (também em pull requests)	2026-09-28T14:34:24.1685474Z  docker-init:
image	Construir imagem (também em pull requests)	2026-09-28T14:34:24.1685768Z   Version:          0.19.0
image	Construir imagem (também em pull requests)	2026-09-28T14:34:24.1686110Z   GitCommit:        de40ad0
image	Construir imagem (também em pull requests)	2026-09-28T14:34:24.1728529Z [command]/usr/bin/docker info
image	Construir imagem (também em pull requests)	2026-09-28T14:34:24.2333397Z Client: Docker Engine - Community
image	Construir imagem (também em pull requests)	2026-09-28T14:34:24.2334213Z  Version:    28.0.4
image	Construir imagem (também em pull requests)	2026-09-28T14:34:24.2334822Z  Context:    default
image	Construir imagem (também em pull requests)	2026-09-28T14:34:24.2335267Z  Debug Mode: false
image	Construir imagem (também em pull requests)	2026-09-28T14:34:24.2335650Z  Plugins:
image	Construir imagem (também em pull requests)	2026-09-28T14:34:24.2335983Z   buildx: Docker Buildx (Docker Inc.)
image	Construir imagem (também em pull requests)	2026-09-28T14:34:24.2336415Z     Version:  v0.37.1
image	Construir imagem (também em pull requests)	2026-09-28T14:34:24.2336867Z     Path:     /usr/libexec/docker/cli-plugins/docker-buildx
image	Construir imagem (também em pull requests)	2026-09-28T14:34:24.2337421Z   compose: Docker Compose (Docker Inc.)
image	Construir imagem (também em pull requests)	2026-09-28T14:34:24.2337845Z     Version:  v2.38.2
image	Construir imagem (também em pull requests)	2026-09-28T14:34:24.2338287Z     Path:     /usr/libexec/docker/cli-plugins/docker-compose
image	Construir imagem (também em pull requests)	2026-09-28T14:34:24.2338667Z 
image	Construir imagem (também em pull requests)	2026-09-28T14:34:24.2338816Z Server:
image	Construir imagem (também em pull requests)	2026-09-28T14:34:24.2339102Z  Containers: 1
image	Construir imagem (também em pull requests)	2026-09-28T14:34:24.2339581Z   Running: 1
image	Construir imagem (também em pull requests)	2026-09-28T14:34:24.2339874Z   Paused: 0
image	Construir imagem (também em pull requests)	2026-09-28T14:34:24.2340151Z   Stopped: 0
image	Construir imagem (também em pull requests)	2026-09-28T14:34:24.2340449Z  Images: 7
image	Construir imagem (também em pull requests)	2026-09-28T14:34:24.2340753Z  Server Version: 28.0.4
image	Construir imagem (também em pull requests)	2026-09-28T14:34:24.2341112Z  Storage Driver: overlay2
image	Construir imagem (também em pull requests)	2026-09-28T14:34:24.2341489Z   Backing Filesystem: extfs
image	Construir imagem (também em pull requests)	2026-09-28T14:34:24.2341875Z   Supports d_type: true
image	Construir imagem (também em pull requests)	2026-09-28T14:34:24.2342238Z   Using metacopy: false
image	Construir imagem (também em pull requests)	2026-09-28T14:34:24.2343130Z   Native Overlay Diff: false
image	Construir imagem (também em pull requests)	2026-09-28T14:34:24.2343515Z   userxattr: false
image	Construir imagem (também em pull requests)	2026-09-28T14:34:24.2343858Z  Logging Driver: json-file
image	Construir imagem (também em pull requests)	2026-09-28T14:34:24.2344232Z  Cgroup Driver: systemd
image	Construir imagem (também em pull requests)	2026-09-28T14:34:24.2344562Z  Cgroup Version: 2
image	Construir imagem (também em pull requests)	2026-09-28T14:34:24.2344894Z  Plugins:
image	Construir imagem (também em pull requests)	2026-09-28T14:34:24.2345187Z   Volume: local
image	Construir imagem (também em pull requests)	2026-09-28T14:34:24.2345578Z   Network: bridge host ipvlan macvlan null overlay
image	Construir imagem (também em pull requests)	2026-09-28T14:34:24.2346246Z   Log: awslogs fluentd gcplogs gelf journald json-file local splunk syslog
image	Construir imagem (também em pull requests)	2026-09-28T14:34:24.2346874Z  Swarm: inactive
image	Construir imagem (também em pull requests)	2026-09-28T14:34:24.2347234Z  Runtimes: io.containerd.runc.v2 runc
image	Construir imagem (também em pull requests)	2026-09-28T14:34:24.2347671Z  Default Runtime: runc
image	Construir imagem (também em pull requests)	2026-09-28T14:34:24.2348079Z  Init Binary: docker-init
image	Construir imagem (também em pull requests)	2026-09-28T14:34:24.2348575Z  containerd version: 1294c24a7da8e5a793ed378161673abe94118892
image	Construir imagem (também em pull requests)	2026-09-28T14:34:24.2349128Z  runc version: v1.5.1-0-g8f2685a4
image	Construir imagem (também em pull requests)	2026-09-28T14:34:24.2349729Z  init version: de40ad0
image	Construir imagem (também em pull requests)	2026-09-28T14:34:24.2350030Z  Security Options:
image	Construir imagem (também em pull requests)	2026-09-28T14:34:24.2350324Z   apparmor
image	Construir imagem (também em pull requests)	2026-09-28T14:34:24.2350603Z   seccomp
image	Construir imagem (também em pull requests)	2026-09-28T14:34:24.2350887Z    Profile: builtin
image	Construir imagem (também em pull requests)	2026-09-28T14:34:24.2351196Z   cgroupns
image	Construir imagem (também em pull requests)	2026-09-28T14:34:24.2351535Z  Kernel Version: 6.17.0-1022-azure
image	Construir imagem (também em pull requests)	2026-09-28T14:34:24.2351982Z  Operating System: Ubuntu 24.04.5 LTS
image	Construir imagem (também em pull requests)	2026-09-28T14:34:24.2352401Z  OSType: linux
image	Construir imagem (também em pull requests)	2026-09-28T14:34:24.2352722Z  Architecture: x86_64
image	Construir imagem (também em pull requests)	2026-09-28T14:34:24.2353059Z  CPUs: 4
image	Construir imagem (também em pull requests)	2026-09-28T14:34:24.2353356Z  Total Memory: 15.61GiB
image	Construir imagem (também em pull requests)	2026-09-28T14:34:24.2353703Z  Name: runnervmtr4k5
image	Construir imagem (também em pull requests)	2026-09-28T14:34:24.2354297Z  ID: bab1ddb9-e66f-4080-9fbf-9a64e0823a66
image	Construir imagem (também em pull requests)	2026-09-28T14:34:24.2354754Z  Docker Root Dir: /var/lib/docker
image	Construir imagem (também em pull requests)	2026-09-28T14:34:24.2355146Z  Debug Mode: false
image	Construir imagem (também em pull requests)	2026-09-28T14:34:24.2355478Z  Username: githubactions
image	Construir imagem (também em pull requests)	2026-09-28T14:34:24.2355848Z  Experimental: false
image	Construir imagem (também em pull requests)	2026-09-28T14:34:24.2356165Z  Insecure Registries:
image	Construir imagem (também em pull requests)	2026-09-28T14:34:24.2356523Z   ::1/128
image	Construir imagem (também em pull requests)	2026-09-28T14:34:24.2356780Z   127.0.0.0/8
image	Construir imagem (também em pull requests)	2026-09-28T14:34:24.2357062Z  Live Restore Enabled: false
image	Construir imagem (também em pull requests)	2026-09-28T14:34:24.2357285Z 
image	Construir imagem (também em pull requests)	2026-09-28T14:34:24.2359280Z ##[endgroup]
image	Construir imagem (também em pull requests)	2026-09-28T14:34:24.2368931Z ##[group]Proxy configuration
image	Construir imagem (também em pull requests)	2026-09-28T14:34:24.2369772Z No proxy configuration found
image	Construir imagem (também em pull requests)	2026-09-28T14:34:24.2370733Z ##[endgroup]
image	Construir imagem (também em pull requests)	2026-09-28T14:34:24.3014499Z ##[group]Buildx version
image	Construir imagem (também em pull requests)	2026-09-28T14:34:24.3038217Z [command]/usr/bin/docker buildx version
image	Construir imagem (também em pull requests)	2026-09-28T14:34:24.3585916Z github.com/docker/buildx v0.37.1 0b265a9f62db554fa9aba6dd19e1bd5704bc7d8a
image	Construir imagem (também em pull requests)	2026-09-28T14:34:24.3616774Z ##[endgroup]
image	Construir imagem (também em pull requests)	2026-09-28T14:34:24.3617233Z ##[group]Builder info
image	Construir imagem (também em pull requests)	2026-09-28T14:34:24.4631911Z {
image	Construir imagem (também em pull requests)	2026-09-28T14:34:24.4632525Z   "nodes": [
image	Construir imagem (também em pull requests)	2026-09-28T14:34:24.4633158Z     {
image	Construir imagem (também em pull requests)	2026-09-28T14:34:24.4633974Z       "name": "builder-2655539a-2c6a-4d40-9a73-a4cc69a3a5e60",
image	Construir imagem (também em pull requests)	2026-09-28T14:34:24.4634903Z       "endpoint": "unix:///var/run/docker.sock",
image	Construir imagem (também em pull requests)	2026-09-28T14:34:24.4635582Z       "status": "running",
image	Construir imagem (também em pull requests)	2026-09-28T14:34:24.4636790Z       "buildkitd-flags": "--allow-insecure-entitlement security.insecure --allow-insecure-entitlement network.host",
image	Construir imagem (também em pull requests)	2026-09-28T14:34:24.4637990Z       "buildkit": "v0.32.2",
image	Construir imagem (também em pull requests)	2026-09-28T14:34:24.4638819Z       "platforms": "linux/amd64,linux/amd64/v2,linux/amd64/v3,linux/386",
image	Construir imagem (também em pull requests)	2026-09-28T14:34:24.4639769Z       "features": {
image	Construir imagem (também em pull requests)	2026-09-28T14:34:24.4640669Z         "Automatically load images to the Docker Engine image store": true,
image	Construir imagem (também em pull requests)	2026-09-28T14:34:24.4641974Z         "Cache export": true,
image	Construir imagem (também em pull requests)	2026-09-28T14:34:24.4642781Z         "Direct push": true,
image	Construir imagem (também em pull requests)	2026-09-28T14:34:24.4643337Z         "Docker exporter": true,
image	Construir imagem (também em pull requests)	2026-09-28T14:34:24.4644059Z         "Multi-platform build": true,
image	Construir imagem (também em pull requests)	2026-09-28T14:34:24.4644792Z         "OCI exporter": true
image	Construir imagem (também em pull requests)	2026-09-28T14:34:24.4645209Z       },
image	Construir imagem (também em pull requests)	2026-09-28T14:34:24.4645447Z       "labels": {
image	Construir imagem (também em pull requests)	2026-09-28T14:34:24.4645743Z         "org.mobyproject.buildkit.worker.executor": "oci",
image	Construir imagem (também em pull requests)	2026-09-28T14:34:24.4647112Z         "org.mobyproject.buildkit.worker.hostname": "b8602b3db043",
image	Construir imagem (também em pull requests)	2026-09-28T14:34:24.4647645Z         "org.mobyproject.buildkit.worker.network": "host",
image	Construir imagem (também em pull requests)	2026-09-28T14:34:24.4648213Z         "org.mobyproject.buildkit.worker.oci.process-mode": "sandbox",
image	Construir imagem (também em pull requests)	2026-09-28T14:34:24.4648983Z         "org.mobyproject.buildkit.worker.selinux.enabled": "false",
image	Construir imagem (também em pull requests)	2026-09-28T14:34:24.4649632Z         "org.mobyproject.buildkit.worker.snapshotter": "overlayfs"
image	Construir imagem (também em pull requests)	2026-09-28T14:34:24.4650177Z       },
image	Construir imagem (também em pull requests)	2026-09-28T14:34:24.4650475Z       "gcPolicy": [
image	Construir imagem (também em pull requests)	2026-09-28T14:34:24.4650830Z         {
image	Construir imagem (também em pull requests)	2026-09-28T14:34:24.4651140Z           "all": false,
image	Construir imagem (também em pull requests)	2026-09-28T14:34:24.4651477Z           "filter": [
image	Construir imagem (também em pull requests)	2026-09-28T14:34:24.4652032Z             "type==source.local type==exec.cachemount type==source.git.checkout"
image	Construir imagem (também em pull requests)	2026-09-28T14:34:24.4652687Z           ],
image	Construir imagem (também em pull requests)	2026-09-28T14:34:24.4653026Z           "keepDuration": "48h0m0s",
image	Construir imagem (também em pull requests)	2026-09-28T14:34:24.4653460Z           "maxUsedSpace": "488.3MiB"
image	Construir imagem (também em pull requests)	2026-09-28T14:34:24.4653840Z         },
image	Construir imagem (também em pull requests)	2026-09-28T14:34:24.4654126Z         {
image	Construir imagem (também em pull requests)	2026-09-28T14:34:24.4654420Z           "all": false,
image	Construir imagem (também em pull requests)	2026-09-28T14:34:24.4654786Z           "keepDuration": "1440h0m0s",
image	Construir imagem (também em pull requests)	2026-09-28T14:34:24.4655237Z           "reservedSpace": "9.313GiB",
image	Construir imagem (também em pull requests)	2026-09-28T14:34:24.4655693Z           "maxUsedSpace": "93.13GiB",
image	Construir imagem (também em pull requests)	2026-09-28T14:34:24.4656141Z           "minFreeSpace": "27.01GiB"
image	Construir imagem (também em pull requests)	2026-09-28T14:34:24.4656556Z         },
image	Construir imagem (também em pull requests)	2026-09-28T14:34:24.4656844Z         {
image	Construir imagem (também em pull requests)	2026-09-28T14:34:24.4657168Z           "all": false,
image	Construir imagem (também em pull requests)	2026-09-28T14:34:24.4657538Z           "reservedSpace": "9.313GiB",
image	Construir imagem (também em pull requests)	2026-09-28T14:34:24.4657993Z           "maxUsedSpace": "93.13GiB",
image	Construir imagem (também em pull requests)	2026-09-28T14:34:24.4658420Z           "minFreeSpace": "27.01GiB"
image	Construir imagem (também em pull requests)	2026-09-28T14:34:24.4658820Z         },
image	Construir imagem (também em pull requests)	2026-09-28T14:34:24.4659685Z         {
image	Construir imagem (também em pull requests)	2026-09-28T14:34:24.4659969Z           "all": true,
image	Construir imagem (também em pull requests)	2026-09-28T14:34:24.4660337Z           "reservedSpace": "9.313GiB",
image	Construir imagem (também em pull requests)	2026-09-28T14:34:24.4660756Z           "maxUsedSpace": "93.13GiB",
image	Construir imagem (também em pull requests)	2026-09-28T14:34:24.4661160Z           "minFreeSpace": "27.01GiB"
image	Construir imagem (também em pull requests)	2026-09-28T14:34:24.4661543Z         }
image	Construir imagem (também em pull requests)	2026-09-28T14:34:24.4661820Z       ]
image	Construir imagem (também em pull requests)	2026-09-28T14:34:24.4662103Z     }
image	Construir imagem (também em pull requests)	2026-09-28T14:34:24.4662377Z   ],
image	Construir imagem (também em pull requests)	2026-09-28T14:34:24.4662765Z   "name": "builder-2655539a-2c6a-4d40-9a73-a4cc69a3a5e6",
image	Construir imagem (também em pull requests)	2026-09-28T14:34:24.4663280Z   "driver": "docker-container",
image	Construir imagem (também em pull requests)	2026-09-28T14:34:24.4663722Z   "lastActivity": "2026-09-28T14:34:22.000Z"
image	Construir imagem (também em pull requests)	2026-09-28T14:34:24.4664015Z }
image	Construir imagem (também em pull requests)	2026-09-28T14:34:24.4664464Z ##[endgroup]
image	Construir imagem (também em pull requests)	2026-09-28T14:34:24.6508004Z [command]/usr/bin/docker buildx build --build-arg APP_VERSION=a18651f2c875f6e85834c570d5c8eb643a0806b7 --cache-from type=gha --cache-to type=gha,mode=max --iidfile /home/runner/work/_temp/docker-actions-toolkit-PGusAr/build-iidfile-5242b6ded7.txt --label org.opencontainers.image.source=https://github.com/Kalicon/ecohospital-esg-cicd --tag ghcr.io/kalicon/ecohospital-esg-cicd:a18651f2c875f6e85834c570d5c8eb643a0806b7 --load --metadata-file /home/runner/work/_temp/docker-actions-toolkit-PGusAr/build-metadata-d970d730bf.json .
image	Construir imagem (também em pull requests)	2026-09-28T14:34:24.9805962Z #0 building with "builder-2655539a-2c6a-4d40-9a73-a4cc69a3a5e6" instance using docker-container driver
image	Construir imagem (também em pull requests)	2026-09-28T14:34:24.9806508Z 
image	Construir imagem (também em pull requests)	2026-09-28T14:34:24.9806655Z #1 [internal] load build definition from Dockerfile
image	Construir imagem (também em pull requests)	2026-09-28T14:34:24.9807005Z #1 transferring dockerfile: 1.03kB 0.0s done
image	Construir imagem (também em pull requests)	2026-09-28T14:34:24.9807357Z #1 DONE 0.0s
image	Construir imagem (também em pull requests)	2026-09-28T14:34:24.9807476Z 
image	Construir imagem (também em pull requests)	2026-09-28T14:34:24.9807747Z #2 resolve image config for docker-image://docker.io/docker/dockerfile:1
image	Construir imagem (também em pull requests)	2026-09-28T14:34:25.2013742Z #2 ...
image	Construir imagem (também em pull requests)	2026-09-28T14:34:25.2014030Z 
image	Construir imagem (também em pull requests)	2026-09-28T14:34:25.2014303Z #3 [auth] docker/dockerfile:pull token for registry-1.docker.io
image	Construir imagem (também em pull requests)	2026-09-28T14:34:25.2014798Z #3 DONE 0.0s
image	Construir imagem (também em pull requests)	2026-09-28T14:34:25.3513156Z 
image	Construir imagem (também em pull requests)	2026-09-28T14:34:25.3514036Z #2 resolve image config for docker-image://docker.io/docker/dockerfile:1
image	Construir imagem (também em pull requests)	2026-09-28T14:34:25.6662340Z #2 DONE 0.8s
image	Construir imagem (também em pull requests)	2026-09-28T14:34:25.8055760Z 
image	Construir imagem (também em pull requests)	2026-09-28T14:34:25.8057492Z #4 docker-image://docker.io/docker/dockerfile:1@sha256:ecfaec9ed6d810b56388c508f4121597bfbba70d41a6dfeee4d8cad5f295fc32
image	Construir imagem (também em pull requests)	2026-09-28T14:34:25.8058739Z #4 resolve docker.io/docker/dockerfile:1@sha256:ecfaec9ed6d810b56388c508f4121597bfbba70d41a6dfeee4d8cad5f295fc32 done
image	Construir imagem (também em pull requests)	2026-09-28T14:34:25.8060229Z #4 sha256:9f624ef51ad55db0ea52d755cc777566386156106fbb4f465eecb22c67ac55ed 14.14MB / 14.14MB 0.1s done
image	Construir imagem (também em pull requests)	2026-09-28T14:34:25.9247309Z #4 extracting sha256:9f624ef51ad55db0ea52d755cc777566386156106fbb4f465eecb22c67ac55ed 0.1s done
image	Construir imagem (também em pull requests)	2026-09-28T14:34:25.9248142Z #4 DONE 0.3s
image	Construir imagem (também em pull requests)	2026-09-28T14:34:26.0534677Z 
image	Construir imagem (também em pull requests)	2026-09-28T14:34:26.0535619Z #5 [auth] library/eclipse-temurin:pull token for registry-1.docker.io
image	Construir imagem (também em pull requests)	2026-09-28T14:34:26.2718790Z #5 DONE 0.0s
image	Construir imagem (também em pull requests)	2026-09-28T14:34:26.2719047Z 
image	Construir imagem (também em pull requests)	2026-09-28T14:34:26.2719250Z #6 [auth] library/maven:pull token for registry-1.docker.io
image	Construir imagem (também em pull requests)	2026-09-28T14:34:26.2719854Z #6 DONE 0.0s
image	Construir imagem (também em pull requests)	2026-09-28T14:34:26.2719979Z 
image	Construir imagem (também em pull requests)	2026-09-28T14:34:26.2720212Z #7 [internal] load metadata for docker.io/library/maven:3.9-eclipse-temurin-17
image	Construir imagem (também em pull requests)	2026-09-28T14:34:26.6463408Z #7 ...
image	Construir imagem (também em pull requests)	2026-09-28T14:34:26.6463731Z 
image	Construir imagem (também em pull requests)	2026-09-28T14:34:26.6464157Z #8 [internal] load metadata for docker.io/library/eclipse-temurin:17-jre-jammy
image	Construir imagem (também em pull requests)	2026-09-28T14:34:26.6464775Z #8 DONE 0.7s
image	Construir imagem (também em pull requests)	2026-09-28T14:34:26.8814805Z 
image	Construir imagem (também em pull requests)	2026-09-28T14:34:26.8815660Z #7 [internal] load metadata for docker.io/library/maven:3.9-eclipse-temurin-17
image	Construir imagem (também em pull requests)	2026-09-28T14:34:26.8816391Z #7 DONE 0.7s
image	Construir imagem (também em pull requests)	2026-09-28T14:34:26.8816577Z 
image	Construir imagem (também em pull requests)	2026-09-28T14:34:26.8816722Z #9 [internal] load .dockerignore
image	Construir imagem (também em pull requests)	2026-09-28T14:34:26.8817137Z #9 transferring context: 156B done
image	Construir imagem (também em pull requests)	2026-09-28T14:34:26.8817527Z #9 DONE 0.0s
image	Construir imagem (também em pull requests)	2026-09-28T14:34:26.8817695Z 
image	Construir imagem (também em pull requests)	2026-09-28T14:34:26.8817845Z #10 [internal] load build context
image	Construir imagem (também em pull requests)	2026-09-28T14:34:26.8818209Z #10 DONE 0.0s
image	Construir imagem (também em pull requests)	2026-09-28T14:34:26.8818374Z 
image	Construir imagem (também em pull requests)	2026-09-28T14:34:26.8819080Z #11 [runtime 1/4] FROM docker.io/library/eclipse-temurin:17-jre-jammy@sha256:97137382c6f0c30427d9b7c44ad8b2d55ac823b0768c171d81a643ed219023c5
image	Construir imagem (também em pull requests)	2026-09-28T14:34:26.8820919Z #11 resolve docker.io/library/eclipse-temurin:17-jre-jammy@sha256:97137382c6f0c30427d9b7c44ad8b2d55ac823b0768c171d81a643ed219023c5 done
image	Construir imagem (também em pull requests)	2026-09-28T14:34:26.8821497Z #11 DONE 0.0s
image	Construir imagem (também em pull requests)	2026-09-28T14:34:26.8821622Z 
image	Construir imagem (também em pull requests)	2026-09-28T14:34:26.8822043Z #12 [build 1/8] FROM docker.io/library/maven:3.9-eclipse-temurin-17@sha256:f1ab639371711ac150c8e344bff7d39d8161c17a531b5dd653d3fa03af554807
image	Construir imagem (também em pull requests)	2026-09-28T14:34:26.8822920Z #12 resolve docker.io/library/maven:3.9-eclipse-temurin-17@sha256:f1ab639371711ac150c8e344bff7d39d8161c17a531b5dd653d3fa03af554807 done
image	Construir imagem (também em pull requests)	2026-09-28T14:34:26.8823501Z #12 DONE 0.0s
image	Construir imagem (também em pull requests)	2026-09-28T14:34:26.8823611Z 
image	Construir imagem (também em pull requests)	2026-09-28T14:34:26.8823766Z #13 importing cache manifest from gha:16165720341844013034
image	Construir imagem (também em pull requests)	2026-09-28T14:34:27.2015651Z #13 DONE 0.5s
image	Construir imagem (também em pull requests)	2026-09-28T14:34:27.3672850Z 
image	Construir imagem (também em pull requests)	2026-09-28T14:34:27.3674224Z #10 [internal] load build context
image	Construir imagem (também em pull requests)	2026-09-28T14:34:27.3674840Z #10 transferring context: 146.11kB done
image	Construir imagem (também em pull requests)	2026-09-28T14:34:27.3675473Z #10 DONE 0.0s
image	Construir imagem (também em pull requests)	2026-09-28T14:34:27.3675594Z 
image	Construir imagem (também em pull requests)	2026-09-28T14:34:27.3675705Z #14 [build 3/8] COPY pom.xml ./
image	Construir imagem (também em pull requests)	2026-09-28T14:34:27.3675959Z #14 CACHED
image	Construir imagem (também em pull requests)	2026-09-28T14:34:27.3676068Z 
image	Construir imagem (também em pull requests)	2026-09-28T14:34:27.3676170Z #15 [runtime 3/4] WORKDIR /app
image	Construir imagem (também em pull requests)	2026-09-28T14:34:27.3676405Z #15 CACHED
image	Construir imagem (também em pull requests)	2026-09-28T14:34:27.3676515Z 
image	Construir imagem (também em pull requests)	2026-09-28T14:34:27.3676687Z #16 [build 2/8] WORKDIR /build
image	Construir imagem (também em pull requests)	2026-09-28T14:34:27.3676914Z #16 CACHED
image	Construir imagem (também em pull requests)	2026-09-28T14:34:27.3677019Z 
image	Construir imagem (também em pull requests)	2026-09-28T14:34:27.3677153Z #17 [build 8/8] RUN mvn -B -ntp verify
image	Construir imagem (também em pull requests)	2026-09-28T14:34:27.3677437Z #17 CACHED
image	Construir imagem (também em pull requests)	2026-09-28T14:34:27.3677540Z 
image	Construir imagem (também em pull requests)	2026-09-28T14:34:27.3677653Z #18 [build 4/8] COPY src/main ./src/main
image	Construir imagem (também em pull requests)	2026-09-28T14:34:27.3677906Z #18 CACHED
image	Construir imagem (também em pull requests)	2026-09-28T14:34:27.3678004Z 
image	Construir imagem (também em pull requests)	2026-09-28T14:34:27.3678106Z #19 [build 5/8] COPY src/test ./src/test
image	Construir imagem (também em pull requests)	2026-09-28T14:34:27.3678521Z #19 CACHED
image	Construir imagem (também em pull requests)	2026-09-28T14:34:27.3678683Z 
image	Construir imagem (também em pull requests)	2026-09-28T14:34:27.3678836Z #20 [build 6/8] COPY public ./public
image	Construir imagem (também em pull requests)	2026-09-28T14:34:27.3679096Z #20 CACHED
image	Construir imagem (também em pull requests)	2026-09-28T14:34:27.3679200Z 
image	Construir imagem (também em pull requests)	2026-09-28T14:34:27.3680740Z #21 [runtime 2/4] RUN apt-get update && apt-get install -y --no-install-recommends curl     && rm -rf /var/lib/apt/lists/*     && groupadd --gid 10001 esg     && useradd --uid 10001 --gid esg --no-create-home esg     && mkdir -p /app/data && chown -R esg:esg /app
image	Construir imagem (também em pull requests)	2026-09-28T14:34:27.3681867Z #21 CACHED
image	Construir imagem (também em pull requests)	2026-09-28T14:34:27.3681978Z 
image	Construir imagem (também em pull requests)	2026-09-28T14:34:27.3682241Z #22 [build 7/8] COPY data/esg_dataset.json ./data/esg_dataset.json
image	Construir imagem (também em pull requests)	2026-09-28T14:34:27.3682579Z #22 CACHED
image	Construir imagem (também em pull requests)	2026-09-28T14:34:27.3682685Z 
image	Construir imagem (também em pull requests)	2026-09-28T14:34:27.3682934Z #23 [runtime 4/4] COPY --from=build --chown=esg:esg /build/target/esg-app.jar /app/app.jar
image	Construir imagem (também em pull requests)	2026-09-28T14:34:27.3883497Z #23 CACHED
image	Construir imagem (também em pull requests)	2026-09-28T14:34:27.5466118Z 
image	Construir imagem (também em pull requests)	2026-09-28T14:34:27.5466627Z #24 exporting to docker image format
image	Construir imagem (também em pull requests)	2026-09-28T14:34:27.5466979Z #24 exporting layers done
image	Construir imagem (também em pull requests)	2026-09-28T14:34:27.5467443Z #24 exporting manifest sha256:f893e51897058220ad4065b419c22791bc4ed0fc4667878ac73df422cc80e6eb done
image	Construir imagem (também em pull requests)	2026-09-28T14:34:27.5468089Z #24 exporting config sha256:fd992710e04e69618569af33faa606152d442d4d793b22d559342562feeee2f7 done
image	Construir imagem (também em pull requests)	2026-09-28T14:34:31.2910650Z #24 ...
image	Construir imagem (também em pull requests)	2026-09-28T14:34:31.2911393Z 
image	Construir imagem (também em pull requests)	2026-09-28T14:34:31.2912624Z #23 [runtime 4/4] COPY --from=build --chown=esg:esg /build/target/esg-app.jar /app/app.jar
image	Construir imagem (também em pull requests)	2026-09-28T14:34:31.2914452Z #23 sha256:7efdfff802089e5672763eaaa12b49fb3551a64311ed552a0905bd616d7ab440 159B / 159B 0.3s done
image	Construir imagem (também em pull requests)	2026-09-28T14:34:31.2916188Z #23 sha256:578a92f1fad0d0d855eaa30b7cbd35f8a8d381413fb0ce57f6ba8b556a7d8a76 2.46kB / 2.46kB 0.3s done
image	Construir imagem (também em pull requests)	2026-09-28T14:34:31.2917812Z #23 sha256:71f9afa6775117e2e3d8d347cdc35c7ce4d32d22852ff1e8bbda497f2c4c61c6 47.52MB / 47.52MB 3.9s done
image	Construir imagem (também em pull requests)	2026-09-28T14:34:31.2919267Z #23 sha256:4f4fb700ef54461cfa02571ae0db9a0dc1e0cdb5577484a6d75e68dc38e8acc1 32B / 32B 0.3s done
image	Construir imagem (também em pull requests)	2026-09-28T14:34:31.2921140Z #23 sha256:20c3783cc497b5b0df1fc5f92bd64c3d2fbb24057c88692c8fda205b6ea8a2f2 29.75MB / 29.75MB 3.0s done
image	Construir imagem (também em pull requests)	2026-09-28T14:34:31.2925004Z #23 sha256:55961032bbfae8434221ad0a485be57cde39680632ed83602856790d30df4ff1 4.70kB / 4.70kB 0.3s done
image	Construir imagem (também em pull requests)	2026-09-28T14:34:31.2926779Z #23 sha256:283c139709fe7bcd89a1cc7c302b901b0d9729aaa0536d1eaa8d46d48c8e9cd6 16.11MB / 16.11MB 1.9s done
image	Construir imagem (também em pull requests)	2026-09-28T14:34:31.2928046Z #23 sha256:0daf48a316c7745372ffcb9396951b330a22df7fbd2752a9ad05750efbb33ae4 21.34MB / 21.34MB 2.1s done
image	Construir imagem (também em pull requests)	2026-09-28T14:34:31.2929011Z #23 DONE 4.1s
image	Construir imagem (também em pull requests)	2026-09-28T14:34:31.4422834Z 
image	Construir imagem (também em pull requests)	2026-09-28T14:34:31.4425751Z #24 exporting to docker image format
image	Construir imagem (também em pull requests)	2026-09-28T14:34:31.4426583Z #24 sending tarball
image	Construir imagem (também em pull requests)	2026-09-28T14:34:34.0304198Z #24 sending tarball 2.6s done
image	Construir imagem (também em pull requests)	2026-09-28T14:34:34.0304712Z #24 DONE 6.5s
image	Construir imagem (também em pull requests)	2026-09-28T14:34:34.0304960Z 
image	Construir imagem (também em pull requests)	2026-09-28T14:34:34.0305102Z #25 importing to docker
image	Construir imagem (também em pull requests)	2026-09-28T14:34:34.0305536Z #25 loading layer d5878fe0c5eb 16.11MB / 16.11MB 2.0s done
image	Construir imagem (também em pull requests)	2026-09-28T14:34:34.0306018Z #25 loading layer 47cdf397e38d 47.52MB / 47.52MB 0.9s done
image	Construir imagem (também em pull requests)	2026-09-28T14:34:34.0306361Z #25 loading layer fada8f6cd3ba 159B / 159B 0.2s done
image	Construir imagem (também em pull requests)	2026-09-28T14:34:34.0306694Z #25 loading layer 3369dc194fd5 2.46kB / 2.46kB 0.2s done
image	Construir imagem (também em pull requests)	2026-09-28T14:34:34.0307019Z #25 loading layer deb90161a20d 4.70kB / 4.70kB 0.2s done
image	Construir imagem (também em pull requests)	2026-09-28T14:34:34.0307356Z #25 loading layer 5f70bf18a086 32B / 32B 0.1s done
image	Construir imagem (também em pull requests)	2026-09-28T14:34:34.0307690Z #25 loading layer 93575436d199 21.34MB / 21.34MB 0.1s done
image	Construir imagem (também em pull requests)	2026-09-28T14:34:34.0307975Z #25 DONE 2.0s
image	Construir imagem (também em pull requests)	2026-09-28T14:34:34.0308088Z 
image	Construir imagem (também em pull requests)	2026-09-28T14:34:34.0308203Z #26 exporting to GitHub Actions Cache
image	Construir imagem (também em pull requests)	2026-09-28T14:34:34.0308493Z #26 preparing build cache for export
image	Construir imagem (também em pull requests)	2026-09-28T14:34:34.1306931Z #26 preparing build cache for export 0.3s done
image	Construir imagem (também em pull requests)	2026-09-28T14:34:34.1307790Z #26 sending cache export
image	Construir imagem (também em pull requests)	2026-09-28T14:34:37.1707538Z #26 sending cache export 3.0s done
image	Construir imagem (também em pull requests)	2026-09-28T14:34:37.1709656Z #26 DONE 3.3s
image	Construir imagem (também em pull requests)	2026-09-28T14:34:37.1957122Z 
image	Construir imagem (também em pull requests)	2026-09-28T14:34:37.1957801Z #27 resolving provenance for metadata file
image	Construir imagem (também em pull requests)	2026-09-28T14:34:37.1958292Z #27 DONE 0.0s
image	Construir imagem (também em pull requests)	2026-09-28T14:34:37.2034659Z ##[group]ImageID
image	Construir imagem (também em pull requests)	2026-09-28T14:34:37.2035068Z sha256:fd992710e04e69618569af33faa606152d442d4d793b22d559342562feeee2f7
image	Construir imagem (também em pull requests)	2026-09-28T14:34:37.2036083Z ##[endgroup]
image	Construir imagem (também em pull requests)	2026-09-28T14:34:37.2036524Z ##[group]Digest
image	Construir imagem (também em pull requests)	2026-09-28T14:34:37.2036904Z sha256:f893e51897058220ad4065b419c22791bc4ed0fc4667878ac73df422cc80e6eb
image	Construir imagem (também em pull requests)	2026-09-28T14:34:37.2037778Z ##[endgroup]
image	Construir imagem (também em pull requests)	2026-09-28T14:34:37.2038270Z ##[group]Metadata
image	Construir imagem (também em pull requests)	2026-09-28T14:34:37.2045209Z ::stop-commands::***
image	Construir imagem (também em pull requests)	2026-09-28T14:34:37.2045534Z {
image	Construir imagem (também em pull requests)	2026-09-28T14:34:37.2045752Z   "buildx.build.provenance": {
image	Construir imagem (também em pull requests)	2026-09-28T14:34:37.2046118Z     "builder": {
image	Construir imagem (também em pull requests)	2026-09-28T14:34:37.2046346Z       "id": ""
image	Construir imagem (também em pull requests)	2026-09-28T14:34:37.2046552Z     },
image	Construir imagem (também em pull requests)	2026-09-28T14:34:37.2046867Z     "buildType": "https://mobyproject.org/buildkit@v1",
image	Construir imagem (também em pull requests)	2026-09-28T14:34:37.2047589Z     "materials": [
image	Construir imagem (também em pull requests)	2026-09-28T14:34:37.2047814Z       {
image	Construir imagem (também em pull requests)	2026-09-28T14:34:37.2048042Z         "uri": "pkg:docker/docker/dockerfile@1",
image	Construir imagem (também em pull requests)	2026-09-28T14:34:37.2048341Z         "digest": {
image	Construir imagem (também em pull requests)	2026-09-28T14:34:37.2048708Z           "sha256": "ecfaec9ed6d810b56388c508f4121597bfbba70d41a6dfeee4d8cad5f295fc32"
image	Construir imagem (também em pull requests)	2026-09-28T14:34:37.2049120Z         }
image	Construir imagem (também em pull requests)	2026-09-28T14:34:37.2049335Z       },
image	Construir imagem (também em pull requests)	2026-09-28T14:34:37.2049768Z       {
image	Construir imagem (também em pull requests)	2026-09-28T14:34:37.2050102Z         "uri": "pkg:docker/eclipse-temurin@17-jre-jammy?platform=linux%2Famd64",
image	Construir imagem (também em pull requests)	2026-09-28T14:34:37.2050505Z         "digest": {
image	Construir imagem (também em pull requests)	2026-09-28T14:34:37.2050873Z           "sha256": "97137382c6f0c30427d9b7c44ad8b2d55ac823b0768c171d81a643ed219023c5"
image	Construir imagem (também em pull requests)	2026-09-28T14:34:37.2051262Z         }
image	Construir imagem (também em pull requests)	2026-09-28T14:34:37.2051448Z       },
image	Construir imagem (também em pull requests)	2026-09-28T14:34:37.2051629Z       {
image	Construir imagem (também em pull requests)	2026-09-28T14:34:37.2051933Z         "uri": "pkg:docker/maven@3.9-eclipse-temurin-17?platform=linux%2Famd64",
image	Construir imagem (também em pull requests)	2026-09-28T14:34:37.2052397Z         "digest": {
image	Construir imagem (também em pull requests)	2026-09-28T14:34:37.2052851Z           "sha256": "f1ab639371711ac150c8e344bff7d39d8161c17a531b5dd653d3fa03af554807"
image	Construir imagem (também em pull requests)	2026-09-28T14:34:37.2053412Z         }
image	Construir imagem (também em pull requests)	2026-09-28T14:34:37.2053680Z       }
image	Construir imagem (também em pull requests)	2026-09-28T14:34:37.2053963Z     ],
image	Construir imagem (também em pull requests)	2026-09-28T14:34:37.2054312Z     "invocation": {
image	Construir imagem (também em pull requests)	2026-09-28T14:34:37.2054609Z       "configSource": {
image	Construir imagem (também em pull requests)	2026-09-28T14:34:37.2054860Z         "entryPoint": "Dockerfile"
image	Construir imagem (também em pull requests)	2026-09-28T14:34:37.2055122Z       },
image	Construir imagem (também em pull requests)	2026-09-28T14:34:37.2055323Z       "parameters": {
image	Construir imagem (também em pull requests)	2026-09-28T14:34:37.2055564Z         "frontend": "gateway.v0",
image	Construir imagem (também em pull requests)	2026-09-28T14:34:37.2056037Z         "args": {
image	Construir imagem (também em pull requests)	2026-09-28T14:34:37.2056362Z           "build-arg:APP_VERSION": "a18651f2c875f6e85834c570d5c8eb643a0806b7",
image	Construir imagem (também em pull requests)	2026-09-28T14:34:37.2056751Z           "cmdline": "docker/dockerfile:1",
image	Construir imagem (também em pull requests)	2026-09-28T14:34:37.2057250Z           "label:org.opencontainers.image.source": "https://github.com/Kalicon/ecohospital-esg-cicd",
image	Construir imagem (também em pull requests)	2026-09-28T14:34:37.2057728Z           "source": "docker/dockerfile:1"
image	Construir imagem (também em pull requests)	2026-09-28T14:34:37.2057990Z         },
image	Construir imagem (também em pull requests)	2026-09-28T14:34:37.2058183Z         "locals": [
image	Construir imagem (também em pull requests)	2026-09-28T14:34:37.2058392Z           {
image	Construir imagem (também em pull requests)	2026-09-28T14:34:37.2058621Z             "name": "context"
image	Construir imagem (também em pull requests)	2026-09-28T14:34:37.2058870Z           },
image	Construir imagem (também em pull requests)	2026-09-28T14:34:37.2059060Z           {
image	Construir imagem (também em pull requests)	2026-09-28T14:34:37.2059253Z             "name": "dockerfile"
image	Construir imagem (também em pull requests)	2026-09-28T14:34:37.2059980Z           }
image	Construir imagem (também em pull requests)	2026-09-28T14:34:37.2060243Z         ],
image	Construir imagem (também em pull requests)	2026-09-28T14:34:37.2060458Z         "root": {
image	Construir imagem (também em pull requests)	2026-09-28T14:34:37.2060672Z           "configSource": {
image	Construir imagem (também em pull requests)	2026-09-28T14:34:37.2060920Z             "path": "Dockerfile"
image	Construir imagem (também em pull requests)	2026-09-28T14:34:37.2061161Z           },
image	Construir imagem (também em pull requests)	2026-09-28T14:34:37.2061353Z           "request": {
image	Construir imagem (também em pull requests)	2026-09-28T14:34:37.2061569Z             "args": {
image	Construir imagem (também em pull requests)	2026-09-28T14:34:37.2061886Z               "build-arg:APP_VERSION": "a18651f2c875f6e85834c570d5c8eb643a0806b7",
image	Construir imagem (também em pull requests)	2026-09-28T14:34:37.2062455Z               "label:org.opencontainers.image.source": "https://github.com/Kalicon/ecohospital-esg-cicd",
image	Construir imagem (também em pull requests)	2026-09-28T14:34:37.2062961Z               "vcs:localdir:context": ".",
image	Construir imagem (também em pull requests)	2026-09-28T14:34:37.2063272Z               "vcs:localdir:dockerfile": ".",
image	Construir imagem (também em pull requests)	2026-09-28T14:34:37.2063664Z               "vcs:revision": "a18651f2c875f6e85834c570d5c8eb643a0806b7",
image	Construir imagem (também em pull requests)	2026-09-28T14:34:37.2064090Z               "vcs:source": "https://github.com/Kalicon/ecohospital-esg-cicd"
image	Construir imagem (também em pull requests)	2026-09-28T14:34:37.2064449Z             }
image	Construir imagem (também em pull requests)	2026-09-28T14:34:37.2064642Z           }
image	Construir imagem (também em pull requests)	2026-09-28T14:34:37.2064835Z         },
image	Construir imagem (também em pull requests)	2026-09-28T14:34:37.2065067Z         "compatibilityVersion": 30
image	Construir imagem (também em pull requests)	2026-09-28T14:34:37.2065345Z       },
image	Construir imagem (também em pull requests)	2026-09-28T14:34:37.2065602Z       "environment": {
image	Construir imagem (também em pull requests)	2026-09-28T14:34:37.2065873Z         "github_actor": "Kalicon",
image	Construir imagem (também em pull requests)	2026-09-28T14:34:37.2066173Z         "github_actor_id": "216019873",
image	Construir imagem (também em pull requests)	2026-09-28T14:34:37.2066529Z         "github_event_name": "workflow_dispatch",
image	Construir imagem (também em pull requests)	2026-09-28T14:34:37.2066887Z         "github_event_payload": {
image	Construir imagem (também em pull requests)	2026-09-28T14:34:37.2067151Z           "inputs": null,
image	Construir imagem (também em pull requests)	2026-09-28T14:34:37.2067401Z           "ref": "refs/heads/main",
image	Construir imagem (também em pull requests)	2026-09-28T14:34:37.2067717Z           "repository": {
image	Construir imagem (também em pull requests)	2026-09-28T14:34:37.2067973Z             "allow_forking": true,
image	Construir imagem (também em pull requests)	2026-09-28T14:34:37.2068675Z             "archive_url": "https://api.github.com/repos/Kalicon/ecohospital-esg-cicd/{archive_format}{/ref}",
image	Construir imagem (também em pull requests)	2026-09-28T14:34:37.2069234Z             "archived": false,
image	Construir imagem (também em pull requests)	2026-09-28T14:34:37.2069957Z             "assignees_url": "https://api.github.com/repos/Kalicon/ecohospital-esg-cicd/assignees{/user}",
image	Construir imagem (também em pull requests)	2026-09-28T14:34:37.2070643Z             "blobs_url": "https://api.github.com/repos/Kalicon/ecohospital-esg-cicd/git/blobs{/sha}",
image	Construir imagem (também em pull requests)	2026-09-28T14:34:37.2071279Z             "branches_url": "https://api.github.com/repos/Kalicon/ecohospital-esg-cicd/branches{/branch}",
image	Construir imagem (também em pull requests)	2026-09-28T14:34:37.2071866Z             "clone_url": "https://github.com/Kalicon/ecohospital-esg-cicd.git",
image	Construir imagem (também em pull requests)	2026-09-28T14:34:37.2072492Z             "collaborators_url": "https://api.github.com/repos/Kalicon/ecohospital-esg-cicd/collaborators{/collaborator}",
image	Construir imagem (também em pull requests)	2026-09-28T14:34:37.2073308Z             "comments_url": "https://api.github.com/repos/Kalicon/ecohospital-esg-cicd/comments{/number}",
image	Construir imagem (também em pull requests)	2026-09-28T14:34:37.2074033Z             "commits_url": "https://api.github.com/repos/Kalicon/ecohospital-esg-cicd/commits{/sha}",
image	Construir imagem (também em pull requests)	2026-09-28T14:34:37.2074705Z             "compare_url": "https://api.github.com/repos/Kalicon/ecohospital-esg-cicd/compare/{base}...{head}",
image	Construir imagem (também em pull requests)	2026-09-28T14:34:37.2075398Z             "contents_url": "https://api.github.com/repos/Kalicon/ecohospital-esg-cicd/contents/{+path}",
image	Construir imagem (também em pull requests)	2026-09-28T14:34:37.2076070Z             "contributors_url": "https://api.github.com/repos/Kalicon/ecohospital-esg-cicd/contributors",
image	Construir imagem (também em pull requests)	2026-09-28T14:34:37.2076758Z             "created_at": "2026-09-28T14:00:30Z",
image	Construir imagem (também em pull requests)	2026-09-28T14:34:37.2077078Z             "default_branch": "main",
image	Construir imagem (também em pull requests)	2026-09-28T14:34:37.2077543Z             "deployments_url": "https://api.github.com/repos/Kalicon/ecohospital-esg-cicd/deployments",
image	Construir imagem (também em pull requests)	2026-09-28T14:34:37.2078608Z             "description": "EcoHospital Smart: Java Spring Boot, Docker e CI/CD acadêmico com staging e produção",
image	Construir imagem (também em pull requests)	2026-09-28T14:34:37.2079161Z             "disabled": false,
image	Construir imagem (também em pull requests)	2026-09-28T14:34:37.2079809Z             "downloads_url": "https://api.github.com/repos/Kalicon/ecohospital-esg-cicd/downloads",
image	Construir imagem (também em pull requests)	2026-09-28T14:34:37.2080450Z             "events_url": "https://api.github.com/repos/Kalicon/ecohospital-esg-cicd/events",
image	Construir imagem (também em pull requests)	2026-09-28T14:34:37.2080940Z             "fork": false,
image	Construir imagem (também em pull requests)	2026-09-28T14:34:37.2081201Z             "forks": 0,
image	Construir imagem (também em pull requests)	2026-09-28T14:34:37.2081452Z             "forks_count": 0,
image	Construir imagem (também em pull requests)	2026-09-28T14:34:37.2081904Z             "forks_url": "https://api.github.com/repos/Kalicon/ecohospital-esg-cicd/forks",
image	Construir imagem (também em pull requests)	2026-09-28T14:34:37.2082461Z             "full_name": "Kalicon/ecohospital-esg-cicd",
image	Construir imagem (também em pull requests)	2026-09-28T14:34:37.2083048Z             "git_commits_url": "https://api.github.com/repos/Kalicon/ecohospital-esg-cicd/git/commits{/sha}",
image	Construir imagem (também em pull requests)	2026-09-28T14:34:37.2083794Z             "git_refs_url": "https://api.github.com/repos/Kalicon/ecohospital-esg-cicd/git/refs{/sha}",
image	Construir imagem (também em pull requests)	2026-09-28T14:34:37.2084434Z             "git_tags_url": "https://api.github.com/repos/Kalicon/ecohospital-esg-cicd/git/tags{/sha}",
image	Construir imagem (também em pull requests)	2026-09-28T14:34:37.2085007Z             "git_url": "git://github.com/Kalicon/ecohospital-esg-cicd.git",
image	Construir imagem (também em pull requests)	2026-09-28T14:34:37.2085417Z             "has_discussions": false,
image	Construir imagem (também em pull requests)	2026-09-28T14:34:37.2085716Z             "has_downloads": false,
image	Construir imagem (também em pull requests)	2026-09-28T14:34:37.2085993Z             "has_issues": true,
image	Construir imagem (também em pull requests)	2026-09-28T14:34:37.2086257Z             "has_pages": false,
image	Construir imagem (também em pull requests)	2026-09-28T14:34:37.2086500Z             "has_projects": true,
image	Construir imagem (também em pull requests)	2026-09-28T14:34:37.2086792Z             "has_pull_requests": true,
image	Construir imagem (também em pull requests)	2026-09-28T14:34:37.2087084Z             "has_wiki": true,
image	Construir imagem (também em pull requests)	2026-09-28T14:34:37.2087341Z             "homepage": null,
image	Construir imagem (também em pull requests)	2026-09-28T14:34:37.2087733Z             "hooks_url": "https://api.github.com/repos/Kalicon/ecohospital-esg-cicd/hooks",
image	Construir imagem (também em pull requests)	2026-09-28T14:34:37.2088275Z             "html_url": "https://github.com/Kalicon/ecohospital-esg-cicd",
image	Construir imagem (também em pull requests)	2026-09-28T14:34:37.2088649Z             "id": 1392867924,
image	Construir imagem (também em pull requests)	2026-09-28T14:34:37.2088913Z             "is_template": false,
image	Construir imagem (também em pull requests)	2026-09-28T14:34:37.2089554Z             "issue_comment_url": "https://api.github.com/repos/Kalicon/ecohospital-esg-cicd/issues/comments{/number}",
image	Construir imagem (também em pull requests)	2026-09-28T14:34:37.2090519Z             "issue_events_url": "https://api.github.com/repos/Kalicon/ecohospital-esg-cicd/issues/events{/number}",
image	Construir imagem (também em pull requests)	2026-09-28T14:34:37.2091211Z             "issues_url": "https://api.github.com/repos/Kalicon/ecohospital-esg-cicd/issues{/number}",
image	Construir imagem (também em pull requests)	2026-09-28T14:34:37.2091842Z             "keys_url": "https://api.github.com/repos/Kalicon/ecohospital-esg-cicd/keys{/key_id}",
image	Construir imagem (também em pull requests)	2026-09-28T14:34:37.2092493Z             "labels_url": "https://api.github.com/repos/Kalicon/ecohospital-esg-cicd/labels{/name}",
image	Construir imagem (também em pull requests)	2026-09-28T14:34:37.2092990Z             "language": "JavaScript",
image	Construir imagem (também em pull requests)	2026-09-28T14:34:37.2093459Z             "languages_url": "https://api.github.com/repos/Kalicon/ecohospital-esg-cicd/languages",
image	Construir imagem (também em pull requests)	2026-09-28T14:34:37.2093939Z             "license": null,
image	Construir imagem (também em pull requests)	2026-09-28T14:34:37.2094349Z             "merges_url": "https://api.github.com/repos/Kalicon/ecohospital-esg-cicd/merges",
image	Construir imagem (também em pull requests)	2026-09-28T14:34:37.2095022Z             "milestones_url": "https://api.github.com/repos/Kalicon/ecohospital-esg-cicd/milestones{/number}",
image	Construir imagem (também em pull requests)	2026-09-28T14:34:37.2095528Z             "mirror_url": null,
image	Construir imagem (também em pull requests)	2026-09-28T14:34:37.2095822Z             "name": "ecohospital-esg-cicd",
image	Construir imagem (também em pull requests)	2026-09-28T14:34:37.2096162Z             "node_id": "R_kgDOUwV6VA",
image	Construir imagem (também em pull requests)	2026-09-28T14:34:37.2096768Z             "notifications_url": "https://api.github.com/repos/Kalicon/ecohospital-esg-cicd/notifications{?since,all,participating}",
image	Construir imagem (também em pull requests)	2026-09-28T14:34:37.2097373Z             "open_issues": 0,
image	Construir imagem (também em pull requests)	2026-09-28T14:34:37.2097778Z             "open_issues_count": 0,
image	Construir imagem (também em pull requests)	2026-09-28T14:34:37.2098053Z             "owner": {
image	Construir imagem (também em pull requests)	2026-09-28T14:34:37.2098441Z               "avatar_url": "https://avatars.githubusercontent.com/u/216019873?v=4",
image	Construir imagem (também em pull requests)	2026-09-28T14:34:37.2098976Z               "events_url": "https://api.github.com/users/Kalicon/events{/privacy}",
image	Construir imagem (também em pull requests)	2026-09-28T14:34:37.2099653Z               "followers_url": "https://api.github.com/users/Kalicon/followers",
image	Construir imagem (também em pull requests)	2026-09-28T14:34:37.2100198Z               "following_url": "https://api.github.com/users/Kalicon/following{/other_user}",
image	Construir imagem (também em pull requests)	2026-09-28T14:34:37.2100754Z               "gists_url": "https://api.github.com/users/Kalicon/gists{/gist_id}",
image	Construir imagem (também em pull requests)	2026-09-28T14:34:37.2101174Z               "gravatar_id": "",
image	Construir imagem (também em pull requests)	2026-09-28T14:34:37.2101489Z               "html_url": "https://github.com/Kalicon",
image	Construir imagem (também em pull requests)	2026-09-28T14:34:37.2101821Z               "id": 216019873,
image	Construir imagem (também em pull requests)	2026-09-28T14:34:37.2102087Z               "login": "Kalicon",
image	Construir imagem (também em pull requests)	2026-09-28T14:34:37.2102371Z               "node_id": "U_kgDODOAzoQ",
image	Construir imagem (também em pull requests)	2026-09-28T14:34:37.2102789Z               "organizations_url": "https://api.github.com/users/Kalicon/orgs",
image	Construir imagem (também em pull requests)	2026-09-28T14:34:37.2103342Z               "received_events_url": "https://api.github.com/users/Kalicon/received_events",
image	Construir imagem (também em pull requests)	2026-09-28T14:34:37.2103888Z               "repos_url": "https://api.github.com/users/Kalicon/repos",
image	Construir imagem (também em pull requests)	2026-09-28T14:34:37.2104324Z               "site_admin": false,
image	Construir imagem (também em pull requests)	2026-09-28T14:34:37.2104708Z               "starred_url": "https://api.github.com/users/Kalicon/starred{/owner}{/repo}",
image	Construir imagem (também em pull requests)	2026-09-28T14:34:37.2105230Z               "subscriptions_url": "https://api.github.com/users/Kalicon/subscriptions",
image	Construir imagem (também em pull requests)	2026-09-28T14:34:37.2105651Z               "type": "User",
image	Construir imagem (também em pull requests)	2026-09-28T14:34:37.2105938Z               "url": "https://api.github.com/users/Kalicon",
image	Construir imagem (também em pull requests)	2026-09-28T14:34:37.2106288Z               "user_view_type": "public"
image	Construir imagem (também em pull requests)	2026-09-28T14:34:37.2106542Z             },
image	Construir imagem (também em pull requests)	2026-09-28T14:34:37.2106752Z             "private": false,
image	Construir imagem (também em pull requests)	2026-09-28T14:34:37.2107017Z             "pull_request_creation_policy": "all",
image	Construir imagem (também em pull requests)	2026-09-28T14:34:37.2107508Z             "pulls_url": "https://api.github.com/repos/Kalicon/ecohospital-esg-cicd/pulls{/number}",
image	Construir imagem (também em pull requests)	2026-09-28T14:34:37.2108019Z             "pushed_at": "2026-09-28T14:28:26Z",
image	Construir imagem (também em pull requests)	2026-09-28T14:34:37.2108754Z             "releases_url": "https://api.github.com/repos/Kalicon/ecohospital-esg-cicd/releases{/id}",
image	Construir imagem (também em pull requests)	2026-09-28T14:34:37.2109601Z             "size": 0,
image	Construir imagem (também em pull requests)	2026-09-28T14:34:37.2110052Z             "ssh_url": "git@github.com:Kalicon/ecohospital-esg-cicd.git",
image	Construir imagem (também em pull requests)	2026-09-28T14:34:37.2110640Z             "stargazers_count": 0,
image	Construir imagem (também em pull requests)	2026-09-28T14:34:37.2111094Z             "stargazers_url": "https://api.github.com/repos/Kalicon/ecohospital-esg-cicd/stargazers",
image	Construir imagem (também em pull requests)	2026-09-28T14:34:37.2111699Z             "statuses_url": "https://api.github.com/repos/Kalicon/ecohospital-esg-cicd/statuses/{sha}",
image	Construir imagem (também em pull requests)	2026-09-28T14:34:37.2112311Z             "subscribers_url": "https://api.github.com/repos/Kalicon/ecohospital-esg-cicd/subscribers",
image	Construir imagem (também em pull requests)	2026-09-28T14:34:37.2112921Z             "subscription_url": "https://api.github.com/repos/Kalicon/ecohospital-esg-cicd/subscription",
image	Construir imagem (também em pull requests)	2026-09-28T14:34:37.2113460Z             "svn_url": "https://github.com/Kalicon/ecohospital-esg-cicd",
image	Construir imagem (também em pull requests)	2026-09-28T14:34:37.2113922Z             "tags_url": "https://api.github.com/repos/Kalicon/ecohospital-esg-cicd/tags",
image	Construir imagem (também em pull requests)	2026-09-28T14:34:37.2114454Z             "teams_url": "https://api.github.com/repos/Kalicon/ecohospital-esg-cicd/teams",
image	Construir imagem (também em pull requests)	2026-09-28T14:34:37.2115032Z             "topics": [],
image	Construir imagem (também em pull requests)	2026-09-28T14:34:37.2115437Z             "trees_url": "https://api.github.com/repos/Kalicon/ecohospital-esg-cicd/git/trees{/sha}",
image	Construir imagem (também em pull requests)	2026-09-28T14:34:37.2115880Z             "updated_at": "2026-09-28T14:28:32Z",
image	Construir imagem (também em pull requests)	2026-09-28T14:34:37.2116261Z             "url": "https://api.github.com/repos/Kalicon/ecohospital-esg-cicd",
image	Construir imagem (também em pull requests)	2026-09-28T14:34:37.2116636Z             "visibility": "public",
image	Construir imagem (também em pull requests)	2026-09-28T14:34:37.2116905Z             "watchers": 0,
image	Construir imagem (também em pull requests)	2026-09-28T14:34:37.2117145Z             "watchers_count": 0,
image	Construir imagem (também em pull requests)	2026-09-28T14:34:37.2117554Z             "web_commit_signoff_required": false
image	Construir imagem (também em pull requests)	2026-09-28T14:34:37.2117838Z           },
image	Construir imagem (também em pull requests)	2026-09-28T14:34:37.2118041Z           "sender": {
image	Construir imagem (também em pull requests)	2026-09-28T14:34:37.2118380Z             "avatar_url": "https://avatars.githubusercontent.com/u/216019873?v=4",
image	Construir imagem (também em pull requests)	2026-09-28T14:34:37.2118880Z             "events_url": "https://api.github.com/users/Kalicon/events{/privacy}",
image	Construir imagem (também em pull requests)	2026-09-28T14:34:37.2119355Z             "followers_url": "https://api.github.com/users/Kalicon/followers",
image	Construir imagem (também em pull requests)	2026-09-28T14:34:37.2120049Z             "following_url": "https://api.github.com/users/Kalicon/following{/other_user}",
image	Construir imagem (também em pull requests)	2026-09-28T14:34:37.2120605Z             "gists_url": "https://api.github.com/users/Kalicon/gists{/gist_id}",
image	Construir imagem (também em pull requests)	2026-09-28T14:34:37.2120972Z             "gravatar_id": "",
image	Construir imagem (também em pull requests)	2026-09-28T14:34:37.2121253Z             "html_url": "https://github.com/Kalicon",
image	Construir imagem (também em pull requests)	2026-09-28T14:34:37.2121561Z             "id": 216019873,
image	Construir imagem (também em pull requests)	2026-09-28T14:34:37.2121801Z             "login": "Kalicon",
image	Construir imagem (também em pull requests)	2026-09-28T14:34:37.2122052Z             "node_id": "U_kgDODOAzoQ",
image	Construir imagem (também em pull requests)	2026-09-28T14:34:37.2122419Z             "organizations_url": "https://api.github.com/users/Kalicon/orgs",
image	Construir imagem (também em pull requests)	2026-09-28T14:34:37.2123041Z             "received_events_url": "https://api.github.com/users/Kalicon/received_events",
image	Construir imagem (também em pull requests)	2026-09-28T14:34:37.2123599Z             "repos_url": "https://api.github.com/users/Kalicon/repos",
image	Construir imagem (também em pull requests)	2026-09-28T14:34:37.2124168Z             "site_admin": false,
image	Construir imagem (também em pull requests)	2026-09-28T14:34:37.2124769Z             "starred_url": "https://api.github.com/users/Kalicon/starred{/owner}{/repo}",
image	Construir imagem (também em pull requests)	2026-09-28T14:34:37.2125788Z             "subscriptions_url": "https://api.github.com/users/Kalicon/subscriptions",
image	Construir imagem (também em pull requests)	2026-09-28T14:34:37.2126400Z             "type": "User",
image	Construir imagem (também em pull requests)	2026-09-28T14:34:37.2126866Z             "url": "https://api.github.com/users/Kalicon",
image	Construir imagem (também em pull requests)	2026-09-28T14:34:37.2127338Z             "user_view_type": "public"
image	Construir imagem (também em pull requests)	2026-09-28T14:34:37.2127715Z           },
image	Construir imagem (também em pull requests)	2026-09-28T14:34:37.2128162Z           "workflow": ".github/workflows/ci-cd.yml"
image	Construir imagem (também em pull requests)	2026-09-28T14:34:37.2140572Z         },
image	Construir imagem (também em pull requests)	2026-09-28T14:34:37.2140914Z         "github_job": "image",
image	Construir imagem (também em pull requests)	2026-09-28T14:34:37.2141218Z         "github_ref": "refs/heads/main",
image	Construir imagem (também em pull requests)	2026-09-28T14:34:37.2141520Z         "github_ref_name": "main",
image	Construir imagem (também em pull requests)	2026-09-28T14:34:37.2141796Z         "github_ref_protected": "false",
image	Construir imagem (também em pull requests)	2026-09-28T14:34:37.2142069Z         "github_ref_type": "branch",
image	Construir imagem (também em pull requests)	2026-09-28T14:34:37.2142393Z         "github_repository": "Kalicon/ecohospital-esg-cicd",
image	Construir imagem (também em pull requests)	2026-09-28T14:34:37.2142744Z         "github_repository_id": "1392867924",
image	Construir imagem (também em pull requests)	2026-09-28T14:34:37.2143043Z         "github_repository_owner": "Kalicon",
image	Construir imagem (também em pull requests)	2026-09-28T14:34:37.2143587Z         "github_repository_owner_id": "216019873",
image	Construir imagem (também em pull requests)	2026-09-28T14:34:37.2143920Z         "github_run_attempt": "1",
image	Construir imagem (também em pull requests)	2026-09-28T14:34:37.2144185Z         "github_run_id": "36436893693",
image	Construir imagem (também em pull requests)	2026-09-28T14:34:37.2144453Z         "github_run_number": "6",
image	Construir imagem (também em pull requests)	2026-09-28T14:34:37.2144711Z         "github_runner_arch": "X64",
image	Construir imagem (também em pull requests)	2026-09-28T14:34:37.2145008Z         "github_runner_environment": "github-hosted",
image	Construir imagem (também em pull requests)	2026-09-28T14:34:37.2145330Z         "github_runner_image_os": "ubuntu24",
image	Construir imagem (também em pull requests)	2026-09-28T14:34:37.2145645Z         "github_runner_image_version": "20260920.314.1",
image	Construir imagem (também em pull requests)	2026-09-28T14:34:37.2145978Z         "github_runner_name": "GitHub Actions 1000000267",
image	Construir imagem (também em pull requests)	2026-09-28T14:34:37.2146281Z         "github_runner_os": "Linux",
image	Construir imagem (também em pull requests)	2026-09-28T14:34:37.2146654Z         "github_runner_tracking_id": "github_edcf1617-9e97-46c0-b8d7-808d0e87afeb",
image	Construir imagem (também em pull requests)	2026-09-28T14:34:37.2147087Z         "github_server_url": "https://github.com",
image	Construir imagem (também em pull requests)	2026-09-28T14:34:37.2147418Z         "github_triggering_actor": "Kalicon",
image	Construir imagem (também em pull requests)	2026-09-28T14:34:37.2147731Z         "github_workflow": "EcoHospital CI/CD",
image	Construir imagem (também em pull requests)	2026-09-28T14:34:37.2148233Z         "github_workflow_ref": "Kalicon/ecohospital-esg-cicd/.github/workflows/ci-cd.yml@refs/heads/main",
image	Construir imagem (também em pull requests)	2026-09-28T14:34:37.2148789Z         "github_workflow_sha": "a18651f2c875f6e85834c570d5c8eb643a0806b7",
image	Construir imagem (também em pull requests)	2026-09-28T14:34:37.2149148Z         "platform": "linux/amd64"
image	Construir imagem (também em pull requests)	2026-09-28T14:34:37.2149583Z       }
image	Construir imagem (também em pull requests)	2026-09-28T14:34:37.2149827Z     }
image	Construir imagem (também em pull requests)	2026-09-28T14:34:37.2150152Z   },
image	Construir imagem (também em pull requests)	2026-09-28T14:34:37.2150713Z   "buildx.build.ref": "builder-2655539a-2c6a-4d40-9a73-a4cc69a3a5e6/builder-2655539a-2c6a-4d40-9a73-a4cc69a3a5e60/rmd6lo66y00fi10he2e8bh6am",
image	Construir imagem (também em pull requests)	2026-09-28T14:34:37.2151571Z   "containerimage.config.digest": "sha256:fd992710e04e69618569af33faa606152d442d4d793b22d559342562feeee2f7",
image	Construir imagem (também em pull requests)	2026-09-28T14:34:37.2152081Z   "containerimage.descriptor": {
image	Construir imagem (também em pull requests)	2026-09-28T14:34:37.2152436Z     "mediaType": "application/vnd.oci.image.manifest.v1+json",
image	Construir imagem (também em pull requests)	2026-09-28T14:34:37.2152919Z     "digest": "sha256:f893e51897058220ad4065b419c22791bc4ed0fc4667878ac73df422cc80e6eb",
image	Construir imagem (também em pull requests)	2026-09-28T14:34:37.2153340Z     "size": 1814,
image	Construir imagem (também em pull requests)	2026-09-28T14:34:37.2153555Z     "annotations": {
image	Construir imagem (também em pull requests)	2026-09-28T14:34:37.2153860Z       "org.opencontainers.image.created": "2026-09-28T14:34:27Z"
image	Construir imagem (também em pull requests)	2026-09-28T14:34:37.2154193Z     },
image	Construir imagem (também em pull requests)	2026-09-28T14:34:37.2154392Z     "platform": {
image	Construir imagem (também em pull requests)	2026-09-28T14:34:37.2154613Z       "architecture": "amd64",
image	Construir imagem (também em pull requests)	2026-09-28T14:34:37.2154860Z       "os": "linux"
image	Construir imagem (também em pull requests)	2026-09-28T14:34:37.2155063Z     }
image	Construir imagem (também em pull requests)	2026-09-28T14:34:37.2155250Z   },
image	Construir imagem (também em pull requests)	2026-09-28T14:34:37.2155650Z   "containerimage.digest": "sha256:f893e51897058220ad4065b419c22791bc4ed0fc4667878ac73df422cc80e6eb",
image	Construir imagem (também em pull requests)	2026-09-28T14:34:37.2156370Z   "image.name": "ghcr.io/kalicon/ecohospital-esg-cicd:a18651f2c875f6e85834c570d5c8eb643a0806b7"
image	Construir imagem (também em pull requests)	2026-09-28T14:34:37.2156834Z }
image	Construir imagem (também em pull requests)	2026-09-28T14:34:37.2157464Z ::***::
image	Construir imagem (também em pull requests)	2026-09-28T14:34:37.2157866Z ##[endgroup]
image	Construir imagem (também em pull requests)	2026-09-28T14:34:37.2158223Z ##[group]Reference
image	Construir imagem (também em pull requests)	2026-09-28T14:34:37.2158732Z builder-2655539a-2c6a-4d40-9a73-a4cc69a3a5e6/builder-2655539a-2c6a-4d40-9a73-a4cc69a3a5e60/rmd6lo66y00fi10he2e8bh6am
image	Construir imagem (também em pull requests)	2026-09-28T14:34:37.2159665Z ##[endgroup]
image	Construir imagem (também em pull requests)	2026-09-28T14:34:37.2160068Z ##[group]Check build summary support
image	Construir imagem (também em pull requests)	2026-09-28T14:34:37.2160485Z Build summary supported!
image	Construir imagem (também em pull requests)	2026-09-28T14:34:37.2160861Z ##[endgroup]
image	Testar imagem, usuário, volume e healthcheck	﻿2026-09-28T14:34:37.2205866Z ##[group]Run set -euo pipefail
image	Testar imagem, usuário, volume e healthcheck	2026-09-28T14:34:37.2206240Z ^[[36;1mset -euo pipefail^[[0m
image	Testar imagem, usuário, volume e healthcheck	2026-09-28T14:34:37.2206773Z ^[[36;1mtrap 'docker rm -f esg-smoke >/dev/null 2>&1 || true; docker volume rm esg-smoke-data >/dev/null 2>&1 || true' EXIT^[[0m
image	Testar imagem, usuário, volume e healthcheck	2026-09-28T14:34:37.2207575Z ^[[36;1mdocker run -d --name esg-smoke -p 127.0.0.1:18080:8080 -e APP_ENV=ci -v esg-smoke-data:/app/data "$IMAGE"^[[0m
image	Testar imagem, usuário, volume e healthcheck	2026-09-28T14:34:37.2208080Z ^[[36;1mfor attempt in $(seq 1 60); do^[[0m
image	Testar imagem, usuário, volume e healthcheck	2026-09-28T14:34:37.2208486Z ^[[36;1m  state=$(docker inspect --format '{{.State.Health.Status}}' esg-smoke)^[[0m
image	Testar imagem, usuário, volume e healthcheck	2026-09-28T14:34:37.2208911Z ^[[36;1m  [[ "$state" == healthy ]] && break^[[0m
image	Testar imagem, usuário, volume e healthcheck	2026-09-28T14:34:37.2209288Z ^[[36;1m  [[ "$state" == unhealthy ]] && { docker logs esg-smoke; exit 1; }^[[0m
image	Testar imagem, usuário, volume e healthcheck	2026-09-28T14:34:37.2209899Z ^[[36;1m  sleep 2^[[0m
image	Testar imagem, usuário, volume e healthcheck	2026-09-28T14:34:37.2210125Z ^[[36;1mdone^[[0m
image	Testar imagem, usuário, volume e healthcheck	2026-09-28T14:34:37.2210488Z ^[[36;1m[[ "$(docker inspect --format '{{.State.Health.Status}}' esg-smoke)" == healthy ]]^[[0m
image	Testar imagem, usuário, volume e healthcheck	2026-09-28T14:34:37.2210941Z ^[[36;1m[[ "$(docker exec esg-smoke id -u)" == 10001 ]]^[[0m
image	Testar imagem, usuário, volume e healthcheck	2026-09-28T14:34:37.2211298Z ^[[36;1mmkdir -p evidence^[[0m
image	Testar imagem, usuário, volume e healthcheck	2026-09-28T14:34:37.2211732Z ^[[36;1mcurl --fail --silent http://localhost:18080/health > evidence/container-health.json^[[0m
image	Testar imagem, usuário, volume e healthcheck	2026-09-28T14:34:37.2212173Z ^[[36;1mpython3 - <<'PY'^[[0m
image	Testar imagem, usuário, volume e healthcheck	2026-09-28T14:34:37.2212423Z ^[[36;1mimport json, os^[[0m
image	Testar imagem, usuário, volume e healthcheck	2026-09-28T14:34:37.2212727Z ^[[36;1mwith open('evidence/container-health.json') as f:^[[0m
image	Testar imagem, usuário, volume e healthcheck	2026-09-28T14:34:37.2213058Z ^[[36;1m    data = json.load(f)^[[0m
image	Testar imagem, usuário, volume e healthcheck	2026-09-28T14:34:37.2213492Z ^[[36;1massert data == {'status': 'UP', 'environment': 'ci', 'version': os.environ['GITHUB_SHA']}, data^[[0m
image	Testar imagem, usuário, volume e healthcheck	2026-09-28T14:34:37.2213921Z ^[[36;1mPY^[[0m
image	Testar imagem, usuário, volume e healthcheck	2026-09-28T14:34:37.2214304Z ^[[36;1mcurl --fail --silent -X POST http://localhost:18080/api/telemetria/simular >/dev/null^[[0m
image	Testar imagem, usuário, volume e healthcheck	2026-09-28T14:34:37.2214755Z ^[[36;1mdocker restart esg-smoke^[[0m
image	Testar imagem, usuário, volume e healthcheck	2026-09-28T14:34:37.2215011Z ^[[36;1msleep 5^[[0m
image	Testar imagem, usuário, volume e healthcheck	2026-09-28T14:34:37.2215239Z ^[[36;1mfor attempt in $(seq 1 30); do^[[0m
image	Testar imagem, usuário, volume e healthcheck	2026-09-28T14:34:37.2215705Z ^[[36;1m  curl --fail --silent http://localhost:18080/api/kpis > evidence/container-kpis.json && break^[[0m
image	Testar imagem, usuário, volume e healthcheck	2026-09-28T14:34:37.2216158Z ^[[36;1m  sleep 2^[[0m
image	Testar imagem, usuário, volume e healthcheck	2026-09-28T14:34:37.2216370Z ^[[36;1mdone^[[0m
image	Testar imagem, usuário, volume e healthcheck	2026-09-28T14:34:37.2216768Z ^[[36;1mpython3 - <<'PY'^[[0m
image	Testar imagem, usuário, volume e healthcheck	2026-09-28T14:34:37.2216999Z ^[[36;1mimport json^[[0m
image	Testar imagem, usuário, volume e healthcheck	2026-09-28T14:34:37.2217277Z ^[[36;1mwith open('evidence/container-kpis.json') as f:^[[0m
image	Testar imagem, usuário, volume e healthcheck	2026-09-28T14:34:37.2217601Z ^[[36;1m    data = json.load(f)^[[0m
image	Testar imagem, usuário, volume e healthcheck	2026-09-28T14:34:37.2217889Z ^[[36;1massert data['totalLeiturasIot'] == 11, data^[[0m
image	Testar imagem, usuário, volume e healthcheck	2026-09-28T14:34:37.2218184Z ^[[36;1mPY^[[0m
image	Testar imagem, usuário, volume e healthcheck	2026-09-28T14:34:37.2290185Z shell: /usr/bin/bash --noprofile --norc -e -o pipefail {0}
image	Testar imagem, usuário, volume e healthcheck	2026-09-28T14:34:37.2290565Z env:
image	Testar imagem, usuário, volume e healthcheck	2026-09-28T14:34:37.2290951Z   IMAGE: ghcr.io/kalicon/ecohospital-esg-cicd:a18651f2c875f6e85834c570d5c8eb643a0806b7
image	Testar imagem, usuário, volume e healthcheck	2026-09-28T14:34:37.2291392Z ##[endgroup]
image	Testar imagem, usuário, volume e healthcheck	2026-09-28T14:34:37.2671229Z 421d50f30e6cd5bf0fd7e07212e01ea6027f62dd552136d6e0f2400be46d1d6d
image	Testar imagem, usuário, volume e healthcheck	2026-09-28T14:34:44.1303786Z esg-smoke
image	Autenticar no GHCR	﻿2026-09-28T14:34:49.4911231Z ##[group]Run docker/login-action@v4
image	Autenticar no GHCR	2026-09-28T14:34:49.4911530Z with:
image	Autenticar no GHCR	2026-09-28T14:34:49.4911745Z   registry: ghcr.io
image	Autenticar no GHCR	2026-09-28T14:34:49.4911978Z   username: Kalicon
image	Autenticar no GHCR	2026-09-28T14:34:49.4914910Z   password: ***
image	Autenticar no GHCR	2026-09-28T14:34:49.4915165Z   logout: true
image	Autenticar no GHCR	2026-09-28T14:34:49.4915377Z env:
image	Autenticar no GHCR	2026-09-28T14:34:49.4915751Z   IMAGE: ghcr.io/kalicon/ecohospital-esg-cicd:a18651f2c875f6e85834c570d5c8eb643a0806b7
image	Autenticar no GHCR	2026-09-28T14:34:49.4916182Z ##[endgroup]
image	Autenticar no GHCR	2026-09-28T14:34:49.7049007Z Logging into ghcr.io...
image	Autenticar no GHCR	2026-09-28T14:34:50.1514261Z Login Succeeded!
image	Publicar imagem testada e obter digest imutável	﻿2026-09-28T14:34:50.1671656Z ##[group]Run docker push "$IMAGE"
image	Publicar imagem testada e obter digest imutável	2026-09-28T14:34:50.1671992Z ^[[36;1mdocker push "$IMAGE"^[[0m
image	Publicar imagem testada e obter digest imutável	2026-09-28T14:34:50.1672390Z ^[[36;1mreference=$(docker inspect --format '{{index .RepoDigests 0}}' "$IMAGE")^[[0m
image	Publicar imagem testada e obter digest imutável	2026-09-28T14:34:50.1672839Z ^[[36;1m[[ "$reference" == ghcr.io/*@sha256:* ]]^[[0m
image	Publicar imagem testada e obter digest imutável	2026-09-28T14:34:50.1673201Z ^[[36;1mecho "reference=$reference" >> "$GITHUB_OUTPUT"^[[0m
image	Publicar imagem testada e obter digest imutável	2026-09-28T14:34:50.1742879Z shell: /usr/bin/bash -e {0}
image	Publicar imagem testada e obter digest imutável	2026-09-28T14:34:50.1743152Z env:
image	Publicar imagem testada e obter digest imutável	2026-09-28T14:34:50.1743524Z   IMAGE: ghcr.io/kalicon/ecohospital-esg-cicd:a18651f2c875f6e85834c570d5c8eb643a0806b7
image	Publicar imagem testada e obter digest imutável	2026-09-28T14:34:50.1743964Z ##[endgroup]
image	Publicar imagem testada e obter digest imutável	2026-09-28T14:34:50.2123610Z The push refers to repository [ghcr.io/kalicon/ecohospital-esg-cicd]
image	Publicar imagem testada e obter digest imutável	2026-09-28T14:34:50.3293768Z 93575436d199: Preparing
image	Publicar imagem testada e obter digest imutável	2026-09-28T14:34:50.3294195Z 5f70bf18a086: Preparing
image	Publicar imagem testada e obter digest imutável	2026-09-28T14:34:50.3295186Z deb90161a20d: Preparing
image	Publicar imagem testada e obter digest imutável	2026-09-28T14:34:50.3295562Z 3369dc194fd5: Preparing
image	Publicar imagem testada e obter digest imutável	2026-09-28T14:34:50.3295912Z fada8f6cd3ba: Preparing
image	Publicar imagem testada e obter digest imutável	2026-09-28T14:34:50.3296268Z 47cdf397e38d: Preparing
image	Publicar imagem testada e obter digest imutável	2026-09-28T14:34:50.3296719Z d5878fe0c5eb: Preparing
image	Publicar imagem testada e obter digest imutável	2026-09-28T14:34:50.3296955Z ea16cace8933: Preparing
image	Publicar imagem testada e obter digest imutável	2026-09-28T14:34:50.3300152Z 47cdf397e38d: Waiting
image	Publicar imagem testada e obter digest imutável	2026-09-28T14:34:50.3300609Z ea16cace8933: Waiting
image	Publicar imagem testada e obter digest imutável	2026-09-28T14:34:50.3301073Z d5878fe0c5eb: Waiting
image	Publicar imagem testada e obter digest imutável	2026-09-28T14:34:50.6425120Z 5f70bf18a086: Layer already exists
image	Publicar imagem testada e obter digest imutável	2026-09-28T14:34:51.5936319Z 3369dc194fd5: Pushed
image	Publicar imagem testada e obter digest imutável	2026-09-28T14:34:51.6354934Z fada8f6cd3ba: Pushed
image	Publicar imagem testada e obter digest imutável	2026-09-28T14:34:51.7675901Z ea16cace8933: Layer already exists
image	Publicar imagem testada e obter digest imutável	2026-09-28T14:34:52.1909587Z deb90161a20d: Pushed
image	Publicar imagem testada e obter digest imutável	2026-09-28T14:34:53.0693111Z 93575436d199: Pushed
image	Publicar imagem testada e obter digest imutável	2026-09-28T14:34:54.9540995Z d5878fe0c5eb: Pushed
image	Publicar imagem testada e obter digest imutável	2026-09-28T14:34:57.6471057Z 47cdf397e38d: Pushed
image	Publicar imagem testada e obter digest imutável	2026-09-28T14:34:58.2821729Z a18651f2c875f6e85834c570d5c8eb643a0806b7: digest: sha256:baa3a06b3600825325ea3d6bb316c9f8b807e21945b3b346c0e89df660d02ec4 size: 1994
image	Run actions/upload-artifact@v7	﻿2026-09-28T14:34:58.3061029Z ##[group]Run actions/upload-artifact@v7
image	Run actions/upload-artifact@v7	2026-09-28T14:34:58.3061353Z with:
image	Run actions/upload-artifact@v7	2026-09-28T14:34:58.3061659Z   name: container-evidence-a18651f2c875f6e85834c570d5c8eb643a0806b7
image	Run actions/upload-artifact@v7	2026-09-28T14:34:58.3062036Z   path: evidence/
image	Run actions/upload-artifact@v7	2026-09-28T14:34:58.3062259Z   if-no-files-found: warn
image	Run actions/upload-artifact@v7	2026-09-28T14:34:58.3062502Z   compression-level: 6
image	Run actions/upload-artifact@v7	2026-09-28T14:34:58.3062725Z   overwrite: false
image	Run actions/upload-artifact@v7	2026-09-28T14:34:58.3062955Z   include-hidden-files: false
image	Run actions/upload-artifact@v7	2026-09-28T14:34:58.3063200Z   archive: true
image	Run actions/upload-artifact@v7	2026-09-28T14:34:58.3063403Z env:
image	Run actions/upload-artifact@v7	2026-09-28T14:34:58.3063752Z   IMAGE: ghcr.io/kalicon/ecohospital-esg-cicd:a18651f2c875f6e85834c570d5c8eb643a0806b7
image	Run actions/upload-artifact@v7	2026-09-28T14:34:58.3064170Z ##[endgroup]
image	Run actions/upload-artifact@v7	2026-09-28T14:34:58.4485057Z With the provided path, there will be 2 files uploaded
image	Run actions/upload-artifact@v7	2026-09-28T14:34:58.4490010Z Artifact name is valid!
image	Run actions/upload-artifact@v7	2026-09-28T14:34:58.4491072Z Root directory input is valid!
image	Run actions/upload-artifact@v7	2026-09-28T14:34:58.8379982Z Uploading artifact: container-evidence-a18651f2c875f6e85834c570d5c8eb643a0806b7.zip
image	Run actions/upload-artifact@v7	2026-09-28T14:34:58.8427161Z Beginning upload of artifact content to blob storage
image	Run actions/upload-artifact@v7	2026-09-28T14:34:59.1331074Z Uploaded bytes 522
image	Run actions/upload-artifact@v7	2026-09-28T14:34:59.2030184Z Finished uploading artifact content to blob storage!
image	Run actions/upload-artifact@v7	2026-09-28T14:34:59.2031190Z SHA256 digest of uploaded artifact is 565f9b1439c9edab7f5cc5691216d6c2efed6cef7346f4d0cf5b4bd21b77f0f9
image	Run actions/upload-artifact@v7	2026-09-28T14:34:59.2031949Z Finalizing artifact upload
image	Run actions/upload-artifact@v7	2026-09-28T14:34:59.6197306Z Artifact container-evidence-a18651f2c875f6e85834c570d5c8eb643a0806b7 successfully finalized. Artifact ID 10975124541
image	Run actions/upload-artifact@v7	2026-09-28T14:34:59.6198625Z Artifact container-evidence-a18651f2c875f6e85834c570d5c8eb643a0806b7 has been successfully uploaded! Final size is 522 bytes. Artifact ID is 10975124541
image	Run actions/upload-artifact@v7	2026-09-28T14:34:59.6202956Z Artifact download URL: https://github.com/Kalicon/ecohospital-esg-cicd/actions/runs/36436893693/artifacts/10975124541
image	Post Autenticar no GHCR	﻿2026-09-28T14:34:59.6370482Z Post job cleanup.
image	Post Autenticar no GHCR	2026-09-28T14:34:59.8470570Z ##[group]Logout from ghcr.io
image	Post Autenticar no GHCR	2026-09-28T14:34:59.8514600Z [command]/usr/bin/docker logout ghcr.io
image	Post Autenticar no GHCR	2026-09-28T14:34:59.8676353Z Removing login credentials for ghcr.io
image	Post Autenticar no GHCR	2026-09-28T14:34:59.8712406Z ##[endgroup]
image	Post Autenticar no GHCR	2026-09-28T14:34:59.8713019Z ##[group]Post cache
image	Post Autenticar no GHCR	2026-09-28T14:34:59.8713365Z State not set
image	Post Autenticar no GHCR	2026-09-28T14:34:59.8713897Z ##[endgroup]
image	Post Construir imagem (também em pull requests)	﻿2026-09-28T14:34:59.8955483Z Post job cleanup.
image	Post Construir imagem (também em pull requests)	2026-09-28T14:35:00.1480018Z ##[group]Generating build summary
image	Post Construir imagem (também em pull requests)	2026-09-28T14:35:00.2191261Z exporting build record to /home/runner/work/_temp/docker-actions-toolkit-GLhUkP/export
image	Post Construir imagem (também em pull requests)	2026-09-28T14:35:00.3338188Z [command]/usr/bin/docker buildx history export --builder builder-2655539a-2c6a-4d40-9a73-a4cc69a3a5e6 --output /home/runner/work/_temp/docker-actions-toolkit-GLhUkP/export/Kalicon~ecohospital-esg-cicd~RMD6LO.dockerbuild rmd6lo66y00fi10he2e8bh6am --finalize
image	Post Construir imagem (também em pull requests)	2026-09-28T14:35:00.5168780Z Build record written to /home/runner/work/_temp/docker-actions-toolkit-GLhUkP/export/Kalicon~ecohospital-esg-cicd~RMD6LO.dockerbuild (40.03 KB)
image	Post Construir imagem (também em pull requests)	2026-09-28T14:35:00.5170950Z Uploading Kalicon~ecohospital-esg-cicd~RMD6LO.dockerbuild as an artifact
image	Post Construir imagem (também em pull requests)	2026-09-28T14:35:00.5176714Z Artifact name is valid!
image	Post Construir imagem (também em pull requests)	2026-09-28T14:35:00.5177177Z Root directory input is valid!
image	Post Construir imagem (também em pull requests)	2026-09-28T14:35:00.8858558Z Uploading artifact: Kalicon~ecohospital-esg-cicd~RMD6LO.dockerbuild
image	Post Construir imagem (também em pull requests)	2026-09-28T14:35:00.8894017Z Beginning upload of artifact content to blob storage
image	Post Construir imagem (também em pull requests)	2026-09-28T14:35:01.2215952Z Uploaded bytes 40994
image	Post Construir imagem (também em pull requests)	2026-09-28T14:35:01.2910692Z Finished uploading artifact content to blob storage!
image	Post Construir imagem (também em pull requests)	2026-09-28T14:35:01.2911660Z SHA256 digest of uploaded artifact is 4c53b56a2b8f84a4185160b5281c151d2cf3be8500a289d42a11fca038cc9ac5
image	Post Construir imagem (também em pull requests)	2026-09-28T14:35:01.2912471Z Finalizing artifact upload
image	Post Construir imagem (também em pull requests)	2026-09-28T14:35:01.6935225Z Artifact Kalicon~ecohospital-esg-cicd~RMD6LO.dockerbuild successfully finalized. Artifact ID 10975419168
image	Post Construir imagem (também em pull requests)	2026-09-28T14:35:01.6936829Z Artifact download URL: https://github.com/Kalicon/ecohospital-esg-cicd/actions/runs/36436893693/artifacts/10975419168
image	Post Construir imagem (também em pull requests)	2026-09-28T14:35:01.6970096Z Writing summary
image	Post Construir imagem (também em pull requests)	2026-09-28T14:35:01.6982973Z ##[endgroup]
image	Post Construir imagem (também em pull requests)	2026-09-28T14:35:01.6983829Z ##[group]Removing temp folder /home/runner/work/_temp/docker-actions-toolkit-PGusAr
image	Post Construir imagem (também em pull requests)	2026-09-28T14:35:01.6987825Z ##[endgroup]
image	Post Construir imagem (também em pull requests)	2026-09-28T14:35:01.6988265Z ##[group]Post cache
image	Post Construir imagem (também em pull requests)	2026-09-28T14:35:01.6988925Z State not set
image	Post Construir imagem (também em pull requests)	2026-09-28T14:35:01.6989377Z ##[endgroup]
image	Post Run docker/setup-buildx-action@v4	﻿2026-09-28T14:35:01.7167799Z Post job cleanup.
image	Post Run docker/setup-buildx-action@v4	2026-09-28T14:35:01.8985444Z ##[group]Removing builder
image	Post Run docker/setup-buildx-action@v4	2026-09-28T14:35:02.0182840Z [command]/usr/bin/docker buildx rm builder-2655539a-2c6a-4d40-9a73-a4cc69a3a5e6
image	Post Run docker/setup-buildx-action@v4	2026-09-28T14:35:02.1720341Z builder-2655539a-2c6a-4d40-9a73-a4cc69a3a5e6 removed
image	Post Run docker/setup-buildx-action@v4	2026-09-28T14:35:02.1771771Z ##[endgroup]
image	Post Run docker/setup-buildx-action@v4	2026-09-28T14:35:02.1772823Z ##[group]Cleaning up certificates
image	Post Run docker/setup-buildx-action@v4	2026-09-28T14:35:02.1780494Z ##[endgroup]
image	Post Run docker/setup-buildx-action@v4	2026-09-28T14:35:02.1780912Z ##[group]Post cache
image	Post Run docker/setup-buildx-action@v4	2026-09-28T14:35:02.1781146Z State not set
image	Post Run docker/setup-buildx-action@v4	2026-09-28T14:35:02.1781843Z ##[endgroup]
image	Post Run actions/checkout@v7	﻿2026-09-28T14:35:02.1977335Z Post job cleanup.
image	Post Run actions/checkout@v7	2026-09-28T14:35:02.2883585Z [command]/usr/bin/git version
image	Post Run actions/checkout@v7	2026-09-28T14:35:02.2930249Z git version 2.55.0
image	Post Run actions/checkout@v7	2026-09-28T14:35:02.2969947Z Temporarily overriding HOME='/home/runner/work/_temp/714e3279-259c-4ce8-b7b4-dba84db9b8bb' before making global git config changes
image	Post Run actions/checkout@v7	2026-09-28T14:35:02.2971550Z Adding repository directory to the temporary git global config as a safe directory
image	Post Run actions/checkout@v7	2026-09-28T14:35:02.2988599Z [command]/usr/bin/git config --global --add safe.directory /home/runner/work/ecohospital-esg-cicd/ecohospital-esg-cicd
image	Post Run actions/checkout@v7	2026-09-28T14:35:02.3028070Z Removing SSH command configuration
image	Post Run actions/checkout@v7	2026-09-28T14:35:02.3035321Z [command]/usr/bin/git config --local --name-only --get-regexp core\.sshCommand
image	Post Run actions/checkout@v7	2026-09-28T14:35:02.3074049Z [command]/usr/bin/git submodule foreach --recursive sh -c "git config --local --name-only --get-regexp 'core\.sshCommand' && git config --local --unset-all 'core.sshCommand' || :"
image	Post Run actions/checkout@v7	2026-09-28T14:35:02.3340192Z Removing HTTP extra header
image	Post Run actions/checkout@v7	2026-09-28T14:35:02.3341238Z [command]/usr/bin/git config --local --name-only --get-regexp http\.https\:\/\/github\.com\/\.extraheader
image	Post Run actions/checkout@v7	2026-09-28T14:35:02.3379981Z [command]/usr/bin/git submodule foreach --recursive sh -c "git config --local --name-only --get-regexp 'http\.https\:\/\/github\.com\/\.extraheader' && git config --local --unset-all 'http.https://github.com/.extraheader' || :"
image	Post Run actions/checkout@v7	2026-09-28T14:35:02.3631274Z Removing includeIf entries pointing to credentials config files
image	Post Run actions/checkout@v7	2026-09-28T14:35:02.3640250Z [command]/usr/bin/git config --local --name-only --get-regexp ^includeIf\.gitdir:
image	Post Run actions/checkout@v7	2026-09-28T14:35:02.3674534Z includeif.gitdir:/home/runner/work/ecohospital-esg-cicd/ecohospital-esg-cicd/.git.path
image	Post Run actions/checkout@v7	2026-09-28T14:35:02.3675953Z includeif.gitdir:/home/runner/work/ecohospital-esg-cicd/ecohospital-esg-cicd/.git/worktrees/*.path
image	Post Run actions/checkout@v7	2026-09-28T14:35:02.3677137Z includeif.gitdir:/github/workspace/.git.path
image	Post Run actions/checkout@v7	2026-09-28T14:35:02.3677996Z includeif.gitdir:/github/workspace/.git/worktrees/*.path
image	Post Run actions/checkout@v7	2026-09-28T14:35:02.3686159Z [command]/usr/bin/git config --local --get-all includeif.gitdir:/home/runner/work/ecohospital-esg-cicd/ecohospital-esg-cicd/.git.path
image	Post Run actions/checkout@v7	2026-09-28T14:35:02.3715202Z /home/runner/work/_temp/git-credentials-1399d54d-f144-4293-906b-0df70889b521.config
image	Post Run actions/checkout@v7	2026-09-28T14:35:02.3728952Z [command]/usr/bin/git config --local --unset includeif.gitdir:/home/runner/work/ecohospital-esg-cicd/ecohospital-esg-cicd/.git.path \/home\/runner\/work\/_temp\/git\-credentials\-1399d54d\-f144\-4293\-906b\-0df70889b521\.config
image	Post Run actions/checkout@v7	2026-09-28T14:35:02.3771323Z [command]/usr/bin/git config --local --get-all includeif.gitdir:/home/runner/work/ecohospital-esg-cicd/ecohospital-esg-cicd/.git/worktrees/*.path
image	Post Run actions/checkout@v7	2026-09-28T14:35:02.3802825Z /home/runner/work/_temp/git-credentials-1399d54d-f144-4293-906b-0df70889b521.config
image	Post Run actions/checkout@v7	2026-09-28T14:35:02.3813127Z [command]/usr/bin/git config --local --unset includeif.gitdir:/home/runner/work/ecohospital-esg-cicd/ecohospital-esg-cicd/.git/worktrees/*.path \/home\/runner\/work\/_temp\/git\-credentials\-1399d54d\-f144\-4293\-906b\-0df70889b521\.config
image	Post Run actions/checkout@v7	2026-09-28T14:35:02.3856957Z [command]/usr/bin/git config --local --get-all includeif.gitdir:/github/workspace/.git.path
image	Post Run actions/checkout@v7	2026-09-28T14:35:02.3886663Z /github/runner_temp/git-credentials-1399d54d-f144-4293-906b-0df70889b521.config
image	Post Run actions/checkout@v7	2026-09-28T14:35:02.3894928Z [command]/usr/bin/git config --local --unset includeif.gitdir:/github/workspace/.git.path \/github\/runner_temp\/git\-credentials\-1399d54d\-f144\-4293\-906b\-0df70889b521\.config
image	Post Run actions/checkout@v7	2026-09-28T14:35:02.3939956Z [command]/usr/bin/git config --local --get-all includeif.gitdir:/github/workspace/.git/worktrees/*.path
image	Post Run actions/checkout@v7	2026-09-28T14:35:02.3969068Z /github/runner_temp/git-credentials-1399d54d-f144-4293-906b-0df70889b521.config
image	Post Run actions/checkout@v7	2026-09-28T14:35:02.3977414Z [command]/usr/bin/git config --local --unset includeif.gitdir:/github/workspace/.git/worktrees/*.path \/github\/runner_temp\/git\-credentials\-1399d54d\-f144\-4293\-906b\-0df70889b521\.config
image	Post Run actions/checkout@v7	2026-09-28T14:35:02.4019140Z [command]/usr/bin/git submodule foreach --recursive git config --local --show-origin --name-only --get-regexp remote.origin.url
image	Post Run actions/checkout@v7	2026-09-28T14:35:02.4253327Z Removing credentials config '/home/runner/work/_temp/git-credentials-1399d54d-f144-4293-906b-0df70889b521.config'
image	Complete job	﻿2026-09-28T14:35:02.4416333Z Evaluate and set job outputs
image	Complete job	2026-09-28T14:35:02.4423141Z Set output 'reference'
image	Complete job	2026-09-28T14:35:02.4425004Z Cleaning up orphan processes
staging-pc / deploy	UNKNOWN STEP	﻿2026-09-28T14:34:06.6718578Z Current runner version: '2.337.0'
staging-pc / deploy	UNKNOWN STEP	2026-09-28T14:34:06.6732024Z Runner name: 'ecohospital-staging-1790605662'
staging-pc / deploy	UNKNOWN STEP	2026-09-28T14:34:06.6733202Z Runner group name: 'Default'
staging-pc / deploy	UNKNOWN STEP	2026-09-28T14:34:06.6734457Z Machine name: 'RH-S0HQ6AT'
staging-pc / deploy	UNKNOWN STEP	2026-09-28T14:34:06.6740865Z ##[group]GITHUB_TOKEN Permissions
staging-pc / deploy	UNKNOWN STEP	2026-09-28T14:34:06.6744567Z Contents: read
staging-pc / deploy	UNKNOWN STEP	2026-09-28T14:34:06.6745720Z Metadata: read
staging-pc / deploy	UNKNOWN STEP	2026-09-28T14:34:06.6746766Z Packages: read
staging-pc / deploy	UNKNOWN STEP	2026-09-28T14:34:06.6747669Z ##[endgroup]
staging-pc / deploy	UNKNOWN STEP	2026-09-28T14:34:06.6753179Z Secret source: Actions
staging-pc / deploy	UNKNOWN STEP	2026-09-28T14:34:06.6755599Z Cache mode: write
staging-pc / deploy	UNKNOWN STEP	2026-09-28T14:34:06.6756951Z Prepare workflow directory
staging-pc / deploy	UNKNOWN STEP	2026-09-28T14:34:06.7447745Z Prepare all required actions
staging-pc / deploy	UNKNOWN STEP	2026-09-28T14:34:06.7525245Z Getting action download info
staging-pc / deploy	UNKNOWN STEP	2026-09-28T14:34:07.6321210Z Download action repository 'actions/checkout@v7' (SHA:3d3c42e5aac5ba805825da76410c181273ba90b1)
staging-pc / deploy	UNKNOWN STEP	2026-09-28T14:34:09.2830109Z Download action repository 'actions/upload-artifact@v7' (SHA:043fb46d1a93c77aae656e7c1c64a875d1fc6a0a)
staging-pc / deploy	UNKNOWN STEP	2026-09-28T14:34:10.7480766Z Uses: Kalicon/ecohospital-esg-cicd/.github/workflows/deploy-pc.yml@refs/heads/main (a18651f2c875f6e85834c570d5c8eb643a0806b7)
staging-pc / deploy	UNKNOWN STEP	2026-09-28T14:34:10.7504038Z ##[group] Inputs
staging-pc / deploy	UNKNOWN STEP	2026-09-28T14:34:10.7505016Z   environment: staging
staging-pc / deploy	UNKNOWN STEP	2026-09-28T14:34:10.7506632Z   image: ghcr.io/kalicon/ecohospital-esg-cicd@sha256:baa3a06b3600825325ea3d6bb316c9f8b807e21945b3b346c0e89df660d02ec4
staging-pc / deploy	UNKNOWN STEP	2026-09-28T14:34:10.7508471Z   version: a18651f2c875f6e85834c570d5c8eb643a0806b7
staging-pc / deploy	UNKNOWN STEP	2026-09-28T14:34:10.7509462Z ##[endgroup]
staging-pc / deploy	UNKNOWN STEP	2026-09-28T14:34:10.7510191Z Complete job name: staging-pc / deploy
staging-pc / deploy	UNKNOWN STEP	2026-09-28T14:34:11.2914975Z ##[group]Run actions/checkout@v7
staging-pc / deploy	UNKNOWN STEP	2026-09-28T14:34:11.2918461Z with:
staging-pc / deploy	UNKNOWN STEP	2026-09-28T14:34:11.2919282Z   repository: Kalicon/ecohospital-esg-cicd
staging-pc / deploy	UNKNOWN STEP	2026-09-28T14:34:11.2941358Z   token: ***
staging-pc / deploy	UNKNOWN STEP	2026-09-28T14:34:11.2942255Z   ssh-strict: true
staging-pc / deploy	UNKNOWN STEP	2026-09-28T14:34:11.2942941Z   ssh-user: git
staging-pc / deploy	UNKNOWN STEP	2026-09-28T14:34:11.2943739Z   persist-credentials: true
staging-pc / deploy	UNKNOWN STEP	2026-09-28T14:34:11.2944548Z   clean: true
staging-pc / deploy	UNKNOWN STEP	2026-09-28T14:34:11.2945333Z   sparse-checkout-cone-mode: true
staging-pc / deploy	UNKNOWN STEP	2026-09-28T14:34:11.2946360Z   fetch-depth: 1
staging-pc / deploy	UNKNOWN STEP	2026-09-28T14:34:11.2947083Z   fetch-tags: false
staging-pc / deploy	UNKNOWN STEP	2026-09-28T14:34:11.2947802Z   show-progress: true
staging-pc / deploy	UNKNOWN STEP	2026-09-28T14:34:11.2948511Z   lfs: false
staging-pc / deploy	UNKNOWN STEP	2026-09-28T14:34:11.2949162Z   submodules: false
staging-pc / deploy	UNKNOWN STEP	2026-09-28T14:34:11.2950254Z   set-safe-directory: true
staging-pc / deploy	UNKNOWN STEP	2026-09-28T14:34:11.2951118Z   allow-unsafe-pr-checkout: false
staging-pc / deploy	UNKNOWN STEP	2026-09-28T14:34:11.2953828Z ##[endgroup]
staging-pc / deploy	UNKNOWN STEP	2026-09-28T14:34:12.4990360Z Syncing repository: Kalicon/ecohospital-esg-cicd
staging-pc / deploy	UNKNOWN STEP	2026-09-28T14:34:12.4996573Z ##[group]Getting Git version info
staging-pc / deploy	UNKNOWN STEP	2026-09-28T14:34:12.4999667Z Working directory is 'C:\Users\kalicon\Documents\Kalicon Programação\ESG FInal\.tools\actions-runner\staging\_work\ecohospital-esg-cicd\ecohospital-esg-cicd'
staging-pc / deploy	UNKNOWN STEP	2026-09-28T14:34:13.0559617Z [command]"C:\Program Files\Git\cmd\git.exe" version
staging-pc / deploy	UNKNOWN STEP	2026-09-28T14:34:13.1235787Z git version 2.50.0.windows.1
staging-pc / deploy	UNKNOWN STEP	2026-09-28T14:34:13.1346329Z ##[endgroup]
staging-pc / deploy	UNKNOWN STEP	2026-09-28T14:34:13.1392328Z Temporarily overriding HOME='C:\Users\kalicon\Documents\Kalicon Programação\ESG FInal\.tools\actions-runner\staging\_work\_temp\36b0b1c0-e688-4fa3-b88c-ab4d8535aa6d' before making global git config changes
staging-pc / deploy	UNKNOWN STEP	2026-09-28T14:34:13.1396237Z Adding repository directory to the temporary git global config as a safe directory
staging-pc / deploy	UNKNOWN STEP	2026-09-28T14:34:13.1433483Z [command]"C:\Program Files\Git\cmd\git.exe" config --global --add safe.directory "C:\Users\kalicon\Documents\Kalicon Programação\ESG FInal\.tools\actions-runner\staging\_work\ecohospital-esg-cicd\ecohospital-esg-cicd"
staging-pc / deploy	UNKNOWN STEP	2026-09-28T14:34:13.2175661Z Deleting the contents of 'C:\Users\kalicon\Documents\Kalicon Programação\ESG FInal\.tools\actions-runner\staging\_work\ecohospital-esg-cicd\ecohospital-esg-cicd'
staging-pc / deploy	UNKNOWN STEP	2026-09-28T14:34:13.2188073Z ##[group]Determining repository object format
staging-pc / deploy	UNKNOWN STEP	2026-09-28T14:34:13.2191902Z ##[endgroup]
staging-pc / deploy	UNKNOWN STEP	2026-09-28T14:34:13.2193414Z ##[group]Initializing the repository
staging-pc / deploy	UNKNOWN STEP	2026-09-28T14:34:13.2213286Z [command]"C:\Program Files\Git\cmd\git.exe" init "C:\Users\kalicon\Documents\Kalicon Programação\ESG FInal\.tools\actions-runner\staging\_work\ecohospital-esg-cicd\ecohospital-esg-cicd"
staging-pc / deploy	UNKNOWN STEP	2026-09-28T14:34:13.3588755Z Initialized empty Git repository in C:/Users/kalicon/Documents/Kalicon Programação/ESG FInal/.tools/actions-runner/staging/_work/ecohospital-esg-cicd/ecohospital-esg-cicd/.git/
staging-pc / deploy	UNKNOWN STEP	2026-09-28T14:34:13.3712351Z [command]"C:\Program Files\Git\cmd\git.exe" remote add origin https://github.com/Kalicon/ecohospital-esg-cicd
staging-pc / deploy	UNKNOWN STEP	2026-09-28T14:34:13.4795975Z ##[endgroup]
staging-pc / deploy	UNKNOWN STEP	2026-09-28T14:34:13.4797399Z ##[group]Disabling automatic garbage collection
staging-pc / deploy	UNKNOWN STEP	2026-09-28T14:34:13.4830150Z [command]"C:\Program Files\Git\cmd\git.exe" config --local gc.auto 0
staging-pc / deploy	UNKNOWN STEP	2026-09-28T14:34:13.5951871Z ##[endgroup]
staging-pc / deploy	UNKNOWN STEP	2026-09-28T14:34:13.5953301Z ##[group]Setting up auth
staging-pc / deploy	UNKNOWN STEP	2026-09-28T14:34:13.5954367Z Removing SSH command configuration
staging-pc / deploy	UNKNOWN STEP	2026-09-28T14:34:13.5956272Z [command]"C:\Program Files\Git\cmd\git.exe" config --local --name-only --get-regexp core\.sshCommand
staging-pc / deploy	UNKNOWN STEP	2026-09-28T14:34:13.7220105Z [command]"C:\Program Files\Git\cmd\git.exe" submodule foreach --recursive "sh -c \"git config --local --name-only --get-regexp 'core\.sshCommand' && git config --local --unset-all 'core.sshCommand' || :\""
staging-pc / deploy	UNKNOWN STEP	2026-09-28T14:34:15.5328118Z Removing HTTP extra header
staging-pc / deploy	UNKNOWN STEP	2026-09-28T14:34:15.5358410Z [command]"C:\Program Files\Git\cmd\git.exe" config --local --name-only --get-regexp http\.https\:\/\/github\.com\/\.extraheader
staging-pc / deploy	UNKNOWN STEP	2026-09-28T14:34:15.6249905Z [command]"C:\Program Files\Git\cmd\git.exe" submodule foreach --recursive "sh -c \"git config --local --name-only --get-regexp 'http\.https\:\/\/github\.com\/\.extraheader' && git config --local --unset-all 'http.https://github.com/.extraheader' || :\""
staging-pc / deploy	UNKNOWN STEP	2026-09-28T14:34:17.2522494Z Removing includeIf entries pointing to credentials config files
staging-pc / deploy	UNKNOWN STEP	2026-09-28T14:34:17.2568131Z [command]"C:\Program Files\Git\cmd\git.exe" config --local --name-only --get-regexp ^includeIf\.gitdir:
staging-pc / deploy	UNKNOWN STEP	2026-09-28T14:34:17.3705942Z [command]"C:\Program Files\Git\cmd\git.exe" submodule foreach --recursive "git config --local --show-origin --name-only --get-regexp remote.origin.url"
staging-pc / deploy	UNKNOWN STEP	2026-09-28T14:34:19.2598354Z [command]"C:\Program Files\Git\cmd\git.exe" config --file "C:\Users\kalicon\Documents\Kalicon Programação\ESG FInal\.tools\actions-runner\staging\_work\_temp\git-credentials-dfd42c05-f120-4033-9752-b2f5f3f11268.config" http.https://github.com/.extraheader "AUTHORIZATION: basic ***"
staging-pc / deploy	UNKNOWN STEP	2026-09-28T14:34:19.3821150Z [command]"C:\Program Files\Git\cmd\git.exe" config --local "includeIf.gitdir:C:/Users/kalicon/Documents/Kalicon Programação/ESG FInal/.tools/actions-runner/staging/_work/ecohospital-esg-cicd/ecohospital-esg-cicd/.git.path" "C:\Users\kalicon\Documents\Kalicon Programação\ESG FInal\.tools\actions-runner\staging\_work\_temp\git-credentials-dfd42c05-f120-4033-9752-b2f5f3f11268.config"
staging-pc / deploy	UNKNOWN STEP	2026-09-28T14:34:19.4885713Z [command]"C:\Program Files\Git\cmd\git.exe" config --local "includeIf.gitdir:C:/Users/kalicon/Documents/Kalicon Programação/ESG FInal/.tools/actions-runner/staging/_work/ecohospital-esg-cicd/ecohospital-esg-cicd/.git/worktrees/*.path" "C:\Users\kalicon\Documents\Kalicon Programação\ESG FInal\.tools\actions-runner\staging\_work\_temp\git-credentials-dfd42c05-f120-4033-9752-b2f5f3f11268.config"
staging-pc / deploy	UNKNOWN STEP	2026-09-28T14:34:19.6041443Z [command]"C:\Program Files\Git\cmd\git.exe" config --local includeIf.gitdir:/github/workspace/.git.path /github/runner_temp/git-credentials-dfd42c05-f120-4033-9752-b2f5f3f11268.config
staging-pc / deploy	UNKNOWN STEP	2026-09-28T14:34:19.7466630Z [command]"C:\Program Files\Git\cmd\git.exe" config --local includeIf.gitdir:/github/workspace/.git/worktrees/*.path /github/runner_temp/git-credentials-dfd42c05-f120-4033-9752-b2f5f3f11268.config
staging-pc / deploy	UNKNOWN STEP	2026-09-28T14:34:19.8849299Z ##[endgroup]
staging-pc / deploy	UNKNOWN STEP	2026-09-28T14:34:19.8874960Z ##[group]Fetching the repository
staging-pc / deploy	UNKNOWN STEP	2026-09-28T14:34:19.8963625Z [command]"C:\Program Files\Git\cmd\git.exe" -c protocol.version=2 fetch --no-tags --prune --no-recurse-submodules --depth=1 origin +a18651f2c875f6e85834c570d5c8eb643a0806b7:refs/remotes/origin/main
staging-pc / deploy	UNKNOWN STEP	2026-09-28T14:34:21.0190620Z From https://github.com/Kalicon/ecohospital-esg-cicd
staging-pc / deploy	UNKNOWN STEP	2026-09-28T14:34:21.0249900Z  * [new ref]         a18651f2c875f6e85834c570d5c8eb643a0806b7 -> origin/main
staging-pc / deploy	UNKNOWN STEP	2026-09-28T14:34:21.0907631Z [command]"C:\Program Files\Git\cmd\git.exe" branch --list --remote origin/main
staging-pc / deploy	UNKNOWN STEP	2026-09-28T14:34:21.2094579Z   origin/main
staging-pc / deploy	UNKNOWN STEP	2026-09-28T14:34:21.2253564Z [command]"C:\Program Files\Git\cmd\git.exe" rev-parse refs/remotes/origin/main
staging-pc / deploy	UNKNOWN STEP	2026-09-28T14:34:21.2946033Z a18651f2c875f6e85834c570d5c8eb643a0806b7
staging-pc / deploy	UNKNOWN STEP	2026-09-28T14:34:21.3053340Z ##[endgroup]
staging-pc / deploy	UNKNOWN STEP	2026-09-28T14:34:21.3054614Z ##[group]Determining the checkout info
staging-pc / deploy	UNKNOWN STEP	2026-09-28T14:34:21.3056006Z ##[endgroup]
staging-pc / deploy	UNKNOWN STEP	2026-09-28T14:34:21.3079397Z [command]"C:\Program Files\Git\cmd\git.exe" sparse-checkout disable
staging-pc / deploy	UNKNOWN STEP	2026-09-28T14:34:21.3989366Z [command]"C:\Program Files\Git\cmd\git.exe" config --local --unset-all extensions.worktreeConfig
staging-pc / deploy	UNKNOWN STEP	2026-09-28T14:34:21.4655782Z ##[group]Checking out the ref
staging-pc / deploy	UNKNOWN STEP	2026-09-28T14:34:21.4672568Z [command]"C:\Program Files\Git\cmd\git.exe" checkout --progress --force -B main refs/remotes/origin/main
staging-pc / deploy	UNKNOWN STEP	2026-09-28T14:34:21.6804993Z branch 'main' set up to track 'origin/main'.
staging-pc / deploy	UNKNOWN STEP	2026-09-28T14:34:21.6830639Z Switched to a new branch 'main'
staging-pc / deploy	UNKNOWN STEP	2026-09-28T14:34:21.6879904Z ##[endgroup]
staging-pc / deploy	UNKNOWN STEP	2026-09-28T14:34:21.7747856Z [command]"C:\Program Files\Git\cmd\git.exe" log -1 --format=%H
staging-pc / deploy	UNKNOWN STEP	2026-09-28T14:34:21.8448770Z a18651f2c875f6e85834c570d5c8eb643a0806b7
staging-pc / deploy	UNKNOWN STEP	2026-09-28T14:34:21.9609334Z ##[group]Run $configDir = Join-Path $env:RUNNER_TEMP 'ecohospital-docker-auth'
staging-pc / deploy	UNKNOWN STEP	2026-09-28T14:34:21.9611170Z ^[[36;1m$configDir = Join-Path $env:RUNNER_TEMP 'ecohospital-docker-auth'^[[0m
staging-pc / deploy	UNKNOWN STEP	2026-09-28T14:34:21.9612559Z ^[[36;1mNew-Item -ItemType Directory -Force -Path $configDir | Out-Null^[[0m
staging-pc / deploy	UNKNOWN STEP	2026-09-28T14:34:21.9614057Z ^[[36;1m"DOCKER_CONFIG=$configDir" | Out-File -FilePath $env:GITHUB_ENV -Encoding utf8 -Append^[[0m
staging-pc / deploy	UNKNOWN STEP	2026-09-28T14:34:21.9716656Z shell: C:\Windows\System32\WindowsPowerShell\v1.0\powershell.EXE -command ". '{0}'"
staging-pc / deploy	UNKNOWN STEP	2026-09-28T14:34:21.9717324Z ##[endgroup]
staging-pc / deploy	UNKNOWN STEP	2026-09-28T14:34:23.2353175Z ##[group]Run $dockerBin = Join-Path $env:LOCALAPPDATA 'Programs/DockerDesktop/resources/bin/docker.exe'
staging-pc / deploy	UNKNOWN STEP	2026-09-28T14:34:23.2355593Z ^[[36;1m$dockerBin = Join-Path $env:LOCALAPPDATA 'Programs/DockerDesktop/resources/bin/docker.exe'^[[0m
staging-pc / deploy	UNKNOWN STEP	2026-09-28T14:34:23.2357570Z ^[[36;1mif (-not (Test-Path $dockerBin)) { $dockerBin = 'C:\Program Files\Docker\Docker\resources\bin\docker.exe' }^[[0m
staging-pc / deploy	UNKNOWN STEP	2026-09-28T14:34:23.2359798Z ^[[36;1m$env:GHCR_TOKEN | & $dockerBin login ghcr.io --username $env:GHCR_USER --password-stdin^[[0m
staging-pc / deploy	UNKNOWN STEP	2026-09-28T14:34:23.2361252Z ^[[36;1mif ($LASTEXITCODE -ne 0) { throw 'Falha no login GHCR.' }^[[0m
staging-pc / deploy	UNKNOWN STEP	2026-09-28T14:34:23.2464682Z shell: C:\Windows\System32\WindowsPowerShell\v1.0\powershell.EXE -command ". '{0}'"
staging-pc / deploy	UNKNOWN STEP	2026-09-28T14:34:23.2465853Z env:
staging-pc / deploy	UNKNOWN STEP	2026-09-28T14:34:23.2467329Z   DOCKER_CONFIG: C:\Users\kalicon\Documents\Kalicon Programação\ESG FInal\.tools\actions-runner\staging\_work\_temp\ecohospital-docker-auth
staging-pc / deploy	UNKNOWN STEP	2026-09-28T14:34:23.2476306Z   GHCR_TOKEN: ***
staging-pc / deploy	UNKNOWN STEP	2026-09-28T14:34:23.2477041Z   GHCR_USER: Kalicon
staging-pc / deploy	UNKNOWN STEP	2026-09-28T14:34:23.2477601Z ##[endgroup]
staging-pc / deploy	UNKNOWN STEP	2026-09-28T14:34:34.9434884Z Error response from daemon: Get "https://ghcr.io/v2/": denied: denied
staging-pc / deploy	UNKNOWN STEP	2026-09-28T14:34:35.3179092Z Falha no login GHCR.
staging-pc / deploy	UNKNOWN STEP	2026-09-28T14:34:35.3179977Z No C:\Users\kalicon\Documents\Kalicon Programação\ESG 
staging-pc / deploy	UNKNOWN STEP	2026-09-28T14:34:35.3181474Z FInal\.tools\actions-runner\staging\_work\_temp\ee91fdd4-7304-48de-95a3-beec637f803a.ps1:5 caractere:28
staging-pc / deploy	UNKNOWN STEP	2026-09-28T14:34:35.3182777Z + if ($LASTEXITCODE -ne 0) { throw 'Falha no login GHCR.' }
staging-pc / deploy	UNKNOWN STEP	2026-09-28T14:34:35.3183550Z +                            ~~~~~~~~~~~~~~~~~~~~~~~~~~~~
staging-pc / deploy	UNKNOWN STEP	2026-09-28T14:34:35.3184649Z     + CategoryInfo          : OperationStopped: (Falha no login GHCR.:String) [], RuntimeException
staging-pc / deploy	UNKNOWN STEP	2026-09-28T14:34:35.3185771Z     + FullyQualifiedErrorId : Falha no login GHCR.
staging-pc / deploy	UNKNOWN STEP	2026-09-28T14:34:35.3186346Z  
staging-pc / deploy	UNKNOWN STEP	2026-09-28T14:34:35.3471783Z ##[error]Process completed with exit code 1.
staging-pc / deploy	UNKNOWN STEP	2026-09-28T14:34:35.3992608Z ##[group]Run actions/upload-artifact@v7
staging-pc / deploy	UNKNOWN STEP	2026-09-28T14:34:35.3993322Z with:
staging-pc / deploy	UNKNOWN STEP	2026-09-28T14:34:35.3994097Z   name: local-deploy-staging-a18651f2c875f6e85834c570d5c8eb643a0806b7
staging-pc / deploy	UNKNOWN STEP	2026-09-28T14:34:35.3995099Z   path: evidence/
staging-pc / deploy	UNKNOWN STEP	2026-09-28T14:34:35.3995425Z   if-no-files-found: warn
staging-pc / deploy	UNKNOWN STEP	2026-09-28T14:34:35.3995766Z   compression-level: 6
staging-pc / deploy	UNKNOWN STEP	2026-09-28T14:34:35.3996075Z   overwrite: false
staging-pc / deploy	UNKNOWN STEP	2026-09-28T14:34:35.3996405Z   include-hidden-files: false
staging-pc / deploy	UNKNOWN STEP	2026-09-28T14:34:35.3996741Z   archive: true
staging-pc / deploy	UNKNOWN STEP	2026-09-28T14:34:35.3996991Z env:
staging-pc / deploy	UNKNOWN STEP	2026-09-28T14:34:35.3997820Z   DOCKER_CONFIG: C:\Users\kalicon\Documents\Kalicon Programação\ESG FInal\.tools\actions-runner\staging\_work\_temp\ecohospital-docker-auth
staging-pc / deploy	UNKNOWN STEP	2026-09-28T14:34:35.3998776Z ##[endgroup]
staging-pc / deploy	UNKNOWN STEP	2026-09-28T14:34:36.2693512Z ##[warning]No files were found with the provided path: evidence/. No artifacts will be uploaded.
staging-pc / deploy	UNKNOWN STEP	2026-09-28T14:34:36.3124176Z ##[group]Run $dockerBin = Join-Path $env:LOCALAPPDATA 'Programs/DockerDesktop/resources/bin/docker.exe'
staging-pc / deploy	UNKNOWN STEP	2026-09-28T14:34:36.3125949Z ^[[36;1m$dockerBin = Join-Path $env:LOCALAPPDATA 'Programs/DockerDesktop/resources/bin/docker.exe'^[[0m
staging-pc / deploy	UNKNOWN STEP	2026-09-28T14:34:36.3127173Z ^[[36;1mif (-not (Test-Path $dockerBin)) { $dockerBin = 'C:\Program Files\Docker\Docker\resources\bin\docker.exe' }^[[0m
staging-pc / deploy	UNKNOWN STEP	2026-09-28T14:34:36.3128003Z ^[[36;1m& $dockerBin logout ghcr.io^[[0m
staging-pc / deploy	UNKNOWN STEP	2026-09-28T14:34:36.3128680Z ^[[36;1mif ($LASTEXITCODE -ne 0) { throw 'Falha ao remover autenticação Docker temporária.' }^[[0m
staging-pc / deploy	UNKNOWN STEP	2026-09-28T14:34:36.3188547Z shell: C:\Windows\System32\WindowsPowerShell\v1.0\powershell.EXE -command ". '{0}'"
staging-pc / deploy	UNKNOWN STEP	2026-09-28T14:34:36.3197443Z env:
staging-pc / deploy	UNKNOWN STEP	2026-09-28T14:34:36.3199009Z   DOCKER_CONFIG: C:\Users\kalicon\Documents\Kalicon Programação\ESG FInal\.tools\actions-runner\staging\_work\_temp\ecohospital-docker-auth
staging-pc / deploy	UNKNOWN STEP	2026-09-28T14:34:36.3200224Z ##[endgroup]
staging-pc / deploy	UNKNOWN STEP	2026-09-28T14:34:36.7641554Z Removing login credentials for ghcr.io
staging-pc / deploy	UNKNOWN STEP	2026-09-28T14:34:37.0100617Z Post job cleanup.
staging-pc / deploy	UNKNOWN STEP	2026-09-28T14:34:37.2657474Z [command]"C:\Program Files\Git\cmd\git.exe" version
staging-pc / deploy	UNKNOWN STEP	2026-09-28T14:34:37.3271688Z git version 2.50.0.windows.1
staging-pc / deploy	UNKNOWN STEP	2026-09-28T14:34:37.3387285Z Temporarily overriding HOME='C:\Users\kalicon\Documents\Kalicon Programação\ESG FInal\.tools\actions-runner\staging\_work\_temp\d219de4d-6f59-486d-91f8-ac5a624e296b' before making global git config changes
staging-pc / deploy	UNKNOWN STEP	2026-09-28T14:34:37.3389171Z Adding repository directory to the temporary git global config as a safe directory
staging-pc / deploy	UNKNOWN STEP	2026-09-28T14:34:37.3411857Z [command]"C:\Program Files\Git\cmd\git.exe" config --global --add safe.directory "C:\Users\kalicon\Documents\Kalicon Programação\ESG FInal\.tools\actions-runner\staging\_work\ecohospital-esg-cicd\ecohospital-esg-cicd"
staging-pc / deploy	UNKNOWN STEP	2026-09-28T14:34:37.4020401Z Removing SSH command configuration
staging-pc / deploy	UNKNOWN STEP	2026-09-28T14:34:37.4046870Z [command]"C:\Program Files\Git\cmd\git.exe" config --local --name-only --get-regexp core\.sshCommand
staging-pc / deploy	UNKNOWN STEP	2026-09-28T14:34:37.4652867Z [command]"C:\Program Files\Git\cmd\git.exe" submodule foreach --recursive "sh -c \"git config --local --name-only --get-regexp 'core\.sshCommand' && git config --local --unset-all 'core.sshCommand' || :\""
staging-pc / deploy	UNKNOWN STEP	2026-09-28T14:34:38.5445481Z Removing HTTP extra header
staging-pc / deploy	UNKNOWN STEP	2026-09-28T14:34:38.5465288Z [command]"C:\Program Files\Git\cmd\git.exe" config --local --name-only --get-regexp http\.https\:\/\/github\.com\/\.extraheader
staging-pc / deploy	UNKNOWN STEP	2026-09-28T14:34:38.6138838Z [command]"C:\Program Files\Git\cmd\git.exe" submodule foreach --recursive "sh -c \"git config --local --name-only --get-regexp 'http\.https\:\/\/github\.com\/\.extraheader' && git config --local --unset-all 'http.https://github.com/.extraheader' || :\""
staging-pc / deploy	UNKNOWN STEP	2026-09-28T14:34:39.7127013Z Removing includeIf entries pointing to credentials config files
staging-pc / deploy	UNKNOWN STEP	2026-09-28T14:34:39.7147811Z [command]"C:\Program Files\Git\cmd\git.exe" config --local --name-only --get-regexp ^includeIf\.gitdir:
staging-pc / deploy	UNKNOWN STEP	2026-09-28T14:34:39.7694201Z includeif.gitdir:C:/Users/kalicon/Documents/Kalicon Programação/ESG FInal/.tools/actions-runner/staging/_work/ecohospital-esg-cicd/ecohospital-esg-cicd/.git.path
staging-pc / deploy	UNKNOWN STEP	2026-09-28T14:34:39.7696450Z includeif.gitdir:C:/Users/kalicon/Documents/Kalicon Programação/ESG FInal/.tools/actions-runner/staging/_work/ecohospital-esg-cicd/ecohospital-esg-cicd/.git/worktrees/*.path
staging-pc / deploy	UNKNOWN STEP	2026-09-28T14:34:39.7698280Z includeif.gitdir:/github/workspace/.git.path
staging-pc / deploy	UNKNOWN STEP	2026-09-28T14:34:39.7699048Z includeif.gitdir:/github/workspace/.git/worktrees/*.path
staging-pc / deploy	UNKNOWN STEP	2026-09-28T14:34:39.7811441Z [command]"C:\Program Files\Git\cmd\git.exe" config --local --get-all "includeif.gitdir:C:/Users/kalicon/Documents/Kalicon Programação/ESG FInal/.tools/actions-runner/staging/_work/ecohospital-esg-cicd/ecohospital-esg-cicd/.git.path"
staging-pc / deploy	UNKNOWN STEP	2026-09-28T14:34:39.8340741Z C:\Users\kalicon\Documents\Kalicon Programação\ESG FInal\.tools\actions-runner\staging\_work\_temp\git-credentials-dfd42c05-f120-4033-9752-b2f5f3f11268.config
staging-pc / deploy	UNKNOWN STEP	2026-09-28T14:34:39.8461185Z [command]"C:\Program Files\Git\cmd\git.exe" config --local --unset "includeif.gitdir:C:/Users/kalicon/Documents/Kalicon Programação/ESG FInal/.tools/actions-runner/staging/_work/ecohospital-esg-cicd/ecohospital-esg-cicd/.git.path" "C\:\\Users\\kalicon\\Documents\\Kalicon\ Programa\ç\ão\\ESG\ FInal\\\.tools\\actions\-runner\\staging\\_work\\_temp\\git\-credentials\-dfd42c05\-f120\-4033\-9752\-b2f5f3f11268\.config"
staging-pc / deploy	UNKNOWN STEP	2026-09-28T14:34:39.9095074Z [command]"C:\Program Files\Git\cmd\git.exe" config --local --get-all "includeif.gitdir:C:/Users/kalicon/Documents/Kalicon Programação/ESG FInal/.tools/actions-runner/staging/_work/ecohospital-esg-cicd/ecohospital-esg-cicd/.git/worktrees/*.path"
staging-pc / deploy	UNKNOWN STEP	2026-09-28T14:34:39.9570616Z C:\Users\kalicon\Documents\Kalicon Programação\ESG FInal\.tools\actions-runner\staging\_work\_temp\git-credentials-dfd42c05-f120-4033-9752-b2f5f3f11268.config
staging-pc / deploy	UNKNOWN STEP	2026-09-28T14:34:39.9670446Z [command]"C:\Program Files\Git\cmd\git.exe" config --local --unset "includeif.gitdir:C:/Users/kalicon/Documents/Kalicon Programação/ESG FInal/.tools/actions-runner/staging/_work/ecohospital-esg-cicd/ecohospital-esg-cicd/.git/worktrees/*.path" "C\:\\Users\\kalicon\\Documents\\Kalicon\ Programa\ç\ão\\ESG\ FInal\\\.tools\\actions\-runner\\staging\\_work\\_temp\\git\-credentials\-dfd42c05\-f120\-4033\-9752\-b2f5f3f11268\.config"
staging-pc / deploy	UNKNOWN STEP	2026-09-28T14:34:40.0261629Z [command]"C:\Program Files\Git\cmd\git.exe" config --local --get-all includeif.gitdir:/github/workspace/.git.path
staging-pc / deploy	UNKNOWN STEP	2026-09-28T14:34:40.0758247Z /github/runner_temp/git-credentials-dfd42c05-f120-4033-9752-b2f5f3f11268.config
staging-pc / deploy	UNKNOWN STEP	2026-09-28T14:34:40.0851839Z [command]"C:\Program Files\Git\cmd\git.exe" config --local --unset includeif.gitdir:/github/workspace/.git.path \/github\/runner_temp\/git\-credentials\-dfd42c05\-f120\-4033\-9752\-b2f5f3f11268\.config
staging-pc / deploy	UNKNOWN STEP	2026-09-28T14:34:40.1442990Z [command]"C:\Program Files\Git\cmd\git.exe" config --local --get-all includeif.gitdir:/github/workspace/.git/worktrees/*.path
staging-pc / deploy	UNKNOWN STEP	2026-09-28T14:34:40.1909336Z /github/runner_temp/git-credentials-dfd42c05-f120-4033-9752-b2f5f3f11268.config
staging-pc / deploy	UNKNOWN STEP	2026-09-28T14:34:40.2020518Z [command]"C:\Program Files\Git\cmd\git.exe" config --local --unset includeif.gitdir:/github/workspace/.git/worktrees/*.path \/github\/runner_temp\/git\-credentials\-dfd42c05\-f120\-4033\-9752\-b2f5f3f11268\.config
staging-pc / deploy	UNKNOWN STEP	2026-09-28T14:34:40.2639678Z [command]"C:\Program Files\Git\cmd\git.exe" submodule foreach --recursive "git config --local --show-origin --name-only --get-regexp remote.origin.url"
staging-pc / deploy	UNKNOWN STEP	2026-09-28T14:34:41.3255072Z Removing credentials config 'C:\Users\kalicon\Documents\Kalicon Programação\ESG FInal\.tools\actions-runner\staging\_work\_temp\git-credentials-dfd42c05-f120-4033-9752-b2f5f3f11268.config'
staging-pc / deploy	UNKNOWN STEP	2026-09-28T14:34:41.3705758Z Evaluate and set environment url
staging-pc / deploy	UNKNOWN STEP	2026-09-28T14:34:41.3767324Z Evaluated environment url: http://localhost:8081
staging-pc / deploy	UNKNOWN STEP	2026-09-28T14:34:41.3769997Z Cleaning up orphan processes
