verify	Set up job	﻿2026-09-28T14:01:21.8961320Z Current runner version: '2.337.0'
verify	Set up job	2026-09-28T14:01:21.8982588Z ##[group]Runner Image Provisioner
verify	Set up job	2026-09-28T14:01:21.8983341Z Hosted Compute Agent
verify	Set up job	2026-09-28T14:01:21.8984238Z Version: 20260828.587
verify	Set up job	2026-09-28T14:01:21.8984771Z Commit: abac92662cab4cc7352de4f9f9d2e2419aad9c29
verify	Set up job	2026-09-28T14:01:21.8985461Z Build Date: 2026-08-28T16:44:25Z
verify	Set up job	2026-09-28T14:01:21.8986018Z Worker ID: {8710e47b-86e1-4d68-9bb8-515f93ee2bdc}
verify	Set up job	2026-09-28T14:01:21.8986601Z Azure Region: westus3
verify	Set up job	2026-09-28T14:01:21.8987123Z ##[endgroup]
verify	Set up job	2026-09-28T14:01:21.8988335Z ##[group]Operating System
verify	Set up job	2026-09-28T14:01:21.8988893Z Ubuntu
verify	Set up job	2026-09-28T14:01:21.8989343Z 24.04.5
verify	Set up job	2026-09-28T14:01:21.8989799Z LTS
verify	Set up job	2026-09-28T14:01:21.8990265Z ##[endgroup]
verify	Set up job	2026-09-28T14:01:21.8990730Z ##[group]Runner Image
verify	Set up job	2026-09-28T14:01:21.8991284Z Image: ubuntu-24.04
verify	Set up job	2026-09-28T14:01:21.8991762Z Version: 20260920.314.1
verify	Set up job	2026-09-28T14:01:21.8992649Z Included Software: https://github.com/actions/runner-images/blob/ubuntu24/20260920.314/images/ubuntu/Ubuntu2404-Readme.md
verify	Set up job	2026-09-28T14:01:21.8994317Z Image Release: https://github.com/actions/runner-images/releases/tag/ubuntu24%2F20260920.314
verify	Set up job	2026-09-28T14:01:21.8995432Z ##[endgroup]
verify	Set up job	2026-09-28T14:01:21.8996349Z ##[group]GITHUB_TOKEN Permissions
verify	Set up job	2026-09-28T14:01:21.8998158Z Contents: read
verify	Set up job	2026-09-28T14:01:21.8998672Z Metadata: read
verify	Set up job	2026-09-28T14:01:21.8999141Z ##[endgroup]
verify	Set up job	2026-09-28T14:01:21.9000895Z Secret source: Actions
verify	Set up job	2026-09-28T14:01:21.9001713Z Cache mode: write
verify	Set up job	2026-09-28T14:01:21.9002320Z Prepare workflow directory
verify	Set up job	2026-09-28T14:01:21.9266989Z Prepare all required actions
verify	Set up job	2026-09-28T14:01:21.9306549Z Getting action download info
verify	Set up job	2026-09-28T14:01:22.2417669Z Download action repository 'actions/checkout@v4' (SHA:11d5960a326750d5838078e36cf38b85af677262)
verify	Set up job	2026-09-28T14:01:22.3274709Z Download action repository 'actions/setup-java@v4' (SHA:cf277c60eb25467037889841efdb72551f06f6c3)
verify	Set up job	2026-09-28T14:01:23.2951663Z Download action repository 'actions/setup-node@v4' (SHA:49933ea5288caeca8642d1e84afbd3f7d6820020)
verify	Set up job	2026-09-28T14:01:23.4070871Z Download action repository 'actions/upload-artifact@v4' (SHA:ea165f8d65b6e75b540449e92b4886f43607fa02)
verify	Set up job	2026-09-28T14:01:23.6660134Z Complete job name: verify
verify	Run actions/checkout@v4	﻿2026-09-28T14:01:23.7342395Z ##[group]Run actions/checkout@v4
verify	Run actions/checkout@v4	2026-09-28T14:01:23.7343409Z with:
verify	Run actions/checkout@v4	2026-09-28T14:01:23.7344231Z   repository: Kalicon/ecohospital-esg-cicd
verify	Run actions/checkout@v4	2026-09-28T14:01:23.7350872Z   token: ***
verify	Run actions/checkout@v4	2026-09-28T14:01:23.7351506Z   ssh-strict: true
verify	Run actions/checkout@v4	2026-09-28T14:01:23.7352144Z   ssh-user: git
verify	Run actions/checkout@v4	2026-09-28T14:01:23.7352784Z   persist-credentials: true
verify	Run actions/checkout@v4	2026-09-28T14:01:23.7354027Z   clean: true
verify	Run actions/checkout@v4	2026-09-28T14:01:23.7354688Z   sparse-checkout-cone-mode: true
verify	Run actions/checkout@v4	2026-09-28T14:01:23.7355452Z   fetch-depth: 1
verify	Run actions/checkout@v4	2026-09-28T14:01:23.7356087Z   fetch-tags: false
verify	Run actions/checkout@v4	2026-09-28T14:01:23.7356734Z   show-progress: true
verify	Run actions/checkout@v4	2026-09-28T14:01:23.7357392Z   lfs: false
verify	Run actions/checkout@v4	2026-09-28T14:01:23.7357997Z   submodules: false
verify	Run actions/checkout@v4	2026-09-28T14:01:23.7358647Z   set-safe-directory: true
verify	Run actions/checkout@v4	2026-09-28T14:01:23.7359424Z   allow-unsafe-pr-checkout: false
verify	Run actions/checkout@v4	2026-09-28T14:01:23.7360416Z ##[endgroup]
verify	Run actions/checkout@v4	2026-09-28T14:01:23.8178546Z Syncing repository: Kalicon/ecohospital-esg-cicd
verify	Run actions/checkout@v4	2026-09-28T14:01:23.8181757Z ##[group]Getting Git version info
verify	Run actions/checkout@v4	2026-09-28T14:01:23.8184470Z Working directory is '/home/runner/work/ecohospital-esg-cicd/ecohospital-esg-cicd'
verify	Run actions/checkout@v4	2026-09-28T14:01:23.8187234Z [command]/usr/bin/git version
verify	Run actions/checkout@v4	2026-09-28T14:01:23.8267692Z git version 2.55.0
verify	Run actions/checkout@v4	2026-09-28T14:01:23.8286329Z ##[endgroup]
verify	Run actions/checkout@v4	2026-09-28T14:01:23.8298727Z Temporarily overriding HOME='/home/runner/work/_temp/0244e211-db81-44d8-8a47-e6976eebce4c' before making global git config changes
verify	Run actions/checkout@v4	2026-09-28T14:01:23.8301986Z Adding repository directory to the temporary git global config as a safe directory
verify	Run actions/checkout@v4	2026-09-28T14:01:23.8305595Z [command]/usr/bin/git config --global --add safe.directory /home/runner/work/ecohospital-esg-cicd/ecohospital-esg-cicd
verify	Run actions/checkout@v4	2026-09-28T14:01:23.8343507Z Deleting the contents of '/home/runner/work/ecohospital-esg-cicd/ecohospital-esg-cicd'
verify	Run actions/checkout@v4	2026-09-28T14:01:23.8349344Z ##[group]Initializing the repository
verify	Run actions/checkout@v4	2026-09-28T14:01:23.8353371Z [command]/usr/bin/git init /home/runner/work/ecohospital-esg-cicd/ecohospital-esg-cicd
verify	Run actions/checkout@v4	2026-09-28T14:01:23.8420852Z hint: Using 'master' as the name for the initial branch. This default branch name
verify	Run actions/checkout@v4	2026-09-28T14:01:23.8422430Z hint: will change to "main" in Git 3.0. To configure the initial branch name
verify	Run actions/checkout@v4	2026-09-28T14:01:23.8424039Z hint: to use in all of your new repositories, which will suppress this warning,
verify	Run actions/checkout@v4	2026-09-28T14:01:23.8425152Z hint: call:
verify	Run actions/checkout@v4	2026-09-28T14:01:23.8426005Z hint:
verify	Run actions/checkout@v4	2026-09-28T14:01:23.8426795Z hint: 	git config --global init.defaultBranch <name>
verify	Run actions/checkout@v4	2026-09-28T14:01:23.8427709Z hint:
verify	Run actions/checkout@v4	2026-09-28T14:01:23.8428547Z hint: Names commonly chosen instead of 'master' are 'main', 'trunk' and
verify	Run actions/checkout@v4	2026-09-28T14:01:23.8429938Z hint: 'development'. The just-created branch can be renamed via this command:
verify	Run actions/checkout@v4	2026-09-28T14:01:23.8431037Z hint:
verify	Run actions/checkout@v4	2026-09-28T14:01:23.8431629Z hint: 	git branch -m <name>
verify	Run actions/checkout@v4	2026-09-28T14:01:23.8432322Z hint:
verify	Run actions/checkout@v4	2026-09-28T14:01:23.8433274Z hint: Disable this message with "git config set advice.defaultBranchName false"
verify	Run actions/checkout@v4	2026-09-28T14:01:23.8439839Z Initialized empty Git repository in /home/runner/work/ecohospital-esg-cicd/ecohospital-esg-cicd/.git/
verify	Run actions/checkout@v4	2026-09-28T14:01:23.8447589Z [command]/usr/bin/git remote add origin https://github.com/Kalicon/ecohospital-esg-cicd
verify	Run actions/checkout@v4	2026-09-28T14:01:23.8488521Z ##[endgroup]
verify	Run actions/checkout@v4	2026-09-28T14:01:23.8490136Z ##[group]Disabling automatic garbage collection
verify	Run actions/checkout@v4	2026-09-28T14:01:23.8491903Z [command]/usr/bin/git config --local gc.auto 0
verify	Run actions/checkout@v4	2026-09-28T14:01:23.8523217Z ##[endgroup]
verify	Run actions/checkout@v4	2026-09-28T14:01:23.8524686Z ##[group]Setting up auth
verify	Run actions/checkout@v4	2026-09-28T14:01:23.8529307Z [command]/usr/bin/git config --local --name-only --get-regexp core\.sshCommand
verify	Run actions/checkout@v4	2026-09-28T14:01:23.8559833Z [command]/usr/bin/git submodule foreach --recursive sh -c "git config --local --name-only --get-regexp 'core\.sshCommand' && git config --local --unset-all 'core.sshCommand' || :"
verify	Run actions/checkout@v4	2026-09-28T14:01:23.8869277Z [command]/usr/bin/git config --local --name-only --get-regexp http\.https\:\/\/github\.com\/\.extraheader
verify	Run actions/checkout@v4	2026-09-28T14:01:23.8910800Z [command]/usr/bin/git submodule foreach --recursive sh -c "git config --local --name-only --get-regexp 'http\.https\:\/\/github\.com\/\.extraheader' && git config --local --unset-all 'http.https://github.com/.extraheader' || :"
verify	Run actions/checkout@v4	2026-09-28T14:01:23.9110946Z [command]/usr/bin/git config --local --name-only --get-regexp ^includeIf\.gitdir:
verify	Run actions/checkout@v4	2026-09-28T14:01:23.9144673Z [command]/usr/bin/git submodule foreach --recursive git config --local --show-origin --name-only --get-regexp remote.origin.url
verify	Run actions/checkout@v4	2026-09-28T14:01:23.9336720Z [command]/usr/bin/git config --local http.https://github.com/.extraheader AUTHORIZATION: basic ***
verify	Run actions/checkout@v4	2026-09-28T14:01:23.9372124Z ##[endgroup]
verify	Run actions/checkout@v4	2026-09-28T14:01:23.9373253Z ##[group]Fetching the repository
verify	Run actions/checkout@v4	2026-09-28T14:01:23.9381426Z [command]/usr/bin/git -c protocol.version=2 fetch --no-tags --prune --no-recurse-submodules --depth=1 origin +6159371fb0a1a30fea8be03a87b404817cac85da:refs/remotes/origin/main
verify	Run actions/checkout@v4	2026-09-28T14:01:24.5315219Z From https://github.com/Kalicon/ecohospital-esg-cicd
verify	Run actions/checkout@v4	2026-09-28T14:01:24.5316606Z  * [new ref]         6159371fb0a1a30fea8be03a87b404817cac85da -> origin/main
verify	Run actions/checkout@v4	2026-09-28T14:01:24.5319364Z ##[endgroup]
verify	Run actions/checkout@v4	2026-09-28T14:01:24.5319977Z ##[group]Determining the checkout info
verify	Run actions/checkout@v4	2026-09-28T14:01:24.5322289Z ##[endgroup]
verify	Run actions/checkout@v4	2026-09-28T14:01:24.5327523Z [command]/usr/bin/git sparse-checkout disable
verify	Run actions/checkout@v4	2026-09-28T14:01:24.5378681Z [command]/usr/bin/git config --local --unset-all extensions.worktreeConfig
verify	Run actions/checkout@v4	2026-09-28T14:01:24.5407949Z ##[group]Checking out the ref
verify	Run actions/checkout@v4	2026-09-28T14:01:24.5412003Z [command]/usr/bin/git checkout --progress --force -B main refs/remotes/origin/main
verify	Run actions/checkout@v4	2026-09-28T14:01:24.5515299Z Switched to a new branch 'main'
verify	Run actions/checkout@v4	2026-09-28T14:01:24.5519628Z branch 'main' set up to track 'origin/main'.
verify	Run actions/checkout@v4	2026-09-28T14:01:24.5523373Z ##[endgroup]
verify	Run actions/checkout@v4	2026-09-28T14:01:24.5557506Z [command]/usr/bin/git log -1 --format=%H
verify	Run actions/checkout@v4	2026-09-28T14:01:24.5579340Z 6159371fb0a1a30fea8be03a87b404817cac85da
verify	Run actions/setup-java@v4	﻿2026-09-28T14:01:24.5874180Z ##[group]Run actions/setup-java@v4
verify	Run actions/setup-java@v4	2026-09-28T14:01:24.5874647Z with:
verify	Run actions/setup-java@v4	2026-09-28T14:01:24.5874865Z   distribution: temurin
verify	Run actions/setup-java@v4	2026-09-28T14:01:24.5875096Z   java-version: 17
verify	Run actions/setup-java@v4	2026-09-28T14:01:24.5875307Z   cache: maven
verify	Run actions/setup-java@v4	2026-09-28T14:01:24.5875513Z   java-package: jdk
verify	Run actions/setup-java@v4	2026-09-28T14:01:24.5875728Z   check-latest: false
verify	Run actions/setup-java@v4	2026-09-28T14:01:24.5875950Z   server-id: github
verify	Run actions/setup-java@v4	2026-09-28T14:01:24.5876171Z   server-username: GITHUB_ACTOR
verify	Run actions/setup-java@v4	2026-09-28T14:01:24.5876424Z   server-password: GITHUB_TOKEN
verify	Run actions/setup-java@v4	2026-09-28T14:01:24.5876670Z   overwrite-settings: true
verify	Run actions/setup-java@v4	2026-09-28T14:01:24.5876902Z   job-status: success
verify	Run actions/setup-java@v4	2026-09-28T14:01:24.5878910Z   token: ***
verify	Run actions/setup-java@v4	2026-09-28T14:01:24.5879124Z ##[endgroup]
verify	Run actions/setup-java@v4	2026-09-28T14:01:24.7285339Z ##[warning]setup-java v4 is deprecated and will no longer receive updates. Please migrate to actions/setup-java@v5.
verify	Run actions/setup-java@v4	2026-09-28T14:01:24.7291139Z ##[group]Installed distributions
verify	Run actions/setup-java@v4	2026-09-28T14:01:24.7459764Z Resolved Java 17.0.20+1 from tool-cache
verify	Run actions/setup-java@v4	2026-09-28T14:01:24.7460250Z Setting Java 17.0.20+1 as the default
verify	Run actions/setup-java@v4	2026-09-28T14:01:24.7468697Z (node:2084) [DEP0040] DeprecationWarning: The `punycode` module is deprecated. Please use a userland alternative instead.
verify	Run actions/setup-java@v4	2026-09-28T14:01:24.7469739Z (Use `node --trace-deprecation ...` to show where the warning was created)
verify	Run actions/setup-java@v4	2026-09-28T14:01:24.7472111Z Creating toolchains.xml for JDK version 17 from temurin
verify	Run actions/setup-java@v4	2026-09-28T14:01:24.7526212Z Writing to /home/runner/.m2/toolchains.xml
verify	Run actions/setup-java@v4	2026-09-28T14:01:24.7526618Z 
verify	Run actions/setup-java@v4	2026-09-28T14:01:24.7526782Z Java configuration:
verify	Run actions/setup-java@v4	2026-09-28T14:01:24.7527145Z   Distribution: temurin
verify	Run actions/setup-java@v4	2026-09-28T14:01:24.7527500Z   Version: 17.0.20+1
verify	Run actions/setup-java@v4	2026-09-28T14:01:24.7528002Z   Path: /opt/hostedtoolcache/Java_Temurin-Hotspot_jdk/17.0.20-1/x64
verify	Run actions/setup-java@v4	2026-09-28T14:01:24.7528398Z 
verify	Run actions/setup-java@v4	2026-09-28T14:01:24.7528840Z ##[endgroup]
verify	Run actions/setup-java@v4	2026-09-28T14:01:24.7551391Z Creating settings.xml with server-id: github
verify	Run actions/setup-java@v4	2026-09-28T14:01:24.7565537Z Writing to /home/runner/.m2/settings.xml
verify	Run actions/setup-java@v4	2026-09-28T14:01:25.0004355Z maven cache is not found
verify	Run actions/setup-node@v4	﻿2026-09-28T14:01:25.0160615Z ##[group]Run actions/setup-node@v4
verify	Run actions/setup-node@v4	2026-09-28T14:01:25.0160913Z with:
verify	Run actions/setup-node@v4	2026-09-28T14:01:25.0161132Z   node-version: 22
verify	Run actions/setup-node@v4	2026-09-28T14:01:25.0161361Z   always-auth: false
verify	Run actions/setup-node@v4	2026-09-28T14:01:25.0161580Z   check-latest: false
verify	Run actions/setup-node@v4	2026-09-28T14:01:25.0163862Z   token: ***
verify	Run actions/setup-node@v4	2026-09-28T14:01:25.0164065Z env:
verify	Run actions/setup-node@v4	2026-09-28T14:01:25.0164352Z   JAVA_HOME: /opt/hostedtoolcache/Java_Temurin-Hotspot_jdk/17.0.20-1/x64
verify	Run actions/setup-node@v4	2026-09-28T14:01:25.0164790Z   JAVA_HOME_17_X64: /opt/hostedtoolcache/Java_Temurin-Hotspot_jdk/17.0.20-1/x64
verify	Run actions/setup-node@v4	2026-09-28T14:01:25.0165140Z ##[endgroup]
verify	Run actions/setup-node@v4	2026-09-28T14:01:25.1310289Z Found in cache @ /opt/hostedtoolcache/node/22.23.2/x64
verify	Run actions/setup-node@v4	2026-09-28T14:01:25.1313339Z (node:2097) [DEP0040] DeprecationWarning: The `punycode` module is deprecated. Please use a userland alternative instead.
verify	Run actions/setup-node@v4	2026-09-28T14:01:25.1314510Z (Use `node --trace-deprecation ...` to show where the warning was created)
verify	Run actions/setup-node@v4	2026-09-28T14:01:25.1315804Z ##[group]Environment details
verify	Run actions/setup-node@v4	2026-09-28T14:01:25.4055994Z node: v22.23.2
verify	Run actions/setup-node@v4	2026-09-28T14:01:25.4056567Z npm: 10.9.8
verify	Run actions/setup-node@v4	2026-09-28T14:01:25.4068433Z yarn: 1.22.22
verify	Run actions/setup-node@v4	2026-09-28T14:01:25.4069771Z ##[endgroup]
verify	Testes existentes e sintaxe do frontend	﻿2026-09-28T14:01:25.4188749Z ##[group]Run node --check public/app.js
verify	Testes existentes e sintaxe do frontend	2026-09-28T14:01:25.4189139Z ^[[36;1mnode --check public/app.js^[[0m
verify	Testes existentes e sintaxe do frontend	2026-09-28T14:01:25.4189433Z ^[[36;1mnode --check src/server.js^[[0m
verify	Testes existentes e sintaxe do frontend	2026-09-28T14:01:25.4189711Z ^[[36;1mnode src/test_mongodb_runner.js^[[0m
verify	Testes existentes e sintaxe do frontend	2026-09-28T14:01:25.4388825Z shell: /usr/bin/bash -e {0}
verify	Testes existentes e sintaxe do frontend	2026-09-28T14:01:25.4389120Z env:
verify	Testes existentes e sintaxe do frontend	2026-09-28T14:01:25.4389427Z   JAVA_HOME: /opt/hostedtoolcache/Java_Temurin-Hotspot_jdk/17.0.20-1/x64
verify	Testes existentes e sintaxe do frontend	2026-09-28T14:01:25.4389869Z   JAVA_HOME_17_X64: /opt/hostedtoolcache/Java_Temurin-Hotspot_jdk/17.0.20-1/x64
verify	Testes existentes e sintaxe do frontend	2026-09-28T14:01:25.4390215Z ##[endgroup]
verify	Testes existentes e sintaxe do frontend	2026-09-28T14:01:25.5081613Z ================================================================================
verify	Testes existentes e sintaxe do frontend	2026-09-28T14:01:25.5083020Z >>> [MONGODB TEST RUNNER] Inicializando Simulação e Validação NoSQL ESG...
verify	Testes existentes e sintaxe do frontend	2026-09-28T14:01:25.5084128Z >>> Data/Hora da Execução: 2026-09-28T14:01:25.507Z
verify	Testes existentes e sintaxe do frontend	2026-09-28T14:01:25.5085062Z >>> Conexão simulada com: mongodb://localhost:27017/esg_hospital_db
verify	Testes existentes e sintaxe do frontend	2026-09-28T14:01:25.5086238Z ================================================================================
verify	Testes existentes e sintaxe do frontend	2026-09-28T14:01:25.5086708Z 
verify	Testes existentes e sintaxe do frontend	2026-09-28T14:01:25.5087072Z >>> [1. CREATE / INSERÇÃO INICIAL]
verify	Testes existentes e sintaxe do frontend	2026-09-28T14:01:25.5087686Z - unidades_hospitalares: 10 documentos inseridos.
verify	Testes existentes e sintaxe do frontend	2026-09-28T14:01:25.5088656Z - fontes_emissao:        10 documentos inseridos (Esquema Polimórfico).
verify	Testes existentes e sintaxe do frontend	2026-09-28T14:01:25.5089497Z - leituras_carbono_iot:  10 documentos de telemetria inseridos.
verify	Testes existentes e sintaxe do frontend	2026-09-28T14:01:25.5090321Z - licencas_ambientais:   10 documentos com condicionantes inseridos.
verify	Testes existentes e sintaxe do frontend	2026-09-28T14:01:25.5091210Z - logs_auditoria_esg:    10 logs de governança inseridos.
verify	Testes existentes e sintaxe do frontend	2026-09-28T14:01:25.5091930Z Status: TODOS OS 50 DOCUMENTOS INSERIDOS COM SUCESSO!
verify	Testes existentes e sintaxe do frontend	2026-09-28T14:01:25.5092294Z 
verify	Testes existentes e sintaxe do frontend	2026-09-28T14:01:25.5092653Z ================================================================================
verify	Testes existentes e sintaxe do frontend	2026-09-28T14:01:25.5093372Z >>> [2. OPERAÇÕES DE CONSULTA - READ / FIND]
verify	Testes existentes e sintaxe do frontend	2026-09-28T14:01:25.5094201Z ================================================================================
verify	Testes existentes e sintaxe do frontend	2026-09-28T14:01:25.5094611Z 
verify	Testes existentes e sintaxe do frontend	2026-09-28T14:01:25.5095252Z --- [2.1] db.unidades_hospitalares.find({ certificacoes_esg: "ISO 14001", leitos_ativos: { $gt: 200 } }) ---
verify	Testes existentes e sintaxe do frontend	2026-09-28T14:01:25.5096059Z Resultados encontrados: 5
verify	Testes existentes e sintaxe do frontend	2026-09-28T14:01:25.5096958Z   * [UNID-HOSP-001] Hospital Central de Clínicas Sustentáveis | Leitos: 420 | Cidade: São Paulo
verify	Testes existentes e sintaxe do frontend	2026-09-28T14:01:25.5098151Z   * [UNID-HOSP-003] Complexo Hospitalar do Vale do Paraíba | Leitos: 310 | Cidade: São José dos Campos
verify	Testes existentes e sintaxe do frontend	2026-09-28T14:01:25.5099293Z   * [UNID-HOSP-004] Hospital Universitário BioSaúde Campinas | Leitos: 500 | Cidade: Campinas
verify	Testes existentes e sintaxe do frontend	2026-09-28T14:01:25.5100476Z   * [UNID-HOSP-006] Hospital Geral de Santos e Litoral Sustentável | Leitos: 260 | Cidade: Santos
verify	Testes existentes e sintaxe do frontend	2026-09-28T14:01:25.5101617Z   * [UNID-HOSP-008] Hospital Metropolitano Zona Leste Verde | Leitos: 380 | Cidade: São Paulo
verify	Testes existentes e sintaxe do frontend	2026-09-28T14:01:25.5102107Z 
verify	Testes existentes e sintaxe do frontend	2026-09-28T14:01:25.5102556Z --- [2.2] db.fontes_emissao.find({ limite_max_co2_kg_hora: { $gte: 500 } }) ---
verify	Testes existentes e sintaxe do frontend	2026-09-28T14:01:25.5103234Z Resultados encontrados: 4
verify	Testes existentes e sintaxe do frontend	2026-09-28T14:01:25.5104221Z   * [FONTE-CALD-01] Caldeira Aquotubular Principal - Ala Norte | Tipo: CALDEIRA_VAPOR | Limite CO2: 1500 kg/h
verify	Testes existentes e sintaxe do frontend	2026-09-28T14:01:25.5105681Z   * [FONTE-CALD-02] Caldeira Flamotubular de Alta Eficiência - Bloco Cirúrgico | Tipo: CALDEIRA_VAPOR | Limite CO2: 1200 kg/h
verify	Testes existentes e sintaxe do frontend	2026-09-28T14:01:25.5107004Z   * [FONTE-GER-02] Gerador Backup Subestação Leste | Tipo: GRUPO_GERADOR_DIESEL | Limite CO2: 900 kg/h
verify	Testes existentes e sintaxe do frontend	2026-09-28T14:01:25.5108403Z   * [FONTE-GER-01] Grupo Gerador de Emergência UTI / Centros Cirúrgicos | Tipo: GRUPO_GERADOR_DIESEL | Limite CO2: 850 kg/h
verify	Testes existentes e sintaxe do frontend	2026-09-28T14:01:25.5109050Z 
verify	Testes existentes e sintaxe do frontend	2026-09-28T14:01:25.5109547Z --- [2.3] db.fontes_emissao.find({ tipo_fonte: "FROTA_AMBULANCIA_HIBRIDA" }) ---
verify	Testes existentes e sintaxe do frontend	2026-09-28T14:01:25.5110647Z Resultados encontrados: 2 (Demonstração de atributos polimórficos de bateria e autonomia)
verify	Testes existentes e sintaxe do frontend	2026-09-28T14:01:25.5111726Z   * [FONTE-FROT-01] Placa: ESG-2026 | Propulsão: 100% Elétrica Plug-in (BEV) | Autonomia: 260km
verify	Testes existentes e sintaxe do frontend	2026-09-28T14:01:25.5112880Z   * [FONTE-FROT-02] Placa: BIO-9E26 | Propulsão: Híbrida Flex (Etanol / Elétrico) | Autonomia: 120km
verify	Testes existentes e sintaxe do frontend	2026-09-28T14:01:25.5114148Z 
verify	Testes existentes e sintaxe do frontend	2026-09-28T14:01:25.5114820Z --- [2.4] db.leituras_carbono_iot.find({ status_conformidade: { $in: ["ALERTA_PREVENTIVO", "VIOLACAO_BLOQUEANTE"] } }) ---
verify	Testes existentes e sintaxe do frontend	2026-09-28T14:01:25.5115696Z Leituras críticas encontradas: 2
verify	Testes existentes e sintaxe do frontend	2026-09-28T14:01:25.5116605Z   * [LEIT-2026-0002] Fonte: FONTE-CALD-01 | CO2: 1450 kg/h (Limite: 1500) | Status: ALERTA_PREVENTIVO | Árvores: 29
verify	Testes existentes e sintaxe do frontend	2026-09-28T14:01:25.5117763Z   * [LEIT-2026-0003] Fonte: FONTE-CALD-01 | CO2: 1620 kg/h (Limite: 1500) | Status: VIOLACAO_BLOQUEANTE | Árvores: 32
verify	Testes existentes e sintaxe do frontend	2026-09-28T14:01:25.5118277Z 
verify	Testes existentes e sintaxe do frontend	2026-09-28T14:01:25.5119120Z --- [2.5] db.leituras_carbono_iot.aggregate([ { $group: { _id: "$codigo_fonte", total_arvores: { $sum: "$compensacao_ambiental.arvores_sugeridas" } } } ]) ---
verify	Testes existentes e sintaxe do frontend	2026-09-28T14:01:25.5120180Z Agregação de Emissões e Compensação por Fonte:
verify	Testes existentes e sintaxe do frontend	2026-09-28T14:01:25.5120982Z   * Fonte: FONTE-CALD-01   | Média CO2: 1423.33 kg/h | Total Árvores para Plantio: 85
verify	Testes existentes e sintaxe do frontend	2026-09-28T14:01:25.5122115Z   * Fonte: FONTE-CALD-02   | Média CO2:  780.00 kg/h | Total Árvores para Plantio: 16
verify	Testes existentes e sintaxe do frontend	2026-09-28T14:01:25.5123006Z   * Fonte: FONTE-GER-01    | Média CO2:  620.00 kg/h | Total Árvores para Plantio: 12
verify	Testes existentes e sintaxe do frontend	2026-09-28T14:01:25.5124074Z   * Fonte: FONTE-GER-02    | Média CO2:  710.00 kg/h | Total Árvores para Plantio: 14
verify	Testes existentes e sintaxe do frontend	2026-09-28T14:01:25.5124951Z   * Fonte: FONTE-INC-01    | Média CO2:  380.00 kg/h | Total Árvores para Plantio: 8
verify	Testes existentes e sintaxe do frontend	2026-09-28T14:01:25.5125828Z   * Fonte: FONTE-INC-02    | Média CO2:  150.00 kg/h | Total Árvores para Plantio: 3
verify	Testes existentes e sintaxe do frontend	2026-09-28T14:01:25.5126699Z   * Fonte: FONTE-FROT-01   | Média CO2:    8.50 kg/h | Total Árvores para Plantio: 1
verify	Testes existentes e sintaxe do frontend	2026-09-28T14:01:25.5127583Z   * Fonte: FONTE-CHILL-01  | Média CO2:  190.00 kg/h | Total Árvores para Plantio: 4
verify	Testes existentes e sintaxe do frontend	2026-09-28T14:01:25.5128019Z 
verify	Testes existentes e sintaxe do frontend	2026-09-28T14:01:25.5128536Z --- [2.6] db.licencas_ambientais.find({ status: { $in: ["EXPIRA_EM_BREVE", "VENCIDA"] } }) ---
verify	Testes existentes e sintaxe do frontend	2026-09-28T14:01:25.5129337Z Licenças em situação crítica encontradas: 3
verify	Testes existentes e sintaxe do frontend	2026-09-28T14:01:25.5130381Z   * Processo: CETESB-2024-SP-098234 | Órgão: CETESB | Vencimento: 2026-04-15T00:00:00Z | Status: EXPIRA_EM_BREVE
verify	Testes existentes e sintaxe do frontend	2026-09-28T14:01:25.5131626Z   * Processo: CETESB-2023-SJC-04421 | Órgão: CETESB | Vencimento: 2026-05-10T00:00:00Z | Status: EXPIRA_EM_BREVE
verify	Testes existentes e sintaxe do frontend	2026-09-28T14:01:25.5132793Z   * Processo: CETESB-2023-STS-07812 | Órgão: CETESB | Vencimento: 2025-11-20T00:00:00Z | Status: VENCIDA
verify	Testes existentes e sintaxe do frontend	2026-09-28T14:01:25.5133278Z 
verify	Testes existentes e sintaxe do frontend	2026-09-28T14:01:25.5133897Z --- [2.7] db.logs_auditoria_esg.find({ nivel_severidade: { $in: ["CRITICAL", "AUDIT"] } }) ---
verify	Testes existentes e sintaxe do frontend	2026-09-28T14:01:25.5134503Z Logs de Auditoria Críticos: 4
verify	Testes existentes e sintaxe do frontend	2026-09-28T14:01:25.5135228Z   * [LOG-ESG-2026-0003] VIOLACAO_LIMITE_CO2 [CRITICAL]: INCIDENTE BLOQUEANTE: Emissão de 1620kg/h ultrapassou o limite de 1500kg/h na fonte FONTE-CALD-01.
verify	Testes existentes e sintaxe do frontend	2026-09-28T14:01:25.5136887Z   * [LOG-ESG-2026-0004] SEGURANCA_PARAMETROS [AUDIT]: SEGURANÇA: Tentativa de alteração de parâmetro regulamentar da fonte FONTE-CALD-01 auditada e validada.
verify	Testes existentes e sintaxe do frontend	2026-09-28T14:01:25.5138163Z   * [LOG-ESG-2026-0006] ALERTA_VENCIMENTO_LICENCA [CRITICAL]: GRAVE: A Licença Ambiental CETESB-2023-STS-07812 está VENCIDA.
verify	Testes existentes e sintaxe do frontend	2026-09-28T14:01:25.5139082Z   * [LOG-ESG-2026-0010] AUDITORIA_INTEGRIDADE_DADOS [AUDIT]: Auditoria externa periódica de rastreabilidade de dados ESG concluída sem inconformidades.
verify	Testes existentes e sintaxe do frontend	2026-09-28T14:01:25.5139554Z 
verify	Testes existentes e sintaxe do frontend	2026-09-28T14:01:25.5139763Z ================================================================================
verify	Testes existentes e sintaxe do frontend	2026-09-28T14:01:25.5140184Z >>> [3. OPERAÇÕES DE ATUALIZAÇÃO - UPDATE]
verify	Testes existentes e sintaxe do frontend	2026-09-28T14:01:25.5140580Z ================================================================================
verify	Testes existentes e sintaxe do frontend	2026-09-28T14:01:25.5141533Z >>> [3.1] db.unidades_hospitalares.updateOne({ codigo_unidade: "UNID-HOSP-001" }, { $set: { "metas_esg_anuais.meta_reducao_carbono_pct": 22.0 }, $push: { certificacoes_esg: "Certificado Net Zero Carbon Healthcare 2026" } })
verify	Testes existentes e sintaxe do frontend	2026-09-28T14:01:25.5142354Z   -> Unidade atualizada com sucesso! Novas certificações: [
verify	Testes existentes e sintaxe do frontend	2026-09-28T14:01:25.5142870Z   'ISO 14001',
verify	Testes existentes e sintaxe do frontend	2026-09-28T14:01:25.5143196Z   'ONA Nível 3 - Acreditado com Excelência',
verify	Testes existentes e sintaxe do frontend	2026-09-28T14:01:25.5143491Z   'LEED Gold',
verify	Testes existentes e sintaxe do frontend	2026-09-28T14:01:25.5144039Z   'Hospital Amigo do Clima',
verify	Testes existentes e sintaxe do frontend	2026-09-28T14:01:25.5144362Z   'Certificado Net Zero Carbon Healthcare 2026'
verify	Testes existentes e sintaxe do frontend	2026-09-28T14:01:25.5144673Z ]
verify	Testes existentes e sintaxe do frontend	2026-09-28T14:01:25.5144796Z 
verify	Testes existentes e sintaxe do frontend	2026-09-28T14:01:25.5145230Z >>> [3.2] db.fontes_emissao.updateOne({ codigo_fonte: "FONTE-CALD-01" }, { $set: { status_operacional: "OPERANDO_OTIMIZADO" } })
verify	Testes existentes e sintaxe do frontend	2026-09-28T14:01:25.5145768Z   -> Fonte atualizada: Status = OPERANDO_OTIMIZADO
verify	Testes existentes e sintaxe do frontend	2026-09-28T14:01:25.5145981Z 
verify	Testes existentes e sintaxe do frontend	2026-09-28T14:01:25.5146437Z >>> [3.3] db.leituras_carbono_iot.updateMany({ status_conformidade: "CONFORME" }, { $set: { auditoria_qualidade_validada: true } })
verify	Testes existentes e sintaxe do frontend	2026-09-28T14:01:25.5147112Z   -> 8 documentos de leitura atualizados com a flag auditoria_qualidade_validada = true.
verify	Testes existentes e sintaxe do frontend	2026-09-28T14:01:25.5147410Z 
verify	Testes existentes e sintaxe do frontend	2026-09-28T14:01:25.5147987Z >>> [3.4] db.licencas_ambientais.updateOne({ numero_processo: "CETESB-2024-SP-098234" }, { $push: { condicionantes_ambientais: { item: 4, status: "CUMPRIDA" } } })
verify	Testes existentes e sintaxe do frontend	2026-09-28T14:01:25.5148886Z   -> Nova condicionante adicionada. Total de condicionantes: 4
verify	Testes existentes e sintaxe do frontend	2026-09-28T14:01:25.5149141Z 
verify	Testes existentes e sintaxe do frontend	2026-09-28T14:01:25.5149580Z >>> [3.5] db.logs_auditoria_esg.updateOne({ codigo_log: "LOG-ESG-2026-0003" }, { $set: { status_resolucao: "RESOLVIDO" } })
verify	Testes existentes e sintaxe do frontend	2026-09-28T14:01:25.5150235Z   -> Incidente crítico marcado como RESOLVIDO no log de governança.
verify	Testes existentes e sintaxe do frontend	2026-09-28T14:01:25.5150488Z 
verify	Testes existentes e sintaxe do frontend	2026-09-28T14:01:25.5150714Z ================================================================================
verify	Testes existentes e sintaxe do frontend	2026-09-28T14:01:25.5151142Z >>> [4. OPERAÇÕES DE EXCLUSÃO - DELETE]
verify	Testes existentes e sintaxe do frontend	2026-09-28T14:01:25.5151542Z ================================================================================
verify	Testes existentes e sintaxe do frontend	2026-09-28T14:01:25.5152038Z >>> [4.1] db.unidades_hospitalares.deleteOne({ codigo_unidade: "UNID-TEMP-999" })
verify	Testes existentes e sintaxe do frontend	2026-09-28T14:01:25.5152577Z   -> 1 documento temporário removido. Contagem anterior: 11, Atual: 10
verify	Testes existentes e sintaxe do frontend	2026-09-28T14:01:25.5152856Z 
verify	Testes existentes e sintaxe do frontend	2026-09-28T14:01:25.5153196Z >>> [4.2] db.leituras_carbono_iot.deleteMany({ status_conformidade: "TESTE_CORROMPIDO" })
verify	Testes existentes e sintaxe do frontend	2026-09-28T14:01:25.5153904Z   -> 2 leituras temporárias removidas em lote. Contagem atual: 10
verify	Testes existentes e sintaxe do frontend	2026-09-28T14:01:25.5154158Z 
verify	Testes existentes e sintaxe do frontend	2026-09-28T14:01:25.5154388Z ================================================================================
verify	Testes existentes e sintaxe do frontend	2026-09-28T14:01:25.5154800Z >>> [5. ESTATÍSTICAS FINAIS DE VALIDAÇÃO]
verify	Testes existentes e sintaxe do frontend	2026-09-28T14:01:25.5155218Z ================================================================================
verify	Testes existentes e sintaxe do frontend	2026-09-28T14:01:25.5155599Z - unidades_hospitalares: 10 documentos
verify	Testes existentes e sintaxe do frontend	2026-09-28T14:01:25.5155947Z - fontes_emissao:        10 documentos
verify	Testes existentes e sintaxe do frontend	2026-09-28T14:01:25.5156289Z - leituras_carbono_iot:  10 documentos
verify	Testes existentes e sintaxe do frontend	2026-09-28T14:01:25.5156623Z - licencas_ambientais:   10 documentos
verify	Testes existentes e sintaxe do frontend	2026-09-28T14:01:25.5156961Z - logs_auditoria_esg:    10 documentos
verify	Testes existentes e sintaxe do frontend	2026-09-28T14:01:25.5157370Z ================================================================================
verify	Testes existentes e sintaxe do frontend	2026-09-28T14:01:25.5157922Z >>> [SUCESSO] Asserções de consultas e CRUD simulados aprovadas para 50 documentos.
verify	Build, JUnit e empacotamento Spring Boot	﻿2026-09-28T14:01:25.5190001Z ##[group]Run bash mvnw -B -ntp verify
verify	Build, JUnit e empacotamento Spring Boot	2026-09-28T14:01:25.5190354Z ^[[36;1mbash mvnw -B -ntp verify^[[0m
verify	Build, JUnit e empacotamento Spring Boot	2026-09-28T14:01:25.5250445Z shell: /usr/bin/bash -e {0}
verify	Build, JUnit e empacotamento Spring Boot	2026-09-28T14:01:25.5250713Z env:
verify	Build, JUnit e empacotamento Spring Boot	2026-09-28T14:01:25.5251016Z   JAVA_HOME: /opt/hostedtoolcache/Java_Temurin-Hotspot_jdk/17.0.20-1/x64
verify	Build, JUnit e empacotamento Spring Boot	2026-09-28T14:01:25.5251462Z   JAVA_HOME_17_X64: /opt/hostedtoolcache/Java_Temurin-Hotspot_jdk/17.0.20-1/x64
verify	Build, JUnit e empacotamento Spring Boot	2026-09-28T14:01:25.5251809Z ##[endgroup]
verify	Build, JUnit e empacotamento Spring Boot	2026-09-28T14:01:28.9195976Z [INFO] Scanning for projects...
verify	Build, JUnit e empacotamento Spring Boot	2026-09-28T14:01:32.3697586Z [INFO] 
verify	Build, JUnit e empacotamento Spring Boot	2026-09-28T14:01:32.3698781Z [INFO] ---------------------< br.com.ecohospital:esg-app >---------------------
verify	Build, JUnit e empacotamento Spring Boot	2026-09-28T14:01:32.3724584Z [INFO] Building EcoHospital Smart - ESG CI/CD 1.0.0
verify	Build, JUnit e empacotamento Spring Boot	2026-09-28T14:01:32.3749492Z [INFO]   from pom.xml
verify	Build, JUnit e empacotamento Spring Boot	2026-09-28T14:01:32.3750504Z [INFO] --------------------------------[ jar ]---------------------------------
verify	Build, JUnit e empacotamento Spring Boot	2026-09-28T14:01:38.0387212Z [INFO] 
verify	Build, JUnit e empacotamento Spring Boot	2026-09-28T14:01:38.0388562Z [INFO] --- resources:3.3.1:resources (default-resources) @ esg-app ---
verify	Build, JUnit e empacotamento Spring Boot	2026-09-28T14:01:39.4252228Z [INFO] Copying 1 resource from src/main/resources to target/classes
verify	Build, JUnit e empacotamento Spring Boot	2026-09-28T14:01:39.4284946Z [INFO] Copying 3 resources from public to target/classes/static
verify	Build, JUnit e empacotamento Spring Boot	2026-09-28T14:01:39.4304766Z [INFO] Copying 1 resource from data to target/classes/seed
verify	Build, JUnit e empacotamento Spring Boot	2026-09-28T14:01:39.4321624Z [INFO] 
verify	Build, JUnit e empacotamento Spring Boot	2026-09-28T14:01:39.4322293Z [INFO] --- compiler:3.14.1:compile (default-compile) @ esg-app ---
verify	Build, JUnit e empacotamento Spring Boot	2026-09-28T14:01:40.4059256Z [INFO] Recompiling the module because of changed source code.
verify	Build, JUnit e empacotamento Spring Boot	2026-09-28T14:01:40.4161594Z [INFO] Compiling 4 source files with javac [debug parameters release 17] to target/classes
verify	Build, JUnit e empacotamento Spring Boot	2026-09-28T14:01:41.7525071Z [INFO] 
verify	Build, JUnit e empacotamento Spring Boot	2026-09-28T14:01:41.7525887Z [INFO] --- resources:3.3.1:testResources (default-testResources) @ esg-app ---
verify	Build, JUnit e empacotamento Spring Boot	2026-09-28T14:01:41.7555191Z [INFO] skip non existing resourceDirectory /home/runner/work/ecohospital-esg-cicd/ecohospital-esg-cicd/src/test/resources
verify	Build, JUnit e empacotamento Spring Boot	2026-09-28T14:01:41.7556608Z [INFO] 
verify	Build, JUnit e empacotamento Spring Boot	2026-09-28T14:01:41.7557247Z [INFO] --- compiler:3.14.1:testCompile (default-testCompile) @ esg-app ---
verify	Build, JUnit e empacotamento Spring Boot	2026-09-28T14:01:41.7614670Z [INFO] Recompiling the module because of changed dependency.
verify	Build, JUnit e empacotamento Spring Boot	2026-09-28T14:01:41.7644843Z [INFO] Compiling 2 source files with javac [debug parameters release 17] to target/test-classes
verify	Build, JUnit e empacotamento Spring Boot	2026-09-28T14:01:42.0154486Z [INFO] 
verify	Build, JUnit e empacotamento Spring Boot	2026-09-28T14:01:42.0180286Z [INFO] --- surefire:3.5.6:test (default-test) @ esg-app ---
verify	Build, JUnit e empacotamento Spring Boot	2026-09-28T14:01:43.4795677Z [INFO] Using auto detected provider org.apache.maven.surefire.junitplatform.JUnitPlatformProvider
verify	Build, JUnit e empacotamento Spring Boot	2026-09-28T14:01:43.8907429Z [INFO] 
verify	Build, JUnit e empacotamento Spring Boot	2026-09-28T14:01:43.8924019Z [INFO] -------------------------------------------------------
verify	Build, JUnit e empacotamento Spring Boot	2026-09-28T14:01:43.8925083Z [INFO]  T E S T S
verify	Build, JUnit e empacotamento Spring Boot	2026-09-28T14:01:43.8925774Z [INFO] -------------------------------------------------------
verify	Build, JUnit e empacotamento Spring Boot	2026-09-28T14:01:44.4742277Z [INFO] Running br.com.ecohospital.EsgApiTest
verify	Build, JUnit e empacotamento Spring Boot	2026-09-28T14:01:44.6522634Z 14:01:44.581 [main] INFO org.springframework.test.context.support.AnnotationConfigContextLoaderUtils -- Could not detect default configuration classes for test class [br.com.ecohospital.EsgApiTest]: EsgApiTest does not declare any static, non-private, non-final, nested classes annotated with @Configuration.
verify	Build, JUnit e empacotamento Spring Boot	2026-09-28T14:01:44.7494743Z 14:01:44.682 [main] INFO org.springframework.boot.test.context.SpringBootTestContextBootstrapper -- Found @SpringBootConfiguration br.com.ecohospital.EsgApplication for test class br.com.ecohospital.EsgApiTest
verify	Build, JUnit e empacotamento Spring Boot	2026-09-28T14:01:45.1524208Z 
verify	Build, JUnit e empacotamento Spring Boot	2026-09-28T14:01:45.1524860Z   .   ____          _            __ _ _
verify	Build, JUnit e empacotamento Spring Boot	2026-09-28T14:01:45.1525324Z  /\\ / ___'_ __ _ _(_)_ __  __ _ \ \ \ \
verify	Build, JUnit e empacotamento Spring Boot	2026-09-28T14:01:45.1525743Z ( ( )\___ | '_ | '_| | '_ \/ _` | \ \ \ \
verify	Build, JUnit e empacotamento Spring Boot	2026-09-28T14:01:45.1526107Z  \\/  ___)| |_)| | | | | || (_| |  ) ) ) )
verify	Build, JUnit e empacotamento Spring Boot	2026-09-28T14:01:45.1526476Z   '  |____| .__|_| |_|_| |_\__, | / / / /
verify	Build, JUnit e empacotamento Spring Boot	2026-09-28T14:01:45.1526842Z  =========|_|==============|___/=/_/_/_/
verify	Build, JUnit e empacotamento Spring Boot	2026-09-28T14:01:45.1527060Z 
verify	Build, JUnit e empacotamento Spring Boot	2026-09-28T14:01:45.1527491Z  :: Spring Boot ::               (v3.5.16)
verify	Build, JUnit e empacotamento Spring Boot	2026-09-28T14:01:45.1527898Z 
verify	Build, JUnit e empacotamento Spring Boot	2026-09-28T14:01:45.1529214Z 2026-09-28T14:01:45.095Z  INFO 2367 --- [ecohospital-esg] [           main] br.com.ecohospital.EsgApiTest            : Starting EsgApiTest using Java 17.0.20.1 with PID 2367 (started by runner in /home/runner/work/ecohospital-esg-cicd/ecohospital-esg-cicd)
verify	Build, JUnit e empacotamento Spring Boot	2026-09-28T14:01:45.1531756Z 2026-09-28T14:01:45.096Z  INFO 2367 --- [ecohospital-esg] [           main] br.com.ecohospital.EsgApiTest            : No active profile set, falling back to 1 default profile: "default"
verify	Build, JUnit e empacotamento Spring Boot	2026-09-28T14:01:45.9529464Z 2026-09-28T14:01:45.884Z  INFO 2367 --- [ecohospital-esg] [           main] o.s.b.a.w.s.WelcomePageHandlerMapping    : Adding welcome page: class path resource [static/index.html]
verify	Build, JUnit e empacotamento Spring Boot	2026-09-28T14:01:46.3541167Z 2026-09-28T14:01:46.265Z  INFO 2367 --- [ecohospital-esg] [           main] o.s.b.t.m.w.SpringBootMockServletContext : Initializing Spring TestDispatcherServlet ''
verify	Build, JUnit e empacotamento Spring Boot	2026-09-28T14:01:46.3542967Z 2026-09-28T14:01:46.265Z  INFO 2367 --- [ecohospital-esg] [           main] o.s.t.web.servlet.TestDispatcherServlet  : Initializing Servlet ''
verify	Build, JUnit e empacotamento Spring Boot	2026-09-28T14:01:46.3544878Z 2026-09-28T14:01:46.271Z  INFO 2367 --- [ecohospital-esg] [           main] o.s.b.a.e.web.EndpointLinksResolver      : Exposing 1 endpoint beneath base path '/actuator'
verify	Build, JUnit e empacotamento Spring Boot	2026-09-28T14:01:46.3546492Z 2026-09-28T14:01:46.276Z  INFO 2367 --- [ecohospital-esg] [           main] o.s.t.web.servlet.TestDispatcherServlet  : Completed initialization in 11 ms
verify	Build, JUnit e empacotamento Spring Boot	2026-09-28T14:01:46.3548151Z 2026-09-28T14:01:46.325Z  INFO 2367 --- [ecohospital-esg] [           main] br.com.ecohospital.EsgApiTest            : Started EsgApiTest in 1.53 seconds (process running for 2.388)
verify	Build, JUnit e empacotamento Spring Boot	2026-09-28T14:01:46.7672956Z OpenJDK 64-Bit Server VM warning: Sharing is only supported for boot loader classes because bootstrap classpath has been appended
verify	Build, JUnit e empacotamento Spring Boot	2026-09-28T14:01:47.3758494Z 2026-09-28T14:01:47.372Z  WARN 2367 --- [ecohospital-esg] [           main] .w.s.m.s.DefaultHandlerExceptionResolver : Resolved [org.springframework.http.converter.HttpMessageNotReadableException: JSON parse error: Unexpected character ('b' (code 98)): was expecting double-quote to start field name]
verify	Build, JUnit e empacotamento Spring Boot	2026-09-28T14:01:47.5159396Z [INFO] Tests run: 20, Failures: 0, Errors: 0, Skipped: 0, Time elapsed: 3.004 s -- in br.com.ecohospital.EsgApiTest
verify	Build, JUnit e empacotamento Spring Boot	2026-09-28T14:01:47.5184347Z [INFO] Running br.com.ecohospital.EsgStoreTest
verify	Build, JUnit e empacotamento Spring Boot	2026-09-28T14:01:47.5985256Z [INFO] Tests run: 5, Failures: 0, Errors: 0, Skipped: 0, Time elapsed: 0.116 s -- in br.com.ecohospital.EsgStoreTest
verify	Build, JUnit e empacotamento Spring Boot	2026-09-28T14:01:47.6320740Z [INFO] 
verify	Build, JUnit e empacotamento Spring Boot	2026-09-28T14:01:47.6321017Z [INFO] Results:
verify	Build, JUnit e empacotamento Spring Boot	2026-09-28T14:01:47.6321210Z [INFO] 
verify	Build, JUnit e empacotamento Spring Boot	2026-09-28T14:01:47.6324484Z [INFO] Tests run: 25, Failures: 0, Errors: 0, Skipped: 0
verify	Build, JUnit e empacotamento Spring Boot	2026-09-28T14:01:47.6327311Z [INFO] 
verify	Build, JUnit e empacotamento Spring Boot	2026-09-28T14:01:47.6348271Z [INFO] 
verify	Build, JUnit e empacotamento Spring Boot	2026-09-28T14:01:47.6348674Z [INFO] --- jar:3.4.2:jar (default-jar) @ esg-app ---
verify	Build, JUnit e empacotamento Spring Boot	2026-09-28T14:01:49.7112780Z [INFO] Building jar: /home/runner/work/ecohospital-esg-cicd/ecohospital-esg-cicd/target/esg-app.jar
verify	Build, JUnit e empacotamento Spring Boot	2026-09-28T14:01:49.7389893Z [INFO] 
verify	Build, JUnit e empacotamento Spring Boot	2026-09-28T14:01:49.7414913Z [INFO] --- spring-boot:3.5.16:repackage (repackage) @ esg-app ---
verify	Build, JUnit e empacotamento Spring Boot	2026-09-28T14:01:52.0515545Z [INFO] Replacing main artifact /home/runner/work/ecohospital-esg-cicd/ecohospital-esg-cicd/target/esg-app.jar with repackaged archive, adding nested dependencies in BOOT-INF/.
verify	Build, JUnit e empacotamento Spring Boot	2026-09-28T14:01:52.0535254Z [INFO] The original artifact has been renamed to /home/runner/work/ecohospital-esg-cicd/ecohospital-esg-cicd/target/esg-app.jar.original
verify	Build, JUnit e empacotamento Spring Boot	2026-09-28T14:01:52.0536498Z [INFO] ------------------------------------------------------------------------
verify	Build, JUnit e empacotamento Spring Boot	2026-09-28T14:01:52.0537247Z [INFO] BUILD SUCCESS
verify	Build, JUnit e empacotamento Spring Boot	2026-09-28T14:01:52.0538051Z [INFO] ------------------------------------------------------------------------
verify	Build, JUnit e empacotamento Spring Boot	2026-09-28T14:01:52.0538765Z [INFO] Total time:  23.156 s
verify	Build, JUnit e empacotamento Spring Boot	2026-09-28T14:01:52.0539356Z [INFO] Finished at: 2026-09-28T14:01:52Z
verify	Build, JUnit e empacotamento Spring Boot	2026-09-28T14:01:52.0540107Z [INFO] ------------------------------------------------------------------------
verify	Preservar relatórios e JAR	﻿2026-09-28T14:01:52.0924700Z ##[group]Run actions/upload-artifact@v4
verify	Preservar relatórios e JAR	2026-09-28T14:01:52.0924964Z with:
verify	Preservar relatórios e JAR	2026-09-28T14:01:52.0925205Z   name: build-and-tests-6159371fb0a1a30fea8be03a87b404817cac85da
verify	Preservar relatórios e JAR	2026-09-28T14:01:52.0925526Z   path: target/surefire-reports/
verify	Preservar relatórios e JAR	target/esg-app.jar
verify	Preservar relatórios e JAR	
verify	Preservar relatórios e JAR	2026-09-28T14:01:52.0925778Z   if-no-files-found: warn
verify	Preservar relatórios e JAR	2026-09-28T14:01:52.0925978Z   compression-level: 6
verify	Preservar relatórios e JAR	2026-09-28T14:01:52.0926160Z   overwrite: false
verify	Preservar relatórios e JAR	2026-09-28T14:01:52.0926341Z   include-hidden-files: false
verify	Preservar relatórios e JAR	2026-09-28T14:01:52.0926537Z env:
verify	Preservar relatórios e JAR	2026-09-28T14:01:52.0926779Z   JAVA_HOME: /opt/hostedtoolcache/Java_Temurin-Hotspot_jdk/17.0.20-1/x64
verify	Preservar relatórios e JAR	2026-09-28T14:01:52.0927161Z   JAVA_HOME_17_X64: /opt/hostedtoolcache/Java_Temurin-Hotspot_jdk/17.0.20-1/x64
verify	Preservar relatórios e JAR	2026-09-28T14:01:52.0927457Z ##[endgroup]
verify	Preservar relatórios e JAR	2026-09-28T14:01:52.2210605Z (node:2453) [DEP0040] DeprecationWarning: The `punycode` module is deprecated. Please use a userland alternative instead.
verify	Preservar relatórios e JAR	2026-09-28T14:01:52.2211663Z (Use `node --trace-deprecation ...` to show where the warning was created)
verify	Preservar relatórios e JAR	2026-09-28T14:01:52.2266145Z Multiple search paths detected. Calculating the least common ancestor of all paths
verify	Preservar relatórios e JAR	2026-09-28T14:01:52.2267860Z The least common ancestor is /home/runner/work/ecohospital-esg-cicd/ecohospital-esg-cicd/target. This will be the root directory of the artifact
verify	Preservar relatórios e JAR	2026-09-28T14:01:52.2268898Z With the provided path, there will be 5 files uploaded
verify	Preservar relatórios e JAR	2026-09-28T14:01:52.2284691Z Artifact name is valid!
verify	Preservar relatórios e JAR	2026-09-28T14:01:52.2285327Z Root directory input is valid!
verify	Preservar relatórios e JAR	2026-09-28T14:01:52.5787884Z Beginning upload of artifact content to blob storage
verify	Preservar relatórios e JAR	2026-09-28T14:01:52.8461801Z (node:2453) [DEP0169] DeprecationWarning: `url.parse()` behavior is not standardized and prone to errors that have security implications. Use the WHATWG URL API instead. CVEs are not issued for `url.parse()` vulnerabilities.
verify	Preservar relatórios e JAR	2026-09-28T14:01:53.5536219Z Uploaded bytes 8388608
verify	Preservar relatórios e JAR	2026-09-28T14:01:53.8009397Z Uploaded bytes 16777216
verify	Preservar relatórios e JAR	2026-09-28T14:01:53.9639364Z Uploaded bytes 21340394
verify	Preservar relatórios e JAR	2026-09-28T14:01:54.0245207Z Finished uploading artifact content to blob storage!
verify	Preservar relatórios e JAR	2026-09-28T14:01:54.0246186Z SHA256 digest of uploaded artifact zip is a18a9db634f174aa73ec852c0915abd24a3bec4c2507a04e87b7dae611f90d2b
verify	Preservar relatórios e JAR	2026-09-28T14:01:54.0247682Z Finalizing artifact upload
verify	Preservar relatórios e JAR	2026-09-28T14:01:54.2954025Z Artifact build-and-tests-6159371fb0a1a30fea8be03a87b404817cac85da.zip successfully finalized. Artifact ID 10974650396
verify	Preservar relatórios e JAR	2026-09-28T14:01:54.2955514Z Artifact build-and-tests-6159371fb0a1a30fea8be03a87b404817cac85da has been successfully uploaded! Final size is 21340394 bytes. Artifact ID is 10974650396
verify	Preservar relatórios e JAR	2026-09-28T14:01:54.2960016Z Artifact download URL: https://github.com/Kalicon/ecohospital-esg-cicd/actions/runs/36432825881/artifacts/10974650396
verify	Post Run actions/setup-node@v4	﻿2026-09-28T14:01:54.3123289Z Post job cleanup.
verify	Post Run actions/setup-node@v4	2026-09-28T14:01:54.4101779Z (node:2465) [DEP0040] DeprecationWarning: The `punycode` module is deprecated. Please use a userland alternative instead.
verify	Post Run actions/setup-node@v4	2026-09-28T14:01:54.4102456Z (Use `node --trace-deprecation ...` to show where the warning was created)
verify	Post Run actions/setup-java@v4	﻿2026-09-28T14:01:54.4301013Z Post job cleanup.
verify	Post Run actions/setup-java@v4	2026-09-28T14:01:54.5447554Z (node:2473) [DEP0040] DeprecationWarning: The `punycode` module is deprecated. Please use a userland alternative instead.
verify	Post Run actions/setup-java@v4	2026-09-28T14:01:54.5448269Z (Use `node --trace-deprecation ...` to show where the warning was created)
verify	Post Run actions/setup-java@v4	2026-09-28T14:01:54.5623291Z [command]/usr/bin/tar --posix -cf cache.tzst --exclude cache.tzst -P -C /home/runner/work/ecohospital-esg-cicd/ecohospital-esg-cicd --files-from manifest.txt --use-compress-program zstdmt
verify	Post Run actions/setup-java@v4	2026-09-28T14:01:54.9672578Z (node:2473) [DEP0169] DeprecationWarning: `url.parse()` behavior is not standardized and prone to errors that have security implications. Use the WHATWG URL API instead. CVEs are not issued for `url.parse()` vulnerabilities.
verify	Post Run actions/setup-java@v4	2026-09-28T14:01:55.9617076Z Sent 38731776 of 59088756 (65.5%), 36.9 MBs/sec
verify	Post Run actions/setup-java@v4	2026-09-28T14:01:56.8111659Z Sent 59088756 of 59088756 (100.0%), 30.5 MBs/sec
verify	Post Run actions/setup-java@v4	2026-09-28T14:01:57.0882342Z Cache saved with the key: setup-java-Linux-x64-maven-e0c48755beba2f605604de383dae5c477b3d8ec6a3715ae598e6faa229a656ae
verify	Post Run actions/checkout@v4	﻿2026-09-28T14:01:57.1040229Z Post job cleanup.
verify	Post Run actions/checkout@v4	2026-09-28T14:01:57.1764250Z [command]/usr/bin/git version
verify	Post Run actions/checkout@v4	2026-09-28T14:01:57.1794358Z git version 2.55.0
verify	Post Run actions/checkout@v4	2026-09-28T14:01:57.1818221Z Temporarily overriding HOME='/home/runner/work/_temp/74a6b905-70fd-4b66-8f9d-7f1205ccebd1' before making global git config changes
verify	Post Run actions/checkout@v4	2026-09-28T14:01:57.1819395Z Adding repository directory to the temporary git global config as a safe directory
verify	Post Run actions/checkout@v4	2026-09-28T14:01:57.1822141Z [command]/usr/bin/git config --global --add safe.directory /home/runner/work/ecohospital-esg-cicd/ecohospital-esg-cicd
verify	Post Run actions/checkout@v4	2026-09-28T14:01:57.1854566Z [command]/usr/bin/git config --local --name-only --get-regexp core\.sshCommand
verify	Post Run actions/checkout@v4	2026-09-28T14:01:57.1882897Z [command]/usr/bin/git submodule foreach --recursive sh -c "git config --local --name-only --get-regexp 'core\.sshCommand' && git config --local --unset-all 'core.sshCommand' || :"
verify	Post Run actions/checkout@v4	2026-09-28T14:01:57.2119742Z [command]/usr/bin/git config --local --name-only --get-regexp http\.https\:\/\/github\.com\/\.extraheader
verify	Post Run actions/checkout@v4	2026-09-28T14:01:57.2143902Z http.https://github.com/.extraheader
verify	Post Run actions/checkout@v4	2026-09-28T14:01:57.2152984Z [command]/usr/bin/git config --local --unset-all http.https://github.com/.extraheader
verify	Post Run actions/checkout@v4	2026-09-28T14:01:57.2184049Z [command]/usr/bin/git submodule foreach --recursive sh -c "git config --local --name-only --get-regexp 'http\.https\:\/\/github\.com\/\.extraheader' && git config --local --unset-all 'http.https://github.com/.extraheader' || :"
verify	Post Run actions/checkout@v4	2026-09-28T14:01:57.2398645Z [command]/usr/bin/git config --local --name-only --get-regexp ^includeIf\.gitdir:
verify	Post Run actions/checkout@v4	2026-09-28T14:01:57.2428277Z [command]/usr/bin/git submodule foreach --recursive git config --local --show-origin --name-only --get-regexp remote.origin.url
verify	Complete job	﻿2026-09-28T14:01:57.2754978Z Cleaning up orphan processes
verify	Complete job	2026-09-28T14:01:57.2980261Z ##[warning]Node.js 20 is deprecated. The following actions target Node.js 20 but are being forced to run on Node.js 24: actions/checkout@v4, actions/setup-java@v4, actions/setup-node@v4, actions/upload-artifact@v4. For more information see: https://github.blog/changelog/2025-09-19-deprecation-of-node-20-on-github-actions-runners/
image	Set up job	﻿2026-09-28T14:02:02.1750483Z Current runner version: '2.337.0'
image	Set up job	2026-09-28T14:02:02.1776455Z ##[group]Runner Image Provisioner
image	Set up job	2026-09-28T14:02:02.1777475Z Hosted Compute Agent
image	Set up job	2026-09-28T14:02:02.1778164Z Version: 20260828.587
image	Set up job	2026-09-28T14:02:02.1779021Z Commit: abac92662cab4cc7352de4f9f9d2e2419aad9c29
image	Set up job	2026-09-28T14:02:02.1779806Z Build Date: 2026-08-28T16:44:25Z
image	Set up job	2026-09-28T14:02:02.1780544Z Worker ID: {f5a81a69-e1ba-4d49-920f-750182871ce8}
image	Set up job	2026-09-28T14:02:02.1781280Z Azure Region: eastus
image	Set up job	2026-09-28T14:02:02.1781903Z ##[endgroup]
image	Set up job	2026-09-28T14:02:02.1783370Z ##[group]Operating System
image	Set up job	2026-09-28T14:02:02.1784399Z Ubuntu
image	Set up job	2026-09-28T14:02:02.1784998Z 24.04.5
image	Set up job	2026-09-28T14:02:02.1785498Z LTS
image	Set up job	2026-09-28T14:02:02.1786049Z ##[endgroup]
image	Set up job	2026-09-28T14:02:02.1786589Z ##[group]Runner Image
image	Set up job	2026-09-28T14:02:02.1787179Z Image: ubuntu-24.04
image	Set up job	2026-09-28T14:02:02.1787863Z Version: 20260920.314.1
image	Set up job	2026-09-28T14:02:02.1789106Z Included Software: https://github.com/actions/runner-images/blob/ubuntu24/20260920.314/images/ubuntu/Ubuntu2404-Readme.md
image	Set up job	2026-09-28T14:02:02.1790860Z Image Release: https://github.com/actions/runner-images/releases/tag/ubuntu24%2F20260920.314
image	Set up job	2026-09-28T14:02:02.1791874Z ##[endgroup]
image	Set up job	2026-09-28T14:02:02.1793155Z ##[group]GITHUB_TOKEN Permissions
image	Set up job	2026-09-28T14:02:02.1795325Z Contents: read
image	Set up job	2026-09-28T14:02:02.1795959Z Metadata: read
image	Set up job	2026-09-28T14:02:02.1796544Z Packages: write
image	Set up job	2026-09-28T14:02:02.1797190Z ##[endgroup]
image	Set up job	2026-09-28T14:02:02.1799459Z Secret source: Actions
image	Set up job	2026-09-28T14:02:02.1800504Z Cache mode: write
image	Set up job	2026-09-28T14:02:02.1801539Z Prepare workflow directory
image	Set up job	2026-09-28T14:02:02.2127214Z Prepare all required actions
image	Set up job	2026-09-28T14:02:02.2175110Z Getting action download info
image	Set up job	2026-09-28T14:02:02.4739865Z Download action repository 'actions/checkout@v4' (SHA:11d5960a326750d5838078e36cf38b85af677262)
image	Set up job	2026-09-28T14:02:02.5778035Z Download action repository 'docker/setup-buildx-action@v3' (SHA:8d2750c68a42422c14e847fe6c8ac0403b4cbd6f)
image	Set up job	2026-09-28T14:02:02.7880477Z Download action repository 'docker/build-push-action@v6' (SHA:10e90e3645eae34f1e60eeb005ba3a3d33f178e8)
image	Set up job	2026-09-28T14:02:02.9847092Z Download action repository 'docker/login-action@v3' (SHA:c94ce9fb468520275223c153574b00df6fe4bcc9)
image	Set up job	2026-09-28T14:02:03.2010066Z Download action repository 'actions/upload-artifact@v4' (SHA:ea165f8d65b6e75b540449e92b4886f43607fa02)
image	Set up job	2026-09-28T14:02:03.4487610Z Complete job name: image
image	Run actions/checkout@v4	﻿2026-09-28T14:02:03.5546718Z ##[group]Run actions/checkout@v4
image	Run actions/checkout@v4	2026-09-28T14:02:03.5548197Z with:
image	Run actions/checkout@v4	2026-09-28T14:02:03.5549527Z   repository: Kalicon/ecohospital-esg-cicd
image	Run actions/checkout@v4	2026-09-28T14:02:03.5558883Z   token: ***
image	Run actions/checkout@v4	2026-09-28T14:02:03.5559917Z   ssh-strict: true
image	Run actions/checkout@v4	2026-09-28T14:02:03.5560867Z   ssh-user: git
image	Run actions/checkout@v4	2026-09-28T14:02:03.5561840Z   persist-credentials: true
image	Run actions/checkout@v4	2026-09-28T14:02:03.5562956Z   clean: true
image	Run actions/checkout@v4	2026-09-28T14:02:03.5563946Z   sparse-checkout-cone-mode: true
image	Run actions/checkout@v4	2026-09-28T14:02:03.5565084Z   fetch-depth: 1
image	Run actions/checkout@v4	2026-09-28T14:02:03.5566031Z   fetch-tags: false
image	Run actions/checkout@v4	2026-09-28T14:02:03.5566990Z   show-progress: true
image	Run actions/checkout@v4	2026-09-28T14:02:03.5567996Z   lfs: false
image	Run actions/checkout@v4	2026-09-28T14:02:03.5569220Z   submodules: false
image	Run actions/checkout@v4	2026-09-28T14:02:03.5570201Z   set-safe-directory: true
image	Run actions/checkout@v4	2026-09-28T14:02:03.5571409Z   allow-unsafe-pr-checkout: false
image	Run actions/checkout@v4	2026-09-28T14:02:03.5572894Z ##[endgroup]
image	Run actions/checkout@v4	2026-09-28T14:02:03.6684438Z Syncing repository: Kalicon/ecohospital-esg-cicd
image	Run actions/checkout@v4	2026-09-28T14:02:03.6687946Z ##[group]Getting Git version info
image	Run actions/checkout@v4	2026-09-28T14:02:03.6690764Z Working directory is '/home/runner/work/ecohospital-esg-cicd/ecohospital-esg-cicd'
image	Run actions/checkout@v4	2026-09-28T14:02:03.6694035Z [command]/usr/bin/git version
image	Run actions/checkout@v4	2026-09-28T14:02:03.6770254Z git version 2.55.0
image	Run actions/checkout@v4	2026-09-28T14:02:03.6808216Z ##[endgroup]
image	Run actions/checkout@v4	2026-09-28T14:02:03.6818025Z Temporarily overriding HOME='/home/runner/work/_temp/3f6ed87d-20e5-439e-89a7-48ac7473c41b' before making global git config changes
image	Run actions/checkout@v4	2026-09-28T14:02:03.6823146Z Adding repository directory to the temporary git global config as a safe directory
image	Run actions/checkout@v4	2026-09-28T14:02:03.6827553Z [command]/usr/bin/git config --global --add safe.directory /home/runner/work/ecohospital-esg-cicd/ecohospital-esg-cicd
image	Run actions/checkout@v4	2026-09-28T14:02:03.6879519Z Deleting the contents of '/home/runner/work/ecohospital-esg-cicd/ecohospital-esg-cicd'
image	Run actions/checkout@v4	2026-09-28T14:02:03.6883827Z ##[group]Initializing the repository
image	Run actions/checkout@v4	2026-09-28T14:02:03.6888772Z [command]/usr/bin/git init /home/runner/work/ecohospital-esg-cicd/ecohospital-esg-cicd
image	Run actions/checkout@v4	2026-09-28T14:02:03.7006145Z hint: Using 'master' as the name for the initial branch. This default branch name
image	Run actions/checkout@v4	2026-09-28T14:02:03.7009360Z hint: will change to "main" in Git 3.0. To configure the initial branch name
image	Run actions/checkout@v4	2026-09-28T14:02:03.7012467Z hint: to use in all of your new repositories, which will suppress this warning,
image	Run actions/checkout@v4	2026-09-28T14:02:03.7014942Z hint: call:
image	Run actions/checkout@v4	2026-09-28T14:02:03.7016337Z hint:
image	Run actions/checkout@v4	2026-09-28T14:02:03.7017491Z hint: 	git config --global init.defaultBranch <name>
image	Run actions/checkout@v4	2026-09-28T14:02:03.7019140Z hint:
image	Run actions/checkout@v4	2026-09-28T14:02:03.7021087Z hint: Names commonly chosen instead of 'master' are 'main', 'trunk' and
image	Run actions/checkout@v4	2026-09-28T14:02:03.7024333Z hint: 'development'. The just-created branch can be renamed via this command:
image	Run actions/checkout@v4	2026-09-28T14:02:03.7026625Z hint:
image	Run actions/checkout@v4	2026-09-28T14:02:03.7027444Z hint: 	git branch -m <name>
image	Run actions/checkout@v4	2026-09-28T14:02:03.7028829Z hint:
image	Run actions/checkout@v4	2026-09-28T14:02:03.7030830Z hint: Disable this message with "git config set advice.defaultBranchName false"
image	Run actions/checkout@v4	2026-09-28T14:02:03.7033462Z Initialized empty Git repository in /home/runner/work/ecohospital-esg-cicd/ecohospital-esg-cicd/.git/
image	Run actions/checkout@v4	2026-09-28T14:02:03.7037804Z [command]/usr/bin/git remote add origin https://github.com/Kalicon/ecohospital-esg-cicd
image	Run actions/checkout@v4	2026-09-28T14:02:03.7092042Z ##[endgroup]
image	Run actions/checkout@v4	2026-09-28T14:02:03.7094603Z ##[group]Disabling automatic garbage collection
image	Run actions/checkout@v4	2026-09-28T14:02:03.7096931Z [command]/usr/bin/git config --local gc.auto 0
image	Run actions/checkout@v4	2026-09-28T14:02:03.7135046Z ##[endgroup]
image	Run actions/checkout@v4	2026-09-28T14:02:03.7137743Z ##[group]Setting up auth
image	Run actions/checkout@v4	2026-09-28T14:02:03.7141733Z [command]/usr/bin/git config --local --name-only --get-regexp core\.sshCommand
image	Run actions/checkout@v4	2026-09-28T14:02:03.7184617Z [command]/usr/bin/git submodule foreach --recursive sh -c "git config --local --name-only --get-regexp 'core\.sshCommand' && git config --local --unset-all 'core.sshCommand' || :"
image	Run actions/checkout@v4	2026-09-28T14:02:03.7597899Z [command]/usr/bin/git config --local --name-only --get-regexp http\.https\:\/\/github\.com\/\.extraheader
image	Run actions/checkout@v4	2026-09-28T14:02:03.7638103Z [command]/usr/bin/git submodule foreach --recursive sh -c "git config --local --name-only --get-regexp 'http\.https\:\/\/github\.com\/\.extraheader' && git config --local --unset-all 'http.https://github.com/.extraheader' || :"
image	Run actions/checkout@v4	2026-09-28T14:02:03.7861432Z [command]/usr/bin/git config --local --name-only --get-regexp ^includeIf\.gitdir:
image	Run actions/checkout@v4	2026-09-28T14:02:03.7900094Z [command]/usr/bin/git submodule foreach --recursive git config --local --show-origin --name-only --get-regexp remote.origin.url
image	Run actions/checkout@v4	2026-09-28T14:02:03.8122583Z [command]/usr/bin/git config --local http.https://github.com/.extraheader AUTHORIZATION: basic ***
image	Run actions/checkout@v4	2026-09-28T14:02:03.8161863Z ##[endgroup]
image	Run actions/checkout@v4	2026-09-28T14:02:03.8163374Z ##[group]Fetching the repository
image	Run actions/checkout@v4	2026-09-28T14:02:03.8172068Z [command]/usr/bin/git -c protocol.version=2 fetch --no-tags --prune --no-recurse-submodules --depth=1 origin +6159371fb0a1a30fea8be03a87b404817cac85da:refs/remotes/origin/main
image	Run actions/checkout@v4	2026-09-28T14:02:04.0919370Z From https://github.com/Kalicon/ecohospital-esg-cicd
image	Run actions/checkout@v4	2026-09-28T14:02:04.0920701Z  * [new ref]         6159371fb0a1a30fea8be03a87b404817cac85da -> origin/main
image	Run actions/checkout@v4	2026-09-28T14:02:04.0922970Z ##[endgroup]
image	Run actions/checkout@v4	2026-09-28T14:02:04.0924150Z ##[group]Determining the checkout info
image	Run actions/checkout@v4	2026-09-28T14:02:04.0925251Z ##[endgroup]
image	Run actions/checkout@v4	2026-09-28T14:02:04.0925983Z [command]/usr/bin/git sparse-checkout disable
image	Run actions/checkout@v4	2026-09-28T14:02:04.0977385Z [command]/usr/bin/git config --local --unset-all extensions.worktreeConfig
image	Run actions/checkout@v4	2026-09-28T14:02:04.1009044Z ##[group]Checking out the ref
image	Run actions/checkout@v4	2026-09-28T14:02:04.1015447Z [command]/usr/bin/git checkout --progress --force -B main refs/remotes/origin/main
image	Run actions/checkout@v4	2026-09-28T14:02:04.1142893Z Switched to a new branch 'main'
image	Run actions/checkout@v4	2026-09-28T14:02:04.1148834Z branch 'main' set up to track 'origin/main'.
image	Run actions/checkout@v4	2026-09-28T14:02:04.1153994Z ##[endgroup]
image	Run actions/checkout@v4	2026-09-28T14:02:04.1195157Z [command]/usr/bin/git log -1 --format=%H
image	Run actions/checkout@v4	2026-09-28T14:02:04.1221717Z 6159371fb0a1a30fea8be03a87b404817cac85da
image	Identificar imagem pelo commit	﻿2026-09-28T14:02:04.1449739Z ##[group]Run echo "IMAGE=ghcr.io/${GITHUB_REPOSITORY,,}:${GITHUB_SHA}" >> "$GITHUB_ENV"
image	Identificar imagem pelo commit	2026-09-28T14:02:04.1450625Z ^[[36;1mecho "IMAGE=ghcr.io/${GITHUB_REPOSITORY,,}:${GITHUB_SHA}" >> "$GITHUB_ENV"^[[0m
image	Identificar imagem pelo commit	2026-09-28T14:02:04.1724877Z shell: /usr/bin/bash -e {0}
image	Identificar imagem pelo commit	2026-09-28T14:02:04.1725391Z ##[endgroup]
image	Run docker/setup-buildx-action@v3	﻿2026-09-28T14:02:04.2025194Z ##[group]Run docker/setup-buildx-action@v3
image	Run docker/setup-buildx-action@v3	2026-09-28T14:02:04.2026057Z with:
image	Run docker/setup-buildx-action@v3	2026-09-28T14:02:04.2026708Z   driver: docker-container
image	Run docker/setup-buildx-action@v3	2026-09-28T14:02:04.2027408Z   use: true
image	Run docker/setup-buildx-action@v3	2026-09-28T14:02:04.2028033Z   keep-state: false
image	Run docker/setup-buildx-action@v3	2026-09-28T14:02:04.2028915Z   cache-binary: true
image	Run docker/setup-buildx-action@v3	2026-09-28T14:02:04.2029593Z   cleanup: true
image	Run docker/setup-buildx-action@v3	2026-09-28T14:02:04.2030283Z   install: false
image	Run docker/setup-buildx-action@v3	2026-09-28T14:02:04.2030971Z env:
image	Run docker/setup-buildx-action@v3	2026-09-28T14:02:04.2031927Z   IMAGE: ghcr.io/kalicon/ecohospital-esg-cicd:6159371fb0a1a30fea8be03a87b404817cac85da
image	Run docker/setup-buildx-action@v3	2026-09-28T14:02:04.2033010Z ##[endgroup]
image	Run docker/setup-buildx-action@v3	2026-09-28T14:02:04.4639028Z (node:2330) [DEP0040] DeprecationWarning: The `punycode` module is deprecated. Please use a userland alternative instead.
image	Run docker/setup-buildx-action@v3	2026-09-28T14:02:04.4640592Z (Use `node --trace-deprecation ...` to show where the warning was created)
image	Run docker/setup-buildx-action@v3	2026-09-28T14:02:04.4692638Z ##[group]Docker info
image	Run docker/setup-buildx-action@v3	2026-09-28T14:02:04.4720144Z [command]/usr/bin/docker version
image	Run docker/setup-buildx-action@v3	2026-09-28T14:02:04.5684357Z Client: Docker Engine - Community
image	Run docker/setup-buildx-action@v3	2026-09-28T14:02:04.5686283Z  Version:           28.0.4
image	Run docker/setup-buildx-action@v3	2026-09-28T14:02:04.5687090Z  API version:       1.48
image	Run docker/setup-buildx-action@v3	2026-09-28T14:02:04.5687512Z  Go version:        go1.23.7
image	Run docker/setup-buildx-action@v3	2026-09-28T14:02:04.5687897Z  Git commit:        b8034c0
image	Run docker/setup-buildx-action@v3	2026-09-28T14:02:04.5688637Z  Built:             Tue Mar 25 15:07:16 2025
image	Run docker/setup-buildx-action@v3	2026-09-28T14:02:04.5689386Z  OS/Arch:           linux/amd64
image	Run docker/setup-buildx-action@v3	2026-09-28T14:02:04.5690076Z  Context:           default
image	Run docker/setup-buildx-action@v3	2026-09-28T14:02:04.5690321Z 
image	Run docker/setup-buildx-action@v3	2026-09-28T14:02:04.5690500Z Server: Docker Engine - Community
image	Run docker/setup-buildx-action@v3	2026-09-28T14:02:04.5690887Z  Engine:
image	Run docker/setup-buildx-action@v3	2026-09-28T14:02:04.5691261Z   Version:          28.0.4
image	Run docker/setup-buildx-action@v3	2026-09-28T14:02:04.5691686Z   API version:      1.48 (minimum version 1.24)
image	Run docker/setup-buildx-action@v3	2026-09-28T14:02:04.5692257Z   Go version:       go1.23.7
image	Run docker/setup-buildx-action@v3	2026-09-28T14:02:04.5692934Z   Git commit:       6430e49
image	Run docker/setup-buildx-action@v3	2026-09-28T14:02:04.5693681Z   Built:            Tue Mar 25 15:07:16 2025
image	Run docker/setup-buildx-action@v3	2026-09-28T14:02:04.5694511Z   OS/Arch:          linux/amd64
image	Run docker/setup-buildx-action@v3	2026-09-28T14:02:04.5695264Z   Experimental:     false
image	Run docker/setup-buildx-action@v3	2026-09-28T14:02:04.5695933Z  containerd:
image	Run docker/setup-buildx-action@v3	2026-09-28T14:02:04.5696555Z   Version:          v2.3.5
image	Run docker/setup-buildx-action@v3	2026-09-28T14:02:04.5697468Z   GitCommit:        1294c24a7da8e5a793ed378161673abe94118892
image	Run docker/setup-buildx-action@v3	2026-09-28T14:02:04.5698578Z  runc:
image	Run docker/setup-buildx-action@v3	2026-09-28T14:02:04.5699203Z   Version:          1.5.1
image	Run docker/setup-buildx-action@v3	2026-09-28T14:02:04.5699907Z   GitCommit:        v1.5.1-0-g8f2685a4
image	Run docker/setup-buildx-action@v3	2026-09-28T14:02:04.5700645Z  docker-init:
image	Run docker/setup-buildx-action@v3	2026-09-28T14:02:04.5701282Z   Version:          0.19.0
image	Run docker/setup-buildx-action@v3	2026-09-28T14:02:04.5701987Z   GitCommit:        de40ad0
image	Run docker/setup-buildx-action@v3	2026-09-28T14:02:04.5729731Z [command]/usr/bin/docker info
image	Run docker/setup-buildx-action@v3	2026-09-28T14:02:06.8603704Z Client: Docker Engine - Community
image	Run docker/setup-buildx-action@v3	2026-09-28T14:02:06.8605743Z  Version:    28.0.4
image	Run docker/setup-buildx-action@v3	2026-09-28T14:02:06.8606123Z  Context:    default
image	Run docker/setup-buildx-action@v3	2026-09-28T14:02:06.8606483Z  Debug Mode: false
image	Run docker/setup-buildx-action@v3	2026-09-28T14:02:06.8606750Z  Plugins:
image	Run docker/setup-buildx-action@v3	2026-09-28T14:02:06.8607024Z   buildx: Docker Buildx (Docker Inc.)
image	Run docker/setup-buildx-action@v3	2026-09-28T14:02:06.8607476Z     Version:  v0.37.1
image	Run docker/setup-buildx-action@v3	2026-09-28T14:02:06.8607844Z     Path:     /usr/libexec/docker/cli-plugins/docker-buildx
image	Run docker/setup-buildx-action@v3	2026-09-28T14:02:06.8608236Z   compose: Docker Compose (Docker Inc.)
image	Run docker/setup-buildx-action@v3	2026-09-28T14:02:06.8608909Z     Version:  v2.38.2
image	Run docker/setup-buildx-action@v3	2026-09-28T14:02:06.8609242Z     Path:     /usr/libexec/docker/cli-plugins/docker-compose
image	Run docker/setup-buildx-action@v3	2026-09-28T14:02:06.8609566Z 
image	Run docker/setup-buildx-action@v3	2026-09-28T14:02:06.8609773Z Server:
image	Run docker/setup-buildx-action@v3	2026-09-28T14:02:06.8610060Z  Containers: 0
image	Run docker/setup-buildx-action@v3	2026-09-28T14:02:06.8610309Z   Running: 0
image	Run docker/setup-buildx-action@v3	2026-09-28T14:02:06.8610609Z   Paused: 0
image	Run docker/setup-buildx-action@v3	2026-09-28T14:02:06.8610921Z   Stopped: 0
image	Run docker/setup-buildx-action@v3	2026-09-28T14:02:06.8611250Z  Images: 6
image	Run docker/setup-buildx-action@v3	2026-09-28T14:02:06.8611492Z  Server Version: 28.0.4
image	Run docker/setup-buildx-action@v3	2026-09-28T14:02:06.8611773Z  Storage Driver: overlay2
image	Run docker/setup-buildx-action@v3	2026-09-28T14:02:06.8612162Z   Backing Filesystem: extfs
image	Run docker/setup-buildx-action@v3	2026-09-28T14:02:06.8613022Z   Supports d_type: true
image	Run docker/setup-buildx-action@v3	2026-09-28T14:02:06.8613465Z   Using metacopy: false
image	Run docker/setup-buildx-action@v3	2026-09-28T14:02:06.8613796Z   Native Overlay Diff: false
image	Run docker/setup-buildx-action@v3	2026-09-28T14:02:06.8614094Z   userxattr: false
image	Run docker/setup-buildx-action@v3	2026-09-28T14:02:06.8614466Z  Logging Driver: json-file
image	Run docker/setup-buildx-action@v3	2026-09-28T14:02:06.8614840Z  Cgroup Driver: systemd
image	Run docker/setup-buildx-action@v3	2026-09-28T14:02:06.8615118Z  Cgroup Version: 2
image	Run docker/setup-buildx-action@v3	2026-09-28T14:02:06.8615375Z  Plugins:
image	Run docker/setup-buildx-action@v3	2026-09-28T14:02:06.8615784Z   Volume: local
image	Run docker/setup-buildx-action@v3	2026-09-28T14:02:06.8616457Z   Network: bridge host ipvlan macvlan null overlay
image	Run docker/setup-buildx-action@v3	2026-09-28T14:02:06.8617151Z   Log: awslogs fluentd gcplogs gelf journald json-file local splunk syslog
image	Run docker/setup-buildx-action@v3	2026-09-28T14:02:06.8617943Z  Swarm: inactive
image	Run docker/setup-buildx-action@v3	2026-09-28T14:02:06.8618631Z  Runtimes: io.containerd.runc.v2 runc
image	Run docker/setup-buildx-action@v3	2026-09-28T14:02:06.8619224Z  Default Runtime: runc
image	Run docker/setup-buildx-action@v3	2026-09-28T14:02:06.8619714Z  Init Binary: docker-init
image	Run docker/setup-buildx-action@v3	2026-09-28T14:02:06.8620354Z  containerd version: 1294c24a7da8e5a793ed378161673abe94118892
image	Run docker/setup-buildx-action@v3	2026-09-28T14:02:06.8621096Z  runc version: v1.5.1-0-g8f2685a4
image	Run docker/setup-buildx-action@v3	2026-09-28T14:02:06.8621716Z  init version: de40ad0
image	Run docker/setup-buildx-action@v3	2026-09-28T14:02:06.8622204Z  Security Options:
image	Run docker/setup-buildx-action@v3	2026-09-28T14:02:06.8622637Z   apparmor
image	Run docker/setup-buildx-action@v3	2026-09-28T14:02:06.8623042Z   seccomp
image	Run docker/setup-buildx-action@v3	2026-09-28T14:02:06.8623409Z    Profile: builtin
image	Run docker/setup-buildx-action@v3	2026-09-28T14:02:06.8623798Z   cgroupns
image	Run docker/setup-buildx-action@v3	2026-09-28T14:02:06.8624219Z  Kernel Version: 6.17.0-1022-azure
image	Run docker/setup-buildx-action@v3	2026-09-28T14:02:06.8624776Z  Operating System: Ubuntu 24.04.5 LTS
image	Run docker/setup-buildx-action@v3	2026-09-28T14:02:06.8625325Z  OSType: linux
image	Run docker/setup-buildx-action@v3	2026-09-28T14:02:06.8625774Z  Architecture: x86_64
image	Run docker/setup-buildx-action@v3	2026-09-28T14:02:06.8626204Z  CPUs: 4
image	Run docker/setup-buildx-action@v3	2026-09-28T14:02:06.8626616Z  Total Memory: 15.62GiB
image	Run docker/setup-buildx-action@v3	2026-09-28T14:02:06.8627083Z  Name: runnervmtr4k5
image	Run docker/setup-buildx-action@v3	2026-09-28T14:02:06.8627650Z  ID: bab1ddb9-e66f-4080-9fbf-9a64e0823a66
image	Run docker/setup-buildx-action@v3	2026-09-28T14:02:06.8628642Z  Docker Root Dir: /var/lib/docker
image	Run docker/setup-buildx-action@v3	2026-09-28T14:02:06.8629232Z  Debug Mode: false
image	Run docker/setup-buildx-action@v3	2026-09-28T14:02:06.8629698Z  Username: githubactions
image	Run docker/setup-buildx-action@v3	2026-09-28T14:02:06.8630208Z  Experimental: false
image	Run docker/setup-buildx-action@v3	2026-09-28T14:02:06.8630690Z  Insecure Registries:
image	Run docker/setup-buildx-action@v3	2026-09-28T14:02:06.8635510Z   ::1/128
image	Run docker/setup-buildx-action@v3	2026-09-28T14:02:06.8636024Z   127.0.0.0/8
image	Run docker/setup-buildx-action@v3	2026-09-28T14:02:06.8636524Z  Live Restore Enabled: false
image	Run docker/setup-buildx-action@v3	2026-09-28T14:02:06.8636910Z 
image	Run docker/setup-buildx-action@v3	2026-09-28T14:02:06.8638231Z ##[endgroup]
image	Run docker/setup-buildx-action@v3	2026-09-28T14:02:06.9842310Z ##[group]Buildx version
image	Run docker/setup-buildx-action@v3	2026-09-28T14:02:06.9873168Z [command]/usr/bin/docker buildx version
image	Run docker/setup-buildx-action@v3	2026-09-28T14:02:07.0381979Z github.com/docker/buildx v0.37.1 0b265a9f62db554fa9aba6dd19e1bd5704bc7d8a
image	Run docker/setup-buildx-action@v3	2026-09-28T14:02:07.0412806Z ##[endgroup]
image	Run docker/setup-buildx-action@v3	2026-09-28T14:02:07.0557747Z ##[group]Inspecting default docker context
image	Run docker/setup-buildx-action@v3	2026-09-28T14:02:07.0698817Z [
image	Run docker/setup-buildx-action@v3	2026-09-28T14:02:07.0699303Z   {
image	Run docker/setup-buildx-action@v3	2026-09-28T14:02:07.0699687Z     "Name": "default",
image	Run docker/setup-buildx-action@v3	2026-09-28T14:02:07.0700028Z     "Metadata": {},
image	Run docker/setup-buildx-action@v3	2026-09-28T14:02:07.0700328Z     "Endpoints": {
image	Run docker/setup-buildx-action@v3	2026-09-28T14:02:07.0700619Z       "docker": {
image	Run docker/setup-buildx-action@v3	2026-09-28T14:02:07.0700919Z         "Host": "unix:///var/run/docker.sock",
image	Run docker/setup-buildx-action@v3	2026-09-28T14:02:07.0701270Z         "SkipTLSVerify": false
image	Run docker/setup-buildx-action@v3	2026-09-28T14:02:07.0701560Z       }
image	Run docker/setup-buildx-action@v3	2026-09-28T14:02:07.0701804Z     },
image	Run docker/setup-buildx-action@v3	2026-09-28T14:02:07.0702061Z     "TLSMaterial": {},
image	Run docker/setup-buildx-action@v3	2026-09-28T14:02:07.0702812Z     "Storage": {
image	Run docker/setup-buildx-action@v3	2026-09-28T14:02:07.0703199Z       "MetadataPath": "<IN MEMORY>",
image	Run docker/setup-buildx-action@v3	2026-09-28T14:02:07.0703777Z       "TLSPath": "<IN MEMORY>"
image	Run docker/setup-buildx-action@v3	2026-09-28T14:02:07.0704082Z     }
image	Run docker/setup-buildx-action@v3	2026-09-28T14:02:07.0704325Z   }
image	Run docker/setup-buildx-action@v3	2026-09-28T14:02:07.0704552Z ]
image	Run docker/setup-buildx-action@v3	2026-09-28T14:02:07.0705208Z ##[endgroup]
image	Run docker/setup-buildx-action@v3	2026-09-28T14:02:07.0705697Z ##[group]Creating a new builder instance
image	Run docker/setup-buildx-action@v3	2026-09-28T14:02:07.2113517Z [command]/usr/bin/docker buildx create --name builder-d1f861ec-44f9-4f42-bf41-73f7c7cd28b1 --driver docker-container --buildkitd-flags --allow-insecure-entitlement security.insecure --allow-insecure-entitlement network.host --use
image	Run docker/setup-buildx-action@v3	2026-09-28T14:02:07.3259501Z builder-d1f861ec-44f9-4f42-bf41-73f7c7cd28b1
image	Run docker/setup-buildx-action@v3	2026-09-28T14:02:07.3293815Z ##[endgroup]
image	Run docker/setup-buildx-action@v3	2026-09-28T14:02:07.3294886Z ##[group]Booting builder
image	Run docker/setup-buildx-action@v3	2026-09-28T14:02:07.3339345Z [command]/usr/bin/docker buildx inspect --bootstrap --builder builder-d1f861ec-44f9-4f42-bf41-73f7c7cd28b1
image	Run docker/setup-buildx-action@v3	2026-09-28T14:02:07.3918795Z #1 [internal] booting buildkit
image	Run docker/setup-buildx-action@v3	2026-09-28T14:02:07.5424366Z #1 pulling image moby/buildkit:buildx-stable-1
image	Run docker/setup-buildx-action@v3	2026-09-28T14:02:09.4082277Z #1 pulling image moby/buildkit:buildx-stable-1 2.0s done
image	Run docker/setup-buildx-action@v3	2026-09-28T14:02:09.5600146Z #1 creating container buildx_buildkit_builder-d1f861ec-44f9-4f42-bf41-73f7c7cd28b10
image	Run docker/setup-buildx-action@v3	2026-09-28T14:02:09.6976748Z #1 creating container buildx_buildkit_builder-d1f861ec-44f9-4f42-bf41-73f7c7cd28b10 0.3s done
image	Run docker/setup-buildx-action@v3	2026-09-28T14:02:09.7313736Z #1 DONE 2.3s
image	Run docker/setup-buildx-action@v3	2026-09-28T14:02:09.7668487Z Name:          builder-d1f861ec-44f9-4f42-bf41-73f7c7cd28b1
image	Run docker/setup-buildx-action@v3	2026-09-28T14:02:09.7669849Z Driver:        docker-container
image	Run docker/setup-buildx-action@v3	2026-09-28T14:02:09.7670467Z Last Activity: 2026-09-28 14:02:07 +0000 UTC
image	Run docker/setup-buildx-action@v3	2026-09-28T14:02:09.7670925Z 
image	Run docker/setup-buildx-action@v3	2026-09-28T14:02:09.7671123Z Nodes:
image	Run docker/setup-buildx-action@v3	2026-09-28T14:02:09.7671649Z Name:                  builder-d1f861ec-44f9-4f42-bf41-73f7c7cd28b10
image	Run docker/setup-buildx-action@v3	2026-09-28T14:02:09.7672302Z Endpoint:              unix:///var/run/docker.sock
image	Run docker/setup-buildx-action@v3	2026-09-28T14:02:09.7672641Z Status:                running
image	Run docker/setup-buildx-action@v3	2026-09-28T14:02:09.7673189Z BuildKit daemon flags: --allow-insecure-entitlement security.insecure --allow-insecure-entitlement network.host
image	Run docker/setup-buildx-action@v3	2026-09-28T14:02:09.7673749Z BuildKit version:      v0.32.2
image	Run docker/setup-buildx-action@v3	2026-09-28T14:02:09.7674102Z Platforms:             linux/amd64, linux/amd64/v2, linux/amd64/v3, linux/386
image	Run docker/setup-buildx-action@v3	2026-09-28T14:02:09.7674455Z Labels:
image	Run docker/setup-buildx-action@v3	2026-09-28T14:02:09.7674711Z  org.mobyproject.buildkit.worker.executor:         oci
image	Run docker/setup-buildx-action@v3	2026-09-28T14:02:09.7675122Z  org.mobyproject.buildkit.worker.hostname:         938e2b289b30
image	Run docker/setup-buildx-action@v3	2026-09-28T14:02:09.7675541Z  org.mobyproject.buildkit.worker.network:          host
image	Run docker/setup-buildx-action@v3	2026-09-28T14:02:09.7675940Z  org.mobyproject.buildkit.worker.oci.process-mode: sandbox
image	Run docker/setup-buildx-action@v3	2026-09-28T14:02:09.7676355Z  org.mobyproject.buildkit.worker.selinux.enabled:  false
image	Run docker/setup-buildx-action@v3	2026-09-28T14:02:09.7676766Z  org.mobyproject.buildkit.worker.snapshotter:      overlayfs
image	Run docker/setup-buildx-action@v3	2026-09-28T14:02:09.7677111Z GC Policy rule#0:
image	Run docker/setup-buildx-action@v3	2026-09-28T14:02:09.7677358Z  All:            false
image	Run docker/setup-buildx-action@v3	2026-09-28T14:02:09.7677698Z  Filters:        type==source.local type==exec.cachemount type==source.git.checkout
image	Run docker/setup-buildx-action@v3	2026-09-28T14:02:09.7678102Z  Keep Duration:  48h0m0s
image	Run docker/setup-buildx-action@v3	2026-09-28T14:02:09.7678575Z  Max Used Space: 488.3MiB
image	Run docker/setup-buildx-action@v3	2026-09-28T14:02:09.7678808Z GC Policy rule#1:
image	Run docker/setup-buildx-action@v3	2026-09-28T14:02:09.7679007Z  All:            false
image	Run docker/setup-buildx-action@v3	2026-09-28T14:02:09.7679216Z  Keep Duration:  1440h0m0s
image	Run docker/setup-buildx-action@v3	2026-09-28T14:02:09.7679444Z  Reserved Space: 9.313GiB
image	Run docker/setup-buildx-action@v3	2026-09-28T14:02:09.7679663Z  Max Used Space: 93.13GiB
image	Run docker/setup-buildx-action@v3	2026-09-28T14:02:09.7680119Z  Min Free Space: 27.01GiB
image	Run docker/setup-buildx-action@v3	2026-09-28T14:02:09.7680365Z GC Policy rule#2:
image	Run docker/setup-buildx-action@v3	2026-09-28T14:02:09.7680574Z  All:            false
image	Run docker/setup-buildx-action@v3	2026-09-28T14:02:09.7680776Z  Reserved Space: 9.313GiB
image	Run docker/setup-buildx-action@v3	2026-09-28T14:02:09.7680990Z  Max Used Space: 93.13GiB
image	Run docker/setup-buildx-action@v3	2026-09-28T14:02:09.7681203Z  Min Free Space: 27.01GiB
image	Run docker/setup-buildx-action@v3	2026-09-28T14:02:09.7681413Z GC Policy rule#3:
image	Run docker/setup-buildx-action@v3	2026-09-28T14:02:09.7681601Z  All:            true
image	Run docker/setup-buildx-action@v3	2026-09-28T14:02:09.7681809Z  Reserved Space: 9.313GiB
image	Run docker/setup-buildx-action@v3	2026-09-28T14:02:09.7682021Z  Max Used Space: 93.13GiB
image	Run docker/setup-buildx-action@v3	2026-09-28T14:02:09.7682238Z  Min Free Space: 27.01GiB
image	Run docker/setup-buildx-action@v3	2026-09-28T14:02:09.7717910Z ##[endgroup]
image	Run docker/setup-buildx-action@v3	2026-09-28T14:02:09.8629303Z ##[group]Inspect builder
image	Run docker/setup-buildx-action@v3	2026-09-28T14:02:09.8629831Z {
image	Run docker/setup-buildx-action@v3	2026-09-28T14:02:09.8630431Z   "nodes": [
image	Run docker/setup-buildx-action@v3	2026-09-28T14:02:09.8630772Z     {
image	Run docker/setup-buildx-action@v3	2026-09-28T14:02:09.8631165Z       "name": "builder-d1f861ec-44f9-4f42-bf41-73f7c7cd28b10",
image	Run docker/setup-buildx-action@v3	2026-09-28T14:02:09.8631731Z       "endpoint": "unix:///var/run/docker.sock",
image	Run docker/setup-buildx-action@v3	2026-09-28T14:02:09.8632199Z       "status": "running",
image	Run docker/setup-buildx-action@v3	2026-09-28T14:02:09.8633049Z       "buildkitd-flags": "--allow-insecure-entitlement security.insecure --allow-insecure-entitlement network.host",
image	Run docker/setup-buildx-action@v3	2026-09-28T14:02:09.8633966Z       "buildkit": "v0.32.2",
image	Run docker/setup-buildx-action@v3	2026-09-28T14:02:09.8634504Z       "platforms": "linux/amd64,linux/amd64/v2,linux/amd64/v3,linux/386",
image	Run docker/setup-buildx-action@v3	2026-09-28T14:02:09.8635076Z       "features": {
image	Run docker/setup-buildx-action@v3	2026-09-28T14:02:09.8635574Z         "Automatically load images to the Docker Engine image store": true,
image	Run docker/setup-buildx-action@v3	2026-09-28T14:02:09.8636184Z         "Cache export": true,
image	Run docker/setup-buildx-action@v3	2026-09-28T14:02:09.8636630Z         "Direct push": true,
image	Run docker/setup-buildx-action@v3	2026-09-28T14:02:09.8637088Z         "Docker exporter": true,
image	Run docker/setup-buildx-action@v3	2026-09-28T14:02:09.8639308Z         "Multi-platform build": true,
image	Run docker/setup-buildx-action@v3	2026-09-28T14:02:09.8640167Z         "OCI exporter": true
image	Run docker/setup-buildx-action@v3	2026-09-28T14:02:09.8640598Z       },
image	Run docker/setup-buildx-action@v3	2026-09-28T14:02:09.8640937Z       "labels": {
image	Run docker/setup-buildx-action@v3	2026-09-28T14:02:09.8641440Z         "org.mobyproject.buildkit.worker.executor": "oci",
image	Run docker/setup-buildx-action@v3	2026-09-28T14:02:09.8642188Z         "org.mobyproject.buildkit.worker.hostname": "938e2b289b30",
image	Run docker/setup-buildx-action@v3	2026-09-28T14:02:09.8642951Z         "org.mobyproject.buildkit.worker.network": "host",
image	Run docker/setup-buildx-action@v3	2026-09-28T14:02:09.8644197Z         "org.mobyproject.buildkit.worker.oci.process-mode": "sandbox",
image	Run docker/setup-buildx-action@v3	2026-09-28T14:02:09.8645009Z         "org.mobyproject.buildkit.worker.selinux.enabled": "false",
image	Run docker/setup-buildx-action@v3	2026-09-28T14:02:09.8645747Z         "org.mobyproject.buildkit.worker.snapshotter": "overlayfs"
image	Run docker/setup-buildx-action@v3	2026-09-28T14:02:09.8646366Z       },
image	Run docker/setup-buildx-action@v3	2026-09-28T14:02:09.8646647Z       "gcPolicy": [
image	Run docker/setup-buildx-action@v3	2026-09-28T14:02:09.8647006Z         {
image	Run docker/setup-buildx-action@v3	2026-09-28T14:02:09.8647306Z           "all": false,
image	Run docker/setup-buildx-action@v3	2026-09-28T14:02:09.8647694Z           "filter": [
image	Run docker/setup-buildx-action@v3	2026-09-28T14:02:09.8648217Z             "type==source.local type==exec.cachemount type==source.git.checkout"
image	Run docker/setup-buildx-action@v3	2026-09-28T14:02:09.8649158Z           ],
image	Run docker/setup-buildx-action@v3	2026-09-28T14:02:09.8649537Z           "keepDuration": "48h0m0s",
image	Run docker/setup-buildx-action@v3	2026-09-28T14:02:09.8649949Z           "maxUsedSpace": "488.3MiB"
image	Run docker/setup-buildx-action@v3	2026-09-28T14:02:09.8650312Z         },
image	Run docker/setup-buildx-action@v3	2026-09-28T14:02:09.8650571Z         {
image	Run docker/setup-buildx-action@v3	2026-09-28T14:02:09.8650837Z           "all": false,
image	Run docker/setup-buildx-action@v3	2026-09-28T14:02:09.8651180Z           "keepDuration": "1440h0m0s",
image	Run docker/setup-buildx-action@v3	2026-09-28T14:02:09.8651666Z           "reservedSpace": "9.313GiB",
image	Run docker/setup-buildx-action@v3	2026-09-28T14:02:09.8652207Z           "maxUsedSpace": "93.13GiB",
image	Run docker/setup-buildx-action@v3	2026-09-28T14:02:09.8652663Z           "minFreeSpace": "27.01GiB"
image	Run docker/setup-buildx-action@v3	2026-09-28T14:02:09.8653037Z         },
image	Run docker/setup-buildx-action@v3	2026-09-28T14:02:09.8653307Z         {
image	Run docker/setup-buildx-action@v3	2026-09-28T14:02:09.8653581Z           "all": false,
image	Run docker/setup-buildx-action@v3	2026-09-28T14:02:09.8653925Z           "reservedSpace": "9.313GiB",
image	Run docker/setup-buildx-action@v3	2026-09-28T14:02:09.8654419Z           "maxUsedSpace": "93.13GiB",
image	Run docker/setup-buildx-action@v3	2026-09-28T14:02:09.8654901Z           "minFreeSpace": "27.01GiB"
image	Run docker/setup-buildx-action@v3	2026-09-28T14:02:09.8655370Z         },
image	Run docker/setup-buildx-action@v3	2026-09-28T14:02:09.8655699Z         {
image	Run docker/setup-buildx-action@v3	2026-09-28T14:02:09.8656029Z           "all": true,
image	Run docker/setup-buildx-action@v3	2026-09-28T14:02:09.8656424Z           "reservedSpace": "9.313GiB",
image	Run docker/setup-buildx-action@v3	2026-09-28T14:02:09.8656859Z           "maxUsedSpace": "93.13GiB",
image	Run docker/setup-buildx-action@v3	2026-09-28T14:02:09.8657313Z           "minFreeSpace": "27.01GiB"
image	Run docker/setup-buildx-action@v3	2026-09-28T14:02:09.8657741Z         }
image	Run docker/setup-buildx-action@v3	2026-09-28T14:02:09.8658049Z       ]
image	Run docker/setup-buildx-action@v3	2026-09-28T14:02:09.8658670Z     }
image	Run docker/setup-buildx-action@v3	2026-09-28T14:02:09.8658968Z   ],
image	Run docker/setup-buildx-action@v3	2026-09-28T14:02:09.8659431Z   "name": "builder-d1f861ec-44f9-4f42-bf41-73f7c7cd28b1",
image	Run docker/setup-buildx-action@v3	2026-09-28T14:02:09.8660067Z   "driver": "docker-container",
image	Run docker/setup-buildx-action@v3	2026-09-28T14:02:09.8660573Z   "lastActivity": "2026-09-28T14:02:07.000Z"
image	Run docker/setup-buildx-action@v3	2026-09-28T14:02:09.8661042Z }
image	Run docker/setup-buildx-action@v3	2026-09-28T14:02:09.8661649Z ##[endgroup]
image	Run docker/setup-buildx-action@v3	2026-09-28T14:02:09.8662356Z ##[group]BuildKit version
image	Run docker/setup-buildx-action@v3	2026-09-28T14:02:09.8662946Z builder-d1f861ec-44f9-4f42-bf41-73f7c7cd28b10: v0.32.2
image	Run docker/setup-buildx-action@v3	2026-09-28T14:02:09.8663820Z ##[endgroup]
image	Construir imagem (também em pull requests)	﻿2026-09-28T14:02:09.8907990Z ##[group]Run docker/build-push-action@v6
image	Construir imagem (também em pull requests)	2026-09-28T14:02:09.8908594Z with:
image	Construir imagem (também em pull requests)	2026-09-28T14:02:09.8908858Z   context: .
image	Construir imagem (também em pull requests)	2026-09-28T14:02:09.8909056Z   load: true
image	Construir imagem (também em pull requests)	2026-09-28T14:02:09.8909242Z   push: false
image	Construir imagem (também em pull requests)	2026-09-28T14:02:09.8909600Z   tags: ghcr.io/kalicon/ecohospital-esg-cicd:6159371fb0a1a30fea8be03a87b404817cac85da
image	Construir imagem (também em pull requests)	2026-09-28T14:02:09.8910110Z   build-args: APP_VERSION=6159371fb0a1a30fea8be03a87b404817cac85da
image	Construir imagem (também em pull requests)	2026-09-28T14:02:09.8910469Z   cache-from: type=gha
image	Construir imagem (também em pull requests)	2026-09-28T14:02:09.8910710Z   cache-to: type=gha,mode=max
image	Construir imagem (também em pull requests)	2026-09-28T14:02:09.8910950Z   no-cache: false
image	Construir imagem (também em pull requests)	2026-09-28T14:02:09.8911154Z   pull: false
image	Construir imagem (também em pull requests)	2026-09-28T14:02:09.8913573Z   github-token: ***
image	Construir imagem (também em pull requests)	2026-09-28T14:02:09.8913787Z env:
image	Construir imagem (também em pull requests)	2026-09-28T14:02:09.8914127Z   IMAGE: ghcr.io/kalicon/ecohospital-esg-cicd:6159371fb0a1a30fea8be03a87b404817cac85da
image	Construir imagem (também em pull requests)	2026-09-28T14:02:09.8914555Z ##[endgroup]
image	Construir imagem (também em pull requests)	2026-09-28T14:02:10.1353970Z (node:2820) [DEP0040] DeprecationWarning: The `punycode` module is deprecated. Please use a userland alternative instead.
image	Construir imagem (também em pull requests)	2026-09-28T14:02:10.1355332Z (Use `node --trace-deprecation ...` to show where the warning was created)
image	Construir imagem (também em pull requests)	2026-09-28T14:02:10.1376573Z ##[group]GitHub Actions runtime token ACs
image	Construir imagem (também em pull requests)	2026-09-28T14:02:10.1385986Z refs/heads/main: read/write
image	Construir imagem (também em pull requests)	2026-09-28T14:02:10.1386791Z ##[endgroup]
image	Construir imagem (também em pull requests)	2026-09-28T14:02:10.1387638Z ##[group]Docker info
image	Construir imagem (também em pull requests)	2026-09-28T14:02:10.1438836Z [command]/usr/bin/docker version
image	Construir imagem (também em pull requests)	2026-09-28T14:02:10.1657914Z Client: Docker Engine - Community
image	Construir imagem (também em pull requests)	2026-09-28T14:02:10.1679347Z  Version:           28.0.4
image	Construir imagem (também em pull requests)	2026-09-28T14:02:10.1680056Z  API version:       1.48
image	Construir imagem (também em pull requests)	2026-09-28T14:02:10.1680959Z  Go version:        go1.23.7
image	Construir imagem (também em pull requests)	2026-09-28T14:02:10.1681619Z  Git commit:        b8034c0
image	Construir imagem (também em pull requests)	2026-09-28T14:02:10.1682246Z  Built:             Tue Mar 25 15:07:16 2025
image	Construir imagem (também em pull requests)	2026-09-28T14:02:10.1682973Z  OS/Arch:           linux/amd64
image	Construir imagem (também em pull requests)	2026-09-28T14:02:10.1683625Z  Context:           default
image	Construir imagem (também em pull requests)	2026-09-28T14:02:10.1684109Z 
image	Construir imagem (também em pull requests)	2026-09-28T14:02:10.1684484Z Server: Docker Engine - Community
image	Construir imagem (também em pull requests)	2026-09-28T14:02:10.1685148Z  Engine:
image	Construir imagem (também em pull requests)	2026-09-28T14:02:10.1685702Z   Version:          28.0.4
image	Construir imagem (também em pull requests)	2026-09-28T14:02:10.1686432Z   API version:      1.48 (minimum version 1.24)
image	Construir imagem (também em pull requests)	2026-09-28T14:02:10.1687201Z   Go version:       go1.23.7
image	Construir imagem (também em pull requests)	2026-09-28T14:02:10.1687844Z   Git commit:       6430e49
image	Construir imagem (também em pull requests)	2026-09-28T14:02:10.1688750Z   Built:            Tue Mar 25 15:07:16 2025
image	Construir imagem (também em pull requests)	2026-09-28T14:02:10.1689497Z   OS/Arch:          linux/amd64
image	Construir imagem (também em pull requests)	2026-09-28T14:02:10.1690321Z   Experimental:     false
image	Construir imagem (também em pull requests)	2026-09-28T14:02:10.1690934Z  containerd:
image	Construir imagem (também em pull requests)	2026-09-28T14:02:10.1691507Z   Version:          v2.3.5
image	Construir imagem (também em pull requests)	2026-09-28T14:02:10.1692239Z   GitCommit:        1294c24a7da8e5a793ed378161673abe94118892
image	Construir imagem (também em pull requests)	2026-09-28T14:02:10.1692957Z  runc:
image	Construir imagem (também em pull requests)	2026-09-28T14:02:10.1693450Z   Version:          1.5.1
image	Construir imagem (também em pull requests)	2026-09-28T14:02:10.1694007Z   GitCommit:        v1.5.1-0-g8f2685a4
image	Construir imagem (também em pull requests)	2026-09-28T14:02:10.1694609Z  docker-init:
image	Construir imagem (também em pull requests)	2026-09-28T14:02:10.1695098Z   Version:          0.19.0
image	Construir imagem (também em pull requests)	2026-09-28T14:02:10.1695651Z   GitCommit:        de40ad0
image	Construir imagem (também em pull requests)	2026-09-28T14:02:10.1719011Z [command]/usr/bin/docker info
image	Construir imagem (também em pull requests)	2026-09-28T14:02:10.2467697Z Client: Docker Engine - Community
image	Construir imagem (também em pull requests)	2026-09-28T14:02:10.2489356Z  Version:    28.0.4
image	Construir imagem (também em pull requests)	2026-09-28T14:02:10.2518994Z  Context:    default
image	Construir imagem (também em pull requests)	2026-09-28T14:02:10.2519668Z  Debug Mode: false
image	Construir imagem (também em pull requests)	2026-09-28T14:02:10.2520069Z  Plugins:
image	Construir imagem (também em pull requests)	2026-09-28T14:02:10.2520433Z   buildx: Docker Buildx (Docker Inc.)
image	Construir imagem (também em pull requests)	2026-09-28T14:02:10.2520930Z     Version:  v0.37.1
image	Construir imagem (também em pull requests)	2026-09-28T14:02:10.2521478Z     Path:     /usr/libexec/docker/cli-plugins/docker-buildx
image	Construir imagem (também em pull requests)	2026-09-28T14:02:10.2522106Z   compose: Docker Compose (Docker Inc.)
image	Construir imagem (também em pull requests)	2026-09-28T14:02:10.2522575Z     Version:  v2.38.2
image	Construir imagem (também em pull requests)	2026-09-28T14:02:10.2523064Z     Path:     /usr/libexec/docker/cli-plugins/docker-compose
image	Construir imagem (também em pull requests)	2026-09-28T14:02:10.2523496Z 
image	Construir imagem (também em pull requests)	2026-09-28T14:02:10.2523630Z Server:
image	Construir imagem (também em pull requests)	2026-09-28T14:02:10.2524004Z  Containers: 1
image	Construir imagem (também em pull requests)	2026-09-28T14:02:10.2524360Z   Running: 1
image	Construir imagem (também em pull requests)	2026-09-28T14:02:10.2524700Z   Paused: 0
image	Construir imagem (também em pull requests)	2026-09-28T14:02:10.2525030Z   Stopped: 0
image	Construir imagem (também em pull requests)	2026-09-28T14:02:10.2525365Z  Images: 7
image	Construir imagem (também em pull requests)	2026-09-28T14:02:10.2525706Z  Server Version: 28.0.4
image	Construir imagem (também em pull requests)	2026-09-28T14:02:10.2526111Z  Storage Driver: overlay2
image	Construir imagem (também em pull requests)	2026-09-28T14:02:10.2526532Z   Backing Filesystem: extfs
image	Construir imagem (também em pull requests)	2026-09-28T14:02:10.2527506Z   Supports d_type: true
image	Construir imagem (também em pull requests)	2026-09-28T14:02:10.2527912Z   Using metacopy: false
image	Construir imagem (também em pull requests)	2026-09-28T14:02:10.2528569Z   Native Overlay Diff: false
image	Construir imagem (também em pull requests)	2026-09-28T14:02:10.2529210Z   userxattr: false
image	Construir imagem (também em pull requests)	2026-09-28T14:02:10.2529602Z  Logging Driver: json-file
image	Construir imagem (também em pull requests)	2026-09-28T14:02:10.2530008Z  Cgroup Driver: systemd
image	Construir imagem (também em pull requests)	2026-09-28T14:02:10.2530399Z  Cgroup Version: 2
image	Construir imagem (também em pull requests)	2026-09-28T14:02:10.2530746Z  Plugins:
image	Construir imagem (também em pull requests)	2026-09-28T14:02:10.2531059Z   Volume: local
image	Construir imagem (também em pull requests)	2026-09-28T14:02:10.2531495Z   Network: bridge host ipvlan macvlan null overlay
image	Construir imagem (também em pull requests)	2026-09-28T14:02:10.2532223Z   Log: awslogs fluentd gcplogs gelf journald json-file local splunk syslog
image	Construir imagem (também em pull requests)	2026-09-28T14:02:10.2532890Z  Swarm: inactive
image	Construir imagem (também em pull requests)	2026-09-28T14:02:10.2533282Z  Runtimes: io.containerd.runc.v2 runc
image	Construir imagem (também em pull requests)	2026-09-28T14:02:10.2533758Z  Default Runtime: runc
image	Construir imagem (também em pull requests)	2026-09-28T14:02:10.2534242Z  Init Binary: docker-init
image	Construir imagem (também em pull requests)	2026-09-28T14:02:10.2549059Z  containerd version: 1294c24a7da8e5a793ed378161673abe94118892
image	Construir imagem (também em pull requests)	2026-09-28T14:02:10.2550323Z  runc version: v1.5.1-0-g8f2685a4
image	Construir imagem (também em pull requests)	2026-09-28T14:02:10.2552450Z  init version: de40ad0
image	Construir imagem (também em pull requests)	2026-09-28T14:02:10.2552919Z  Security Options:
image	Construir imagem (também em pull requests)	2026-09-28T14:02:10.2553593Z   apparmor
image	Construir imagem (também em pull requests)	2026-09-28T14:02:10.2553924Z   seccomp
image	Construir imagem (também em pull requests)	2026-09-28T14:02:10.2554262Z    Profile: builtin
image	Construir imagem (também em pull requests)	2026-09-28T14:02:10.2554631Z   cgroupns
image	Construir imagem (também em pull requests)	2026-09-28T14:02:10.2555001Z  Kernel Version: 6.17.0-1022-azure
image	Construir imagem (também em pull requests)	2026-09-28T14:02:10.2555490Z  Operating System: Ubuntu 24.04.5 LTS
image	Construir imagem (também em pull requests)	2026-09-28T14:02:10.2555952Z  OSType: linux
image	Construir imagem (também em pull requests)	2026-09-28T14:02:10.2556307Z  Architecture: x86_64
image	Construir imagem (também em pull requests)	2026-09-28T14:02:10.2556674Z  CPUs: 4
image	Construir imagem (também em pull requests)	2026-09-28T14:02:10.2557006Z  Total Memory: 15.62GiB
image	Construir imagem (também em pull requests)	2026-09-28T14:02:10.2557398Z  Name: runnervmtr4k5
image	Construir imagem (também em pull requests)	2026-09-28T14:02:10.2557801Z  ID: bab1ddb9-e66f-4080-9fbf-9a64e0823a66
image	Construir imagem (também em pull requests)	2026-09-28T14:02:10.2558577Z  Docker Root Dir: /var/lib/docker
image	Construir imagem (também em pull requests)	2026-09-28T14:02:10.2569247Z  Debug Mode: false
image	Construir imagem (também em pull requests)	2026-09-28T14:02:10.2578939Z  Username: githubactions
image	Construir imagem (também em pull requests)	2026-09-28T14:02:10.2579923Z  Experimental: false
image	Construir imagem (também em pull requests)	2026-09-28T14:02:10.2638865Z  Insecure Registries:
image	Construir imagem (também em pull requests)	2026-09-28T14:02:10.2639592Z   ::1/128
image	Construir imagem (também em pull requests)	2026-09-28T14:02:10.2640389Z   127.0.0.0/8
image	Construir imagem (também em pull requests)	2026-09-28T14:02:10.2640872Z  Live Restore Enabled: false
image	Construir imagem (também em pull requests)	2026-09-28T14:02:10.2641205Z 
image	Construir imagem (também em pull requests)	2026-09-28T14:02:10.2641748Z ##[endgroup]
image	Construir imagem (também em pull requests)	2026-09-28T14:02:10.2642419Z ##[group]Proxy configuration
image	Construir imagem (também em pull requests)	2026-09-28T14:02:10.2642865Z No proxy configuration found
image	Construir imagem (também em pull requests)	2026-09-28T14:02:10.2643511Z ##[endgroup]
image	Construir imagem (também em pull requests)	2026-09-28T14:02:10.3179636Z ##[group]Buildx version
image	Construir imagem (também em pull requests)	2026-09-28T14:02:10.3210785Z [command]/usr/bin/docker buildx version
image	Construir imagem (também em pull requests)	2026-09-28T14:02:10.3661641Z github.com/docker/buildx v0.37.1 0b265a9f62db554fa9aba6dd19e1bd5704bc7d8a
image	Construir imagem (também em pull requests)	2026-09-28T14:02:10.3691777Z ##[endgroup]
image	Construir imagem (também em pull requests)	2026-09-28T14:02:10.3692351Z ##[group]Builder info
image	Construir imagem (também em pull requests)	2026-09-28T14:02:10.4580461Z {
image	Construir imagem (também em pull requests)	2026-09-28T14:02:10.4580878Z   "nodes": [
image	Construir imagem (também em pull requests)	2026-09-28T14:02:10.4581209Z     {
image	Construir imagem (também em pull requests)	2026-09-28T14:02:10.4581661Z       "name": "builder-d1f861ec-44f9-4f42-bf41-73f7c7cd28b10",
image	Construir imagem (também em pull requests)	2026-09-28T14:02:10.4582288Z       "endpoint": "unix:///var/run/docker.sock",
image	Construir imagem (também em pull requests)	2026-09-28T14:02:10.4582811Z       "status": "running",
image	Construir imagem (também em pull requests)	2026-09-28T14:02:10.4583670Z       "buildkitd-flags": "--allow-insecure-entitlement security.insecure --allow-insecure-entitlement network.host",
image	Construir imagem (também em pull requests)	2026-09-28T14:02:10.4584648Z       "buildkit": "v0.32.2",
image	Construir imagem (também em pull requests)	2026-09-28T14:02:10.4585200Z       "platforms": "linux/amd64,linux/amd64/v2,linux/amd64/v3,linux/386",
image	Construir imagem (também em pull requests)	2026-09-28T14:02:10.4585874Z       "features": {
image	Construir imagem (também em pull requests)	2026-09-28T14:02:10.4586397Z         "Automatically load images to the Docker Engine image store": true,
image	Construir imagem (também em pull requests)	2026-09-28T14:02:10.4586796Z         "Cache export": true,
image	Construir imagem (também em pull requests)	2026-09-28T14:02:10.4587043Z         "Direct push": true,
image	Construir imagem (também em pull requests)	2026-09-28T14:02:10.4587306Z         "Docker exporter": true,
image	Construir imagem (também em pull requests)	2026-09-28T14:02:10.4587564Z         "Multi-platform build": true,
image	Construir imagem (também em pull requests)	2026-09-28T14:02:10.4587828Z         "OCI exporter": true
image	Construir imagem (também em pull requests)	2026-09-28T14:02:10.4588048Z       },
image	Construir imagem (também em pull requests)	2026-09-28T14:02:10.4588227Z       "labels": {
image	Construir imagem (também em pull requests)	2026-09-28T14:02:10.4588695Z         "org.mobyproject.buildkit.worker.executor": "oci",
image	Construir imagem (também em pull requests)	2026-09-28T14:02:10.4589110Z         "org.mobyproject.buildkit.worker.hostname": "938e2b289b30",
image	Construir imagem (também em pull requests)	2026-09-28T14:02:10.4589509Z         "org.mobyproject.buildkit.worker.network": "host",
image	Construir imagem (também em pull requests)	2026-09-28T14:02:10.4590228Z         "org.mobyproject.buildkit.worker.oci.process-mode": "sandbox",
image	Construir imagem (também em pull requests)	2026-09-28T14:02:10.4590702Z         "org.mobyproject.buildkit.worker.selinux.enabled": "false",
image	Construir imagem (também em pull requests)	2026-09-28T14:02:10.4591158Z         "org.mobyproject.buildkit.worker.snapshotter": "overlayfs"
image	Construir imagem (também em pull requests)	2026-09-28T14:02:10.4591489Z       },
image	Construir imagem (também em pull requests)	2026-09-28T14:02:10.4591679Z       "gcPolicy": [
image	Construir imagem (também em pull requests)	2026-09-28T14:02:10.4591875Z         {
image	Construir imagem (também em pull requests)	2026-09-28T14:02:10.4592057Z           "all": false,
image	Construir imagem (também em pull requests)	2026-09-28T14:02:10.4592264Z           "filter": [
image	Construir imagem (também em pull requests)	2026-09-28T14:02:10.4592585Z             "type==source.local type==exec.cachemount type==source.git.checkout"
image	Construir imagem (também em pull requests)	2026-09-28T14:02:10.4592991Z           ],
image	Construir imagem (também em pull requests)	2026-09-28T14:02:10.4593193Z           "keepDuration": "48h0m0s",
image	Construir imagem (também em pull requests)	2026-09-28T14:02:10.4593456Z           "maxUsedSpace": "488.3MiB"
image	Construir imagem (também em pull requests)	2026-09-28T14:02:10.4593688Z         },
image	Construir imagem (também em pull requests)	2026-09-28T14:02:10.4593860Z         {
image	Construir imagem (também em pull requests)	2026-09-28T14:02:10.4594055Z           "all": false,
image	Construir imagem (também em pull requests)	2026-09-28T14:02:10.4594273Z           "keepDuration": "1440h0m0s",
image	Construir imagem (também em pull requests)	2026-09-28T14:02:10.4594555Z           "reservedSpace": "9.313GiB",
image	Construir imagem (também em pull requests)	2026-09-28T14:02:10.4594957Z           "maxUsedSpace": "93.13GiB",
image	Construir imagem (também em pull requests)	2026-09-28T14:02:10.4595210Z           "minFreeSpace": "27.01GiB"
image	Construir imagem (também em pull requests)	2026-09-28T14:02:10.4595455Z         },
image	Construir imagem (também em pull requests)	2026-09-28T14:02:10.4595628Z         {
image	Construir imagem (também em pull requests)	2026-09-28T14:02:10.4595811Z           "all": false,
image	Construir imagem (também em pull requests)	2026-09-28T14:02:10.4596025Z           "reservedSpace": "9.313GiB",
image	Construir imagem (também em pull requests)	2026-09-28T14:02:10.4596276Z           "maxUsedSpace": "93.13GiB",
image	Construir imagem (também em pull requests)	2026-09-28T14:02:10.4596541Z           "minFreeSpace": "27.01GiB"
image	Construir imagem (também em pull requests)	2026-09-28T14:02:10.4596792Z         },
image	Construir imagem (também em pull requests)	2026-09-28T14:02:10.4596965Z         {
image	Construir imagem (também em pull requests)	2026-09-28T14:02:10.4597139Z           "all": true,
image	Construir imagem (também em pull requests)	2026-09-28T14:02:10.4597359Z           "reservedSpace": "9.313GiB",
image	Construir imagem (também em pull requests)	2026-09-28T14:02:10.4597650Z           "maxUsedSpace": "93.13GiB",
image	Construir imagem (também em pull requests)	2026-09-28T14:02:10.4597898Z           "minFreeSpace": "27.01GiB"
image	Construir imagem (também em pull requests)	2026-09-28T14:02:10.4598130Z         }
image	Construir imagem (também em pull requests)	2026-09-28T14:02:10.4598753Z       ]
image	Construir imagem (também em pull requests)	2026-09-28T14:02:10.4598932Z     }
image	Construir imagem (também em pull requests)	2026-09-28T14:02:10.4599108Z   ],
image	Construir imagem (também em pull requests)	2026-09-28T14:02:10.4599344Z   "name": "builder-d1f861ec-44f9-4f42-bf41-73f7c7cd28b1",
image	Construir imagem (também em pull requests)	2026-09-28T14:02:10.4599684Z   "driver": "docker-container",
image	Construir imagem (também em pull requests)	2026-09-28T14:02:10.4599946Z   "lastActivity": "2026-09-28T14:02:07.000Z"
image	Construir imagem (também em pull requests)	2026-09-28T14:02:10.4600222Z }
image	Construir imagem (também em pull requests)	2026-09-28T14:02:10.4600704Z ##[endgroup]
image	Construir imagem (também em pull requests)	2026-09-28T14:02:10.6294534Z [command]/usr/bin/docker buildx build --build-arg APP_VERSION=6159371fb0a1a30fea8be03a87b404817cac85da --cache-from type=gha --cache-to type=gha,mode=max --iidfile /home/runner/work/_temp/docker-actions-toolkit-1qZDsu/build-iidfile-31ddfa42b3.txt --tag ghcr.io/kalicon/ecohospital-esg-cicd:6159371fb0a1a30fea8be03a87b404817cac85da --load --metadata-file /home/runner/work/_temp/docker-actions-toolkit-1qZDsu/build-metadata-b903dd88c9.json .
image	Construir imagem (também em pull requests)	2026-09-28T14:02:10.7676712Z #0 building with "builder-d1f861ec-44f9-4f42-bf41-73f7c7cd28b1" instance using docker-container driver
image	Construir imagem (também em pull requests)	2026-09-28T14:02:10.7677440Z 
image	Construir imagem (também em pull requests)	2026-09-28T14:02:10.7677677Z #1 [internal] load build definition from Dockerfile
image	Construir imagem (também em pull requests)	2026-09-28T14:02:10.7678171Z #1 DONE 0.0s
image	Construir imagem (também em pull requests)	2026-09-28T14:02:10.9729333Z 
image	Construir imagem (também em pull requests)	2026-09-28T14:02:10.9729872Z #1 [internal] load build definition from Dockerfile
image	Construir imagem (também em pull requests)	2026-09-28T14:02:10.9730711Z #1 transferring dockerfile: 1.03kB 0.0s done
image	Construir imagem (também em pull requests)	2026-09-28T14:02:10.9731341Z #1 DONE 0.0s
image	Construir imagem (também em pull requests)	2026-09-28T14:02:10.9731562Z 
image	Construir imagem (também em pull requests)	2026-09-28T14:02:10.9731817Z #2 [auth] docker/dockerfile:pull token for registry-1.docker.io
image	Construir imagem (também em pull requests)	2026-09-28T14:02:10.9732265Z #2 DONE 0.0s
image	Construir imagem (também em pull requests)	2026-09-28T14:02:10.9732404Z 
image	Construir imagem (também em pull requests)	2026-09-28T14:02:10.9732629Z #3 resolve image config for docker-image://docker.io/docker/dockerfile:1
image	Construir imagem (também em pull requests)	2026-09-28T14:02:11.2079053Z #3 DONE 0.4s
image	Construir imagem (também em pull requests)	2026-09-28T14:02:11.3087714Z 
image	Construir imagem (também em pull requests)	2026-09-28T14:02:11.3089641Z #4 docker-image://docker.io/docker/dockerfile:1@sha256:ecfaec9ed6d810b56388c508f4121597bfbba70d41a6dfeee4d8cad5f295fc32
image	Construir imagem (também em pull requests)	2026-09-28T14:02:11.3091519Z #4 resolve docker.io/docker/dockerfile:1@sha256:ecfaec9ed6d810b56388c508f4121597bfbba70d41a6dfeee4d8cad5f295fc32 done
image	Construir imagem (também em pull requests)	2026-09-28T14:02:11.3092321Z #4 sha256:9f624ef51ad55db0ea52d755cc777566386156106fbb4f465eecb22c67ac55ed 14.14MB / 14.14MB 0.1s done
image	Construir imagem (também em pull requests)	2026-09-28T14:02:11.3093181Z #4 extracting sha256:9f624ef51ad55db0ea52d755cc777566386156106fbb4f465eecb22c67ac55ed
image	Construir imagem (também em pull requests)	2026-09-28T14:02:11.4191828Z #4 extracting sha256:9f624ef51ad55db0ea52d755cc777566386156106fbb4f465eecb22c67ac55ed 0.1s done
image	Construir imagem (também em pull requests)	2026-09-28T14:02:11.4193033Z #4 DONE 0.2s
image	Construir imagem (também em pull requests)	2026-09-28T14:02:11.6344739Z 
image	Construir imagem (também em pull requests)	2026-09-28T14:02:11.6345451Z #5 [auth] library/eclipse-temurin:pull token for registry-1.docker.io
image	Construir imagem (também em pull requests)	2026-09-28T14:02:11.6345893Z #5 DONE 0.0s
image	Construir imagem (também em pull requests)	2026-09-28T14:02:11.6346023Z 
image	Construir imagem (também em pull requests)	2026-09-28T14:02:11.6346185Z #6 [auth] library/maven:pull token for registry-1.docker.io
image	Construir imagem (também em pull requests)	2026-09-28T14:02:11.6346523Z #6 DONE 0.0s
image	Construir imagem (também em pull requests)	2026-09-28T14:02:11.6346640Z 
image	Construir imagem (também em pull requests)	2026-09-28T14:02:11.6346860Z #7 [internal] load metadata for docker.io/library/maven:3.9-eclipse-temurin-17
image	Construir imagem (também em pull requests)	2026-09-28T14:02:11.7356742Z #7 ...
image	Construir imagem (também em pull requests)	2026-09-28T14:02:11.7357186Z 
image	Construir imagem (também em pull requests)	2026-09-28T14:02:11.7357791Z #8 [internal] load metadata for docker.io/library/eclipse-temurin:17-jre-jammy
image	Construir imagem (também em pull requests)	2026-09-28T14:02:11.7358962Z #8 DONE 0.3s
image	Construir imagem (também em pull requests)	2026-09-28T14:02:11.8451354Z 
image	Construir imagem (também em pull requests)	2026-09-28T14:02:11.8452537Z #7 [internal] load metadata for docker.io/library/maven:3.9-eclipse-temurin-17
image	Construir imagem (também em pull requests)	2026-09-28T14:02:11.8455334Z #7 DONE 0.3s
image	Construir imagem (também em pull requests)	2026-09-28T14:02:11.8455865Z 
image	Construir imagem (também em pull requests)	2026-09-28T14:02:11.8457898Z #9 [internal] load .dockerignore
image	Construir imagem (também em pull requests)	2026-09-28T14:02:11.8459593Z #9 transferring context: 156B done
image	Construir imagem (também em pull requests)	2026-09-28T14:02:11.8460482Z #9 DONE 0.0s
image	Construir imagem (também em pull requests)	2026-09-28T14:02:11.8461325Z 
image	Construir imagem (também em pull requests)	2026-09-28T14:02:11.8461575Z #10 [internal] load build context
image	Construir imagem (também em pull requests)	2026-09-28T14:02:11.8462436Z #10 DONE 0.0s
image	Construir imagem (também em pull requests)	2026-09-28T14:02:11.8462657Z 
image	Construir imagem (também em pull requests)	2026-09-28T14:02:11.8463945Z #11 [build 1/8] FROM docker.io/library/maven:3.9-eclipse-temurin-17@sha256:f1ab639371711ac150c8e344bff7d39d8161c17a531b5dd653d3fa03af554807
image	Construir imagem (também em pull requests)	2026-09-28T14:02:11.8465284Z #11 resolve docker.io/library/maven:3.9-eclipse-temurin-17@sha256:f1ab639371711ac150c8e344bff7d39d8161c17a531b5dd653d3fa03af554807 done
image	Construir imagem (também em pull requests)	2026-09-28T14:02:11.8466192Z #11 DONE 0.0s
image	Construir imagem (também em pull requests)	2026-09-28T14:02:11.8466357Z 
image	Construir imagem (também em pull requests)	2026-09-28T14:02:11.8466907Z #12 [runtime 1/4] FROM docker.io/library/eclipse-temurin:17-jre-jammy@sha256:97137382c6f0c30427d9b7c44ad8b2d55ac823b0768c171d81a643ed219023c5
image	Construir imagem (também em pull requests)	2026-09-28T14:02:11.8468778Z #12 resolve docker.io/library/eclipse-temurin:17-jre-jammy@sha256:97137382c6f0c30427d9b7c44ad8b2d55ac823b0768c171d81a643ed219023c5 done
image	Construir imagem (também em pull requests)	2026-09-28T14:02:11.8469465Z #12 DONE 0.0s
image	Construir imagem (também em pull requests)	2026-09-28T14:02:11.8469656Z 
image	Construir imagem (também em pull requests)	2026-09-28T14:02:11.8469909Z #13 importing cache manifest from gha:1827898369532547644
image	Construir imagem (também em pull requests)	2026-09-28T14:02:11.8470255Z #13 DONE 0.1s
image	Construir imagem (também em pull requests)	2026-09-28T14:02:11.9573611Z 
image	Construir imagem (também em pull requests)	2026-09-28T14:02:11.9577827Z #10 [internal] load build context
image	Construir imagem (também em pull requests)	2026-09-28T14:02:11.9584385Z #10 transferring context: 146.11kB done
image	Construir imagem (também em pull requests)	2026-09-28T14:02:11.9585717Z #10 DONE 0.0s
image	Construir imagem (também em pull requests)	2026-09-28T14:02:11.9586366Z 
image	Construir imagem (também em pull requests)	2026-09-28T14:02:11.9587556Z #12 [runtime 1/4] FROM docker.io/library/eclipse-temurin:17-jre-jammy@sha256:97137382c6f0c30427d9b7c44ad8b2d55ac823b0768c171d81a643ed219023c5
image	Construir imagem (também em pull requests)	2026-09-28T14:02:11.9590250Z #12 sha256:578a92f1fad0d0d855eaa30b7cbd35f8a8d381413fb0ce57f6ba8b556a7d8a76 2.46kB / 2.46kB 0.0s done
image	Construir imagem (também em pull requests)	2026-09-28T14:02:11.9592326Z #12 sha256:7efdfff802089e5672763eaaa12b49fb3551a64311ed552a0905bd616d7ab440 159B / 159B 0.0s done
image	Construir imagem (também em pull requests)	2026-09-28T14:02:12.0590142Z #12 sha256:71f9afa6775117e2e3d8d347cdc35c7ce4d32d22852ff1e8bbda497f2c4c61c6 47.52MB / 47.52MB 0.1s done
image	Construir imagem (também em pull requests)	2026-09-28T14:02:12.0591795Z #12 sha256:283c139709fe7bcd89a1cc7c302b901b0d9729aaa0536d1eaa8d46d48c8e9cd6 16.11MB / 16.11MB 0.1s done
image	Construir imagem (também em pull requests)	2026-09-28T14:02:12.0593618Z #12 sha256:20c3783cc497b5b0df1fc5f92bd64c3d2fbb24057c88692c8fda205b6ea8a2f2 29.75MB / 29.75MB 0.1s done
image	Construir imagem (também em pull requests)	2026-09-28T14:02:12.0595140Z #12 extracting sha256:20c3783cc497b5b0df1fc5f92bd64c3d2fbb24057c88692c8fda205b6ea8a2f2
image	Construir imagem (também em pull requests)	2026-09-28T14:02:13.0969134Z #12 extracting sha256:20c3783cc497b5b0df1fc5f92bd64c3d2fbb24057c88692c8fda205b6ea8a2f2 1.1s done
image	Construir imagem (também em pull requests)	2026-09-28T14:02:13.0970057Z #12 DONE 1.3s
image	Construir imagem (também em pull requests)	2026-09-28T14:02:13.0970254Z 
image	Construir imagem (também em pull requests)	2026-09-28T14:02:13.0970905Z #11 [build 1/8] FROM docker.io/library/maven:3.9-eclipse-temurin-17@sha256:f1ab639371711ac150c8e344bff7d39d8161c17a531b5dd653d3fa03af554807
image	Construir imagem (também em pull requests)	2026-09-28T14:02:13.0971831Z #11 sha256:4fe30289cca7ad88561d2fd5028f587b6089f314c9ef89c81166202dbd18ed26 154B / 154B 0.0s done
image	Construir imagem (também em pull requests)	2026-09-28T14:02:13.0972865Z #11 sha256:021db8d0ef42ba2ac0d1304afe6b7ebcc7a91b31c61d21c849976c83a4af3935 355B / 355B 0.0s done
image	Construir imagem (também em pull requests)	2026-09-28T14:02:13.0973830Z #11 sha256:67f774a47cb5f1b0e174ed3c41b21e8cb9df75ccf312e886bb784ab409447775 849B / 849B 0.0s done
image	Construir imagem (também em pull requests)	2026-09-28T14:02:13.0974817Z #11 sha256:528b48a07f784fe320d419ad522c6ea0b720de09023f17b205ceb39b82259996 2.46kB / 2.46kB 0.0s done
image	Construir imagem (também em pull requests)	2026-09-28T14:02:13.0976055Z #11 sha256:b2a6841fdc6cbd085097deb1d9c720069dbacee84cf1687213de59da32ae5805 9.36MB / 9.36MB 0.1s done
image	Construir imagem (também em pull requests)	2026-09-28T14:02:13.0977249Z #11 sha256:dd1380fd83f09a4e55ae12e3e7ad45b77ab8bd2670e34e271f271a3533200b34 158B / 158B 0.0s done
image	Construir imagem (também em pull requests)	2026-09-28T14:02:13.0978053Z #11 sha256:0d6621ed68d388094866adb9ba01b741a60d2bb48ebf618655da32db30bc613f 24.96MB / 24.96MB 0.1s done
image	Construir imagem (também em pull requests)	2026-09-28T14:02:13.0979210Z #11 sha256:6ed9971a62fa977a56b299303af6d9bd1a25e1c68c7eec80c15b38deb612c755 22.95MB / 22.95MB 0.1s done
image	Construir imagem (também em pull requests)	2026-09-28T14:02:13.0980219Z #11 sha256:edd1ed89f0d443580bd42e5a10cd8736aba5a3438b2a0645c2ebb50119bb0eba 29.76MB / 29.76MB 0.1s done
image	Construir imagem (também em pull requests)	2026-09-28T14:02:13.0981547Z #11 sha256:0187a0cde513bac1578240fe660c2923c2c5eab87249c03ac120b45580519ee9 145.83MB / 145.83MB 0.5s done
image	Construir imagem (também em pull requests)	2026-09-28T14:02:13.0982506Z #11 extracting sha256:edd1ed89f0d443580bd42e5a10cd8736aba5a3438b2a0645c2ebb50119bb0eba
image	Construir imagem (também em pull requests)	2026-09-28T14:02:13.3120148Z #11 extracting sha256:edd1ed89f0d443580bd42e5a10cd8736aba5a3438b2a0645c2ebb50119bb0eba 1.0s done
image	Construir imagem (também em pull requests)	2026-09-28T14:02:13.3127832Z #11 extracting sha256:6ed9971a62fa977a56b299303af6d9bd1a25e1c68c7eec80c15b38deb612c755
image	Construir imagem (também em pull requests)	2026-09-28T14:02:13.7643271Z #11 ...
image	Construir imagem (também em pull requests)	2026-09-28T14:02:13.7643791Z 
image	Construir imagem (também em pull requests)	2026-09-28T14:02:13.7644901Z #12 [runtime 1/4] FROM docker.io/library/eclipse-temurin:17-jre-jammy@sha256:97137382c6f0c30427d9b7c44ad8b2d55ac823b0768c171d81a643ed219023c5
image	Construir imagem (também em pull requests)	2026-09-28T14:02:13.7646829Z #12 extracting sha256:283c139709fe7bcd89a1cc7c302b901b0d9729aaa0536d1eaa8d46d48c8e9cd6 0.7s done
image	Construir imagem (também em pull requests)	2026-09-28T14:02:13.7647810Z #12 DONE 1.9s
image	Construir imagem (também em pull requests)	2026-09-28T14:02:13.9436237Z 
image	Construir imagem (também em pull requests)	2026-09-28T14:02:13.9437606Z #11 [build 1/8] FROM docker.io/library/maven:3.9-eclipse-temurin-17@sha256:f1ab639371711ac150c8e344bff7d39d8161c17a531b5dd653d3fa03af554807
image	Construir imagem (também em pull requests)	2026-09-28T14:02:13.9439622Z #11 extracting sha256:6ed9971a62fa977a56b299303af6d9bd1a25e1c68c7eec80c15b38deb612c755 0.6s done
image	Construir imagem (também em pull requests)	2026-09-28T14:02:13.9441066Z #11 extracting sha256:0187a0cde513bac1578240fe660c2923c2c5eab87249c03ac120b45580519ee9
image	Construir imagem (também em pull requests)	2026-09-28T14:02:14.5220602Z #11 ...
image	Construir imagem (também em pull requests)	2026-09-28T14:02:14.5221142Z 
image	Construir imagem (também em pull requests)	2026-09-28T14:02:14.5222638Z #12 [runtime 1/4] FROM docker.io/library/eclipse-temurin:17-jre-jammy@sha256:97137382c6f0c30427d9b7c44ad8b2d55ac823b0768c171d81a643ed219023c5
image	Construir imagem (também em pull requests)	2026-09-28T14:02:14.5226112Z #12 extracting sha256:71f9afa6775117e2e3d8d347cdc35c7ce4d32d22852ff1e8bbda497f2c4c61c6 0.8s done
image	Construir imagem (também em pull requests)	2026-09-28T14:02:14.5227000Z #12 DONE 2.7s
image	Construir imagem (também em pull requests)	2026-09-28T14:02:14.6843779Z 
image	Construir imagem (também em pull requests)	2026-09-28T14:02:14.6845251Z #12 [runtime 1/4] FROM docker.io/library/eclipse-temurin:17-jre-jammy@sha256:97137382c6f0c30427d9b7c44ad8b2d55ac823b0768c171d81a643ed219023c5
image	Construir imagem (também em pull requests)	2026-09-28T14:02:14.6846990Z #12 extracting sha256:7efdfff802089e5672763eaaa12b49fb3551a64311ed552a0905bd616d7ab440 done
image	Construir imagem (também em pull requests)	2026-09-28T14:02:14.6848105Z #12 extracting sha256:578a92f1fad0d0d855eaa30b7cbd35f8a8d381413fb0ce57f6ba8b556a7d8a76 done
image	Construir imagem (também em pull requests)	2026-09-28T14:02:14.6848986Z #12 DONE 2.7s
image	Construir imagem (também em pull requests)	2026-09-28T14:02:14.6849124Z 
image	Construir imagem (também em pull requests)	2026-09-28T14:02:14.6849926Z #14 [runtime 2/4] RUN apt-get update && apt-get install -y --no-install-recommends curl     && rm -rf /var/lib/apt/lists/*     && groupadd --gid 10001 esg     && useradd --uid 10001 --gid esg --no-create-home esg     && mkdir -p /app/data && chown -R esg:esg /app
image	Construir imagem (também em pull requests)	2026-09-28T14:02:14.8132214Z #14 0.280 Get:1 http://archive.ubuntu.com/ubuntu jammy InRelease [270 kB]
image	Construir imagem (também em pull requests)	2026-09-28T14:02:14.9201321Z #14 0.387 Get:2 http://security.ubuntu.com/ubuntu jammy-security InRelease [129 kB]
image	Construir imagem (também em pull requests)	2026-09-28T14:02:15.1141056Z #14 ...
image	Construir imagem (também em pull requests)	2026-09-28T14:02:15.1141332Z 
image	Construir imagem (também em pull requests)	2026-09-28T14:02:15.1142253Z #11 [build 1/8] FROM docker.io/library/maven:3.9-eclipse-temurin-17@sha256:f1ab639371711ac150c8e344bff7d39d8161c17a531b5dd653d3fa03af554807
image	Construir imagem (também em pull requests)	2026-09-28T14:02:15.1143837Z #11 extracting sha256:0187a0cde513bac1578240fe660c2923c2c5eab87249c03ac120b45580519ee9 1.3s done
image	Construir imagem (também em pull requests)	2026-09-28T14:02:15.1144593Z #11 DONE 3.3s
image	Construir imagem (também em pull requests)	2026-09-28T14:02:15.2745512Z 
image	Construir imagem (também em pull requests)	2026-09-28T14:02:15.2746712Z #11 [build 1/8] FROM docker.io/library/maven:3.9-eclipse-temurin-17@sha256:f1ab639371711ac150c8e344bff7d39d8161c17a531b5dd653d3fa03af554807
image	Construir imagem (também em pull requests)	2026-09-28T14:02:15.2748168Z #11 extracting sha256:dd1380fd83f09a4e55ae12e3e7ad45b77ab8bd2670e34e271f271a3533200b34 done
image	Construir imagem (também em pull requests)	2026-09-28T14:02:15.2749483Z #11 extracting sha256:528b48a07f784fe320d419ad522c6ea0b720de09023f17b205ceb39b82259996 done
image	Construir imagem (também em pull requests)	2026-09-28T14:02:15.2750522Z #11 extracting sha256:0d6621ed68d388094866adb9ba01b741a60d2bb48ebf618655da32db30bc613f
image	Construir imagem (também em pull requests)	2026-09-28T14:02:15.9159028Z #11 extracting sha256:0d6621ed68d388094866adb9ba01b741a60d2bb48ebf618655da32db30bc613f 0.7s done
image	Construir imagem (também em pull requests)	2026-09-28T14:02:15.9160618Z #11 extracting sha256:b2a6841fdc6cbd085097deb1d9c720069dbacee84cf1687213de59da32ae5805 0.1s done
image	Construir imagem (também em pull requests)	2026-09-28T14:02:15.9161594Z #11 DONE 4.1s
image	Construir imagem (também em pull requests)	2026-09-28T14:02:15.9161798Z 
image	Construir imagem (também em pull requests)	2026-09-28T14:02:15.9163139Z #14 [runtime 2/4] RUN apt-get update && apt-get install -y --no-install-recommends curl     && rm -rf /var/lib/apt/lists/*     && groupadd --gid 10001 esg     && useradd --uid 10001 --gid esg --no-create-home esg     && mkdir -p /app/data && chown -R esg:esg /app
image	Construir imagem (também em pull requests)	2026-09-28T14:02:15.9165266Z #14 0.853 Get:3 http://archive.ubuntu.com/ubuntu jammy-updates InRelease [128 kB]
image	Construir imagem (também em pull requests)	2026-09-28T14:02:15.9166191Z #14 0.989 Get:4 http://archive.ubuntu.com/ubuntu jammy-backports InRelease [127 kB]
image	Construir imagem (também em pull requests)	2026-09-28T14:02:15.9167690Z #14 1.058 Get:5 http://security.ubuntu.com/ubuntu jammy-security/main amd64 Packages [4,355 kB]
image	Construir imagem (também em pull requests)	2026-09-28T14:02:15.9168949Z #14 1.127 Get:6 http://archive.ubuntu.com/ubuntu jammy/multiverse amd64 Packages [266 kB]
image	Construir imagem (também em pull requests)	2026-09-28T14:02:15.9169609Z #14 1.235 Get:7 http://archive.ubuntu.com/ubuntu jammy/universe amd64 Packages [17.5 MB]
image	Construir imagem (também em pull requests)	2026-09-28T14:02:16.0797267Z #14 ...
image	Construir imagem (também em pull requests)	2026-09-28T14:02:16.0797572Z 
image	Construir imagem (também em pull requests)	2026-09-28T14:02:16.0798617Z #11 [build 1/8] FROM docker.io/library/maven:3.9-eclipse-temurin-17@sha256:f1ab639371711ac150c8e344bff7d39d8161c17a531b5dd653d3fa03af554807
image	Construir imagem (também em pull requests)	2026-09-28T14:02:16.0799560Z #11 extracting sha256:67f774a47cb5f1b0e174ed3c41b21e8cb9df75ccf312e886bb784ab409447775 done
image	Construir imagem (também em pull requests)	2026-09-28T14:02:16.0800324Z #11 extracting sha256:021db8d0ef42ba2ac0d1304afe6b7ebcc7a91b31c61d21c849976c83a4af3935 done
image	Construir imagem (também em pull requests)	2026-09-28T14:02:16.0801128Z #11 extracting sha256:4fe30289cca7ad88561d2fd5028f587b6089f314c9ef89c81166202dbd18ed26 done
image	Construir imagem (também em pull requests)	2026-09-28T14:02:16.0801618Z #11 DONE 4.1s
image	Construir imagem (também em pull requests)	2026-09-28T14:02:16.2287790Z 
image	Construir imagem (também em pull requests)	2026-09-28T14:02:16.2288152Z #15 [build 2/8] WORKDIR /build
image	Construir imagem (também em pull requests)	2026-09-28T14:02:17.7920856Z #15 DONE 1.9s
image	Construir imagem (também em pull requests)	2026-09-28T14:02:17.7921474Z 
image	Construir imagem (também em pull requests)	2026-09-28T14:02:17.7922853Z #14 [runtime 2/4] RUN apt-get update && apt-get install -y --no-install-recommends curl     && rm -rf /var/lib/apt/lists/*     && groupadd --gid 10001 esg     && useradd --uid 10001 --gid esg --no-create-home esg     && mkdir -p /app/data && chown -R esg:esg /app
image	Construir imagem (também em pull requests)	2026-09-28T14:02:17.7924851Z #14 2.111 Get:8 http://security.ubuntu.com/ubuntu jammy-security/restricted amd64 Packages [7,819 kB]
image	Construir imagem (também em pull requests)	2026-09-28T14:02:17.7925898Z #14 2.209 Get:9 http://archive.ubuntu.com/ubuntu jammy/restricted amd64 Packages [164 kB]
image	Construir imagem (também em pull requests)	2026-09-28T14:02:17.7926806Z #14 2.210 Get:10 http://archive.ubuntu.com/ubuntu jammy/main amd64 Packages [1,792 kB]
image	Construir imagem (também em pull requests)	2026-09-28T14:02:17.7928045Z #14 2.349 Get:11 http://archive.ubuntu.com/ubuntu jammy-updates/multiverse amd64 Packages [93.2 kB]
image	Construir imagem (também em pull requests)	2026-09-28T14:02:17.7929351Z #14 2.350 Get:12 http://archive.ubuntu.com/ubuntu jammy-updates/restricted amd64 Packages [8,124 kB]
image	Construir imagem (também em pull requests)	2026-09-28T14:02:17.7930416Z #14 2.655 Get:13 http://archive.ubuntu.com/ubuntu jammy-updates/universe amd64 Packages [1,623 kB]
image	Construir imagem (também em pull requests)	2026-09-28T14:02:17.7931468Z #14 2.655 Get:14 http://security.ubuntu.com/ubuntu jammy-security/universe amd64 Packages [1,321 kB]
image	Construir imagem (também em pull requests)	2026-09-28T14:02:17.7932486Z #14 2.797 Get:15 http://archive.ubuntu.com/ubuntu jammy-updates/main amd64 Packages [4,698 kB]
image	Construir imagem (também em pull requests)	2026-09-28T14:02:17.7933914Z #14 2.797 Get:16 http://security.ubuntu.com/ubuntu jammy-security/multiverse amd64 Packages [84.6 kB]
image	Construir imagem (também em pull requests)	2026-09-28T14:02:17.7934968Z #14 2.952 Get:17 http://archive.ubuntu.com/ubuntu jammy-backports/main amd64 Packages [82.9 kB]
image	Construir imagem (também em pull requests)	2026-09-28T14:02:17.7935989Z #14 2.954 Get:18 http://archive.ubuntu.com/ubuntu jammy-backports/universe amd64 Packages [35.6 kB]
image	Construir imagem (também em pull requests)	2026-09-28T14:02:17.9324919Z #14 ...
image	Construir imagem (também em pull requests)	2026-09-28T14:02:17.9331480Z 
image	Construir imagem (também em pull requests)	2026-09-28T14:02:17.9337154Z #16 [build 3/8] COPY pom.xml ./
image	Construir imagem (também em pull requests)	2026-09-28T14:02:17.9337754Z #16 DONE 0.1s
image	Construir imagem (também em pull requests)	2026-09-28T14:02:18.1472110Z 
image	Construir imagem (também em pull requests)	2026-09-28T14:02:18.1474804Z #17 [build 4/8] COPY src/main ./src/main
image	Construir imagem (também em pull requests)	2026-09-28T14:02:18.1475616Z #17 DONE 0.0s
image	Construir imagem (também em pull requests)	2026-09-28T14:02:18.1476020Z 
image	Construir imagem (também em pull requests)	2026-09-28T14:02:18.1476363Z #18 [build 5/8] COPY src/test ./src/test
image	Construir imagem (também em pull requests)	2026-09-28T14:02:18.1477068Z #18 DONE 0.0s
image	Construir imagem (também em pull requests)	2026-09-28T14:02:18.1477462Z 
image	Construir imagem (também em pull requests)	2026-09-28T14:02:18.1477814Z #19 [build 6/8] COPY public ./public
image	Construir imagem (também em pull requests)	2026-09-28T14:02:18.1478726Z #19 DONE 0.0s
image	Construir imagem (também em pull requests)	2026-09-28T14:02:18.1479131Z 
image	Construir imagem (também em pull requests)	2026-09-28T14:02:18.1479621Z #20 [build 7/8] COPY data/esg_dataset.json ./data/esg_dataset.json
image	Construir imagem (também em pull requests)	2026-09-28T14:02:18.1480539Z #20 DONE 0.0s
image	Construir imagem (também em pull requests)	2026-09-28T14:02:18.1481290Z 
image	Construir imagem (também em pull requests)	2026-09-28T14:02:18.1481737Z #21 [build 8/8] RUN mvn -B -ntp verify
image	Construir imagem (também em pull requests)	2026-09-28T14:02:20.1902287Z #21 2.042 [INFO] Scanning for projects...
image	Construir imagem (também em pull requests)	2026-09-28T14:02:21.8137960Z #21 ...
image	Construir imagem (também em pull requests)	2026-09-28T14:02:21.8138643Z 
image	Construir imagem (também em pull requests)	2026-09-28T14:02:21.8140348Z #14 [runtime 2/4] RUN apt-get update && apt-get install -y --no-install-recommends curl     && rm -rf /var/lib/apt/lists/*     && groupadd --gid 10001 esg     && useradd --uid 10001 --gid esg --no-create-home esg     && mkdir -p /app/data && chown -R esg:esg /app
image	Construir imagem (também em pull requests)	2026-09-28T14:02:21.8142139Z #14 3.883 Fetched 48.6 MB in 4s (12.8 MB/s)
image	Construir imagem (também em pull requests)	2026-09-28T14:02:21.8142564Z #14 3.883 Reading package lists...
image	Construir imagem (também em pull requests)	2026-09-28T14:02:21.8142845Z #14 5.362 Reading package lists...
image	Construir imagem (também em pull requests)	2026-09-28T14:02:21.8143114Z #14 6.687 Building dependency tree...
image	Construir imagem (também em pull requests)	2026-09-28T14:02:21.8143383Z #14 6.901 Reading state information...
image	Construir imagem (também em pull requests)	2026-09-28T14:02:21.8143719Z #14 7.074 curl is already the newest version (7.81.0-1ubuntu1.29).
image	Construir imagem (também em pull requests)	2026-09-28T14:02:21.8144180Z #14 7.074 0 upgraded, 0 newly installed, 0 to remove and 9 not upgraded.
image	Construir imagem (também em pull requests)	2026-09-28T14:02:21.8144544Z #14 DONE 7.1s
image	Construir imagem (também em pull requests)	2026-09-28T14:02:21.8144658Z 
image	Construir imagem (também em pull requests)	2026-09-28T14:02:21.8144760Z #22 [runtime 3/4] WORKDIR /app
image	Construir imagem (também em pull requests)	2026-09-28T14:02:21.8144999Z #22 DONE 0.0s
image	Construir imagem (também em pull requests)	2026-09-28T14:02:21.9626799Z 
image	Construir imagem (também em pull requests)	2026-09-28T14:02:21.9627305Z #21 [build 8/8] RUN mvn -B -ntp verify
image	Construir imagem (também em pull requests)	2026-09-28T14:02:22.5716304Z #21 4.573 [INFO] 
image	Construir imagem (também em pull requests)	2026-09-28T14:02:22.7226094Z #21 4.573 [INFO] ---------------------< br.com.ecohospital:esg-app >---------------------
image	Construir imagem (também em pull requests)	2026-09-28T14:02:22.7226672Z #21 4.573 [INFO] Building EcoHospital Smart - ESG CI/CD 1.0.0
image	Construir imagem (também em pull requests)	2026-09-28T14:02:22.7227017Z #21 4.575 [INFO]   from pom.xml
image	Construir imagem (também em pull requests)	2026-09-28T14:02:22.7227385Z #21 4.575 [INFO] --------------------------------[ jar ]---------------------------------
image	Construir imagem (também em pull requests)	2026-09-28T14:02:26.8498559Z #21 8.853 [INFO] 
image	Construir imagem (também em pull requests)	2026-09-28T14:02:26.8499764Z #21 8.853 [INFO] --- resources:3.3.1:resources (default-resources) @ esg-app ---
image	Construir imagem (também em pull requests)	2026-09-28T14:02:27.6815839Z #21 9.530 [INFO] Copying 1 resource from src/main/resources to target/classes
image	Construir imagem (também em pull requests)	2026-09-28T14:02:27.6818305Z #21 9.532 [INFO] Copying 3 resources from public to target/classes/static
image	Construir imagem (também em pull requests)	2026-09-28T14:02:27.6819371Z #21 9.533 [INFO] Copying 1 resource from data to target/classes/seed
image	Construir imagem (também em pull requests)	2026-09-28T14:02:27.6819951Z #21 9.534 [INFO] 
image	Construir imagem (também em pull requests)	2026-09-28T14:02:27.6820489Z #21 9.534 [INFO] --- compiler:3.14.1:compile (default-compile) @ esg-app ---
image	Construir imagem (também em pull requests)	2026-09-28T14:02:28.2051541Z #21 10.21 [INFO] Recompiling the module because of changed source code.
image	Construir imagem (também em pull requests)	2026-09-28T14:02:28.3642218Z #21 10.22 [INFO] Compiling 4 source files with javac [debug parameters release 17] to target/classes
image	Construir imagem (também em pull requests)	2026-09-28T14:02:29.2854328Z #21 11.29 [INFO] 
image	Construir imagem (também em pull requests)	2026-09-28T14:02:29.2856638Z #21 11.29 [INFO] --- resources:3.3.1:testResources (default-testResources) @ esg-app ---
image	Construir imagem (também em pull requests)	2026-09-28T14:02:29.4494884Z #21 11.29 [INFO] skip non existing resourceDirectory /build/src/test/resources
image	Construir imagem (também em pull requests)	2026-09-28T14:02:29.4498089Z #21 11.29 [INFO] 
image	Construir imagem (também em pull requests)	2026-09-28T14:02:29.4499200Z #21 11.29 [INFO] --- compiler:3.14.1:testCompile (default-testCompile) @ esg-app ---
image	Construir imagem (também em pull requests)	2026-09-28T14:02:29.4500902Z #21 11.30 [INFO] Recompiling the module because of changed dependency.
image	Construir imagem (também em pull requests)	2026-09-28T14:02:29.4502148Z #21 11.30 [INFO] Compiling 2 source files with javac [debug parameters release 17] to target/test-classes
image	Construir imagem (também em pull requests)	2026-09-28T14:02:29.6674276Z #21 11.67 [INFO] 
image	Construir imagem (também em pull requests)	2026-09-28T14:02:29.6677465Z #21 11.67 [INFO] --- surefire:3.5.6:test (default-test) @ esg-app ---
image	Construir imagem (também em pull requests)	2026-09-28T14:02:30.2693988Z #21 12.27 [INFO] Using auto detected provider org.apache.maven.surefire.junitplatform.JUnitPlatformProvider
image	Construir imagem (também em pull requests)	2026-09-28T14:02:30.4436451Z #21 12.45 [INFO] 
image	Construir imagem (também em pull requests)	2026-09-28T14:02:30.5945119Z #21 12.45 [INFO] -------------------------------------------------------
image	Construir imagem (também em pull requests)	2026-09-28T14:02:30.5945839Z #21 12.45 [INFO]  T E S T S
image	Construir imagem (também em pull requests)	2026-09-28T14:02:30.5946372Z #21 12.45 [INFO] -------------------------------------------------------
image	Construir imagem (também em pull requests)	2026-09-28T14:02:31.0080288Z #21 13.01 [INFO] Running br.com.ecohospital.EsgApiTest
image	Construir imagem (também em pull requests)	2026-09-28T14:02:31.1599306Z #21 13.16 14:02:31.116 [main] INFO org.springframework.test.context.support.AnnotationConfigContextLoaderUtils -- Could not detect default configuration classes for test class [br.com.ecohospital.EsgApiTest]: EsgApiTest does not declare any static, non-private, non-final, nested classes annotated with @Configuration.
image	Construir imagem (também em pull requests)	2026-09-28T14:02:31.4087037Z #21 13.26 14:02:31.236 [main] INFO org.springframework.boot.test.context.SpringBootTestContextBootstrapper -- Found @SpringBootConfiguration br.com.ecohospital.EsgApplication for test class br.com.ecohospital.EsgApiTest
image	Construir imagem (também em pull requests)	2026-09-28T14:02:31.6584726Z #21 13.66 
image	Construir imagem (também em pull requests)	2026-09-28T14:02:31.6589117Z #21 13.66   .   ____          _            __ _ _
image	Construir imagem (também em pull requests)	2026-09-28T14:02:31.6590012Z #21 13.66  /\\ / ___'_ __ _ _(_)_ __  __ _ \ \ \ \
image	Construir imagem (também em pull requests)	2026-09-28T14:02:31.6591972Z #21 13.66 ( ( )\___ | '_ | '_| | '_ \/ _` | \ \ \ \
image	Construir imagem (também em pull requests)	2026-09-28T14:02:31.6592633Z #21 13.66  \\/  ___)| |_)| | | | | || (_| |  ) ) ) )
image	Construir imagem (também em pull requests)	2026-09-28T14:02:31.6593271Z #21 13.66   '  |____| .__|_| |_|_| |_\__, | / / / /
image	Construir imagem (também em pull requests)	2026-09-28T14:02:31.6593925Z #21 13.66  =========|_|==============|___/=/_/_/_/
image	Construir imagem (também em pull requests)	2026-09-28T14:02:31.6594508Z #21 13.66 
image	Construir imagem (também em pull requests)	2026-09-28T14:02:31.6595060Z #21 13.66  :: Spring Boot ::               (v3.5.16)
image	Construir imagem (também em pull requests)	2026-09-28T14:02:31.6595661Z #21 13.66 
image	Construir imagem (também em pull requests)	2026-09-28T14:02:31.7598951Z #21 13.76 2026-09-28T14:02:31.681Z  INFO 97 --- [ecohospital-esg] [           main] br.com.ecohospital.EsgApiTest            : Starting EsgApiTest using Java 17.0.20.1 with PID 97 (started by root in /build)
image	Construir imagem (também em pull requests)	2026-09-28T14:02:31.9118057Z #21 13.76 2026-09-28T14:02:31.683Z  INFO 97 --- [ecohospital-esg] [           main] br.com.ecohospital.EsgApiTest            : No active profile set, falling back to 1 default profile: "default"
image	Construir imagem (também em pull requests)	2026-09-28T14:02:32.7612250Z #21 14.76 2026-09-28T14:02:32.744Z  INFO 97 --- [ecohospital-esg] [           main] o.s.b.a.w.s.WelcomePageHandlerMapping    : Adding welcome page: class path resource [static/index.html]
image	Construir imagem (também em pull requests)	2026-09-28T14:02:33.1634692Z #21 15.17 2026-09-28T14:02:33.088Z  INFO 97 --- [ecohospital-esg] [           main] o.s.b.t.m.w.SpringBootMockServletContext : Initializing Spring TestDispatcherServlet ''
image	Construir imagem (também em pull requests)	2026-09-28T14:02:33.1638054Z #21 15.17 2026-09-28T14:02:33.089Z  INFO 97 --- [ecohospital-esg] [           main] o.s.t.web.servlet.TestDispatcherServlet  : Initializing Servlet ''
image	Construir imagem (também em pull requests)	2026-09-28T14:02:33.1641292Z #21 15.17 2026-09-28T14:02:33.097Z  INFO 97 --- [ecohospital-esg] [           main] o.s.b.a.e.web.EndpointLinksResolver      : Exposing 1 endpoint beneath base path '/actuator'
image	Construir imagem (também em pull requests)	2026-09-28T14:02:33.1643469Z #21 15.17 2026-09-28T14:02:33.104Z  INFO 97 --- [ecohospital-esg] [           main] o.s.t.web.servlet.TestDispatcherServlet  : Completed initialization in 13 ms
image	Construir imagem (também em pull requests)	2026-09-28T14:02:33.3831265Z #21 15.24 2026-09-28T14:02:33.169Z  INFO 97 --- [ecohospital-esg] [           main] br.com.ecohospital.EsgApiTest            : Started EsgApiTest in 1.808 seconds (process running for 2.667)
image	Construir imagem (também em pull requests)	2026-09-28T14:02:33.4775940Z #21 15.48 OpenJDK 64-Bit Server VM warning: Sharing is only supported for boot loader classes because bootstrap classpath has been appended
image	Construir imagem (também em pull requests)	2026-09-28T14:02:34.1967421Z #21 16.20 2026-09-28T14:02:34.191Z  WARN 97 --- [ecohospital-esg] [           main] .w.s.m.s.DefaultHandlerExceptionResolver : Resolved [org.springframework.http.converter.HttpMessageNotReadableException: JSON parse error: Unexpected character ('b' (code 98)): was expecting double-quote to start field name]
image	Construir imagem (também em pull requests)	2026-09-28T14:02:34.5250243Z #21 16.40 [INFO] Tests run: 20, Failures: 0, Errors: 0, Skipped: 0, Time elapsed: 3.334 s -- in br.com.ecohospital.EsgApiTest
image	Construir imagem (também em pull requests)	2026-09-28T14:02:34.5251360Z #21 16.40 [INFO] Running br.com.ecohospital.EsgStoreTest
image	Construir imagem (também em pull requests)	2026-09-28T14:02:34.5252341Z #21 16.49 [INFO] Tests run: 5, Failures: 0, Errors: 0, Skipped: 0, Time elapsed: 0.144 s -- in br.com.ecohospital.EsgStoreTest
image	Construir imagem (também em pull requests)	2026-09-28T14:02:34.5253190Z #21 16.53 [INFO] 
image	Construir imagem (também em pull requests)	2026-09-28T14:02:34.5253577Z #21 16.53 [INFO] Results:
image	Construir imagem (também em pull requests)	2026-09-28T14:02:34.5253961Z #21 16.53 [INFO] 
image	Construir imagem (também em pull requests)	2026-09-28T14:02:34.6795825Z #21 16.53 [INFO] Tests run: 25, Failures: 0, Errors: 0, Skipped: 0
image	Construir imagem (também em pull requests)	2026-09-28T14:02:34.6796681Z #21 16.53 [INFO] 
image	Construir imagem (também em pull requests)	2026-09-28T14:02:34.6797217Z #21 16.53 [INFO] 
image	Construir imagem (também em pull requests)	2026-09-28T14:02:34.6798016Z #21 16.53 [INFO] --- jar:3.4.2:jar (default-jar) @ esg-app ---
image	Construir imagem (também em pull requests)	2026-09-28T14:02:35.8241486Z #21 17.64 [INFO] Building jar: /build/target/esg-app.jar
image	Construir imagem (também em pull requests)	2026-09-28T14:02:35.8241950Z #21 17.68 [INFO] 
image	Construir imagem (também em pull requests)	2026-09-28T14:02:36.6961689Z #21 17.68 [INFO] --- spring-boot:3.5.16:repackage (repackage) @ esg-app ---
image	Construir imagem (também em pull requests)	2026-09-28T14:02:36.6962994Z #21 18.70 [INFO] Replacing main artifact /build/target/esg-app.jar with repackaged archive, adding nested dependencies in BOOT-INF/.
image	Construir imagem (também em pull requests)	2026-09-28T14:02:36.6964780Z #21 18.70 [INFO] The original artifact has been renamed to /build/target/esg-app.jar.original
image	Construir imagem (também em pull requests)	2026-09-28T14:02:36.6966077Z #21 18.70 [INFO] ------------------------------------------------------------------------
image	Construir imagem (também em pull requests)	2026-09-28T14:02:36.6967017Z #21 18.70 [INFO] BUILD SUCCESS
image	Construir imagem (também em pull requests)	2026-09-28T14:02:36.6967877Z #21 18.70 [INFO] ------------------------------------------------------------------------
image	Construir imagem (também em pull requests)	2026-09-28T14:02:36.8020685Z #21 18.70 [INFO] Total time:  16.687 s
image	Construir imagem (também em pull requests)	2026-09-28T14:02:36.8021396Z #21 18.70 [INFO] Finished at: 2026-09-28T14:02:36Z
image	Construir imagem (também em pull requests)	2026-09-28T14:02:36.8022146Z #21 18.70 [INFO] ------------------------------------------------------------------------
image	Construir imagem (também em pull requests)	2026-09-28T14:02:36.8022694Z #21 DONE 18.8s
image	Construir imagem (também em pull requests)	2026-09-28T14:02:36.8023016Z 
image	Construir imagem (também em pull requests)	2026-09-28T14:02:36.8024358Z #23 [runtime 4/4] COPY --from=build --chown=esg:esg /build/target/esg-app.jar /app/app.jar
image	Construir imagem (também em pull requests)	2026-09-28T14:02:36.9785478Z #23 DONE 0.0s
image	Construir imagem (também em pull requests)	2026-09-28T14:02:36.9785673Z 
image	Construir imagem (também em pull requests)	2026-09-28T14:02:36.9785792Z #24 exporting to docker image format
image	Construir imagem (também em pull requests)	2026-09-28T14:02:36.9786104Z #24 exporting layers
image	Construir imagem (também em pull requests)	2026-09-28T14:02:37.4034519Z #24 exporting layers 0.6s done
image	Construir imagem (também em pull requests)	2026-09-28T14:02:37.5622070Z #24 exporting manifest sha256:a3a1aca8ffea5f5306ca824c35228032923576614dd064e6541e9eda35753b42 done
image	Construir imagem (também em pull requests)	2026-09-28T14:02:37.5623002Z #24 exporting config sha256:a7903aa526fe92e96983f52e51d7a32a119facf53a24601c8acac6cad53bfc5b done
image	Construir imagem (também em pull requests)	2026-09-28T14:02:37.5623478Z #24 sending tarball
image	Construir imagem (também em pull requests)	2026-09-28T14:02:40.1634055Z #24 sending tarball 2.6s done
image	Construir imagem (também em pull requests)	2026-09-28T14:02:40.1634651Z #24 DONE 3.2s
image	Construir imagem (também em pull requests)	2026-09-28T14:02:40.1634864Z 
image	Construir imagem (também em pull requests)	2026-09-28T14:02:40.1635037Z #25 importing to docker
image	Construir imagem (também em pull requests)	2026-09-28T14:02:40.1635551Z #25 loading layer d5878fe0c5eb 16.11MB / 16.11MB 2.0s done
image	Construir imagem (também em pull requests)	2026-09-28T14:02:40.1636042Z #25 loading layer 47cdf397e38d 47.52MB / 47.52MB 0.8s done
image	Construir imagem (também em pull requests)	2026-09-28T14:02:40.1636808Z #25 loading layer fada8f6cd3ba 159B / 159B 0.2s done
image	Construir imagem (também em pull requests)	2026-09-28T14:02:40.1637326Z #25 loading layer 3369dc194fd5 2.46kB / 2.46kB 0.2s done
image	Construir imagem (também em pull requests)	2026-09-28T14:02:40.1637837Z #25 loading layer deb90161a20d 4.70kB / 4.70kB 0.2s done
image	Construir imagem (também em pull requests)	2026-09-28T14:02:40.1638706Z #25 loading layer 5f70bf18a086 32B / 32B 0.1s done
image	Construir imagem (também em pull requests)	2026-09-28T14:02:40.1639216Z #25 loading layer 93575436d199 21.34MB / 21.34MB 0.1s done
image	Construir imagem (também em pull requests)	2026-09-28T14:02:40.1639744Z #25 DONE 2.0s
image	Construir imagem (também em pull requests)	2026-09-28T14:02:40.1639958Z 
image	Construir imagem (também em pull requests)	2026-09-28T14:02:40.1640108Z #26 exporting to GitHub Actions Cache
image	Construir imagem (também em pull requests)	2026-09-28T14:02:40.1640522Z #26 preparing build cache for export
image	Construir imagem (também em pull requests)	2026-09-28T14:02:42.2510835Z #26 preparing build cache for export 2.2s done
image	Construir imagem (também em pull requests)	2026-09-28T14:02:42.2512397Z #26 sending cache export
image	Construir imagem (também em pull requests)	2026-09-28T14:02:42.3957278Z #26 writing layer sha256:0187a0cde513bac1578240fe660c2923c2c5eab87249c03ac120b45580519ee9
image	Construir imagem (também em pull requests)	2026-09-28T14:02:49.6486775Z #26 writing layer sha256:0187a0cde513bac1578240fe660c2923c2c5eab87249c03ac120b45580519ee9 7.3s done
image	Construir imagem (também em pull requests)	2026-09-28T14:02:49.8051504Z #26 writing layer sha256:021db8d0ef42ba2ac0d1304afe6b7ebcc7a91b31c61d21c849976c83a4af3935 0.1s done
image	Construir imagem (também em pull requests)	2026-09-28T14:02:49.9863236Z #26 writing layer sha256:0d6621ed68d388094866adb9ba01b741a60d2bb48ebf618655da32db30bc613f
image	Construir imagem (também em pull requests)	2026-09-28T14:02:50.9589428Z #26 writing layer sha256:0d6621ed68d388094866adb9ba01b741a60d2bb48ebf618655da32db30bc613f 1.1s done
image	Construir imagem (também em pull requests)	2026-09-28T14:02:51.1634313Z #26 writing layer sha256:0daf48a316c7745372ffcb9396951b330a22df7fbd2752a9ad05750efbb33ae4
image	Construir imagem (também em pull requests)	2026-09-28T14:02:52.0211029Z #26 writing layer sha256:0daf48a316c7745372ffcb9396951b330a22df7fbd2752a9ad05750efbb33ae4 1.0s done
image	Construir imagem (também em pull requests)	2026-09-28T14:02:52.2099221Z #26 writing layer sha256:20c3783cc497b5b0df1fc5f92bd64c3d2fbb24057c88692c8fda205b6ea8a2f2
image	Construir imagem (também em pull requests)	2026-09-28T14:02:53.7074832Z #26 writing layer sha256:20c3783cc497b5b0df1fc5f92bd64c3d2fbb24057c88692c8fda205b6ea8a2f2 1.6s done
image	Construir imagem (também em pull requests)	2026-09-28T14:02:53.8789401Z #26 writing layer sha256:283c139709fe7bcd89a1cc7c302b901b0d9729aaa0536d1eaa8d46d48c8e9cd6
image	Construir imagem (também em pull requests)	2026-09-28T14:02:54.5011379Z #26 writing layer sha256:283c139709fe7bcd89a1cc7c302b901b0d9729aaa0536d1eaa8d46d48c8e9cd6 0.8s done
image	Construir imagem (também em pull requests)	2026-09-28T14:02:54.6409194Z #26 writing layer sha256:43e5f307d2356b101e29d0ad6a741547bcdc76b57688ba43f65a1d68f97018e5 0.1s done
image	Construir imagem (também em pull requests)	2026-09-28T14:02:54.8038647Z #26 writing layer sha256:4f4fb700ef54461cfa02571ae0db9a0dc1e0cdb5577484a6d75e68dc38e8acc1 0.1s done
image	Construir imagem (também em pull requests)	2026-09-28T14:02:54.9722206Z #26 writing layer sha256:4fe30289cca7ad88561d2fd5028f587b6089f314c9ef89c81166202dbd18ed26 0.1s done
image	Construir imagem (também em pull requests)	2026-09-28T14:02:55.1144654Z #26 writing layer sha256:528b48a07f784fe320d419ad522c6ea0b720de09023f17b205ceb39b82259996 0.1s done
image	Construir imagem (também em pull requests)	2026-09-28T14:02:55.2447315Z #26 writing layer sha256:55961032bbfae8434221ad0a485be57cde39680632ed83602856790d30df4ff1 0.1s done
image	Construir imagem (também em pull requests)	2026-09-28T14:02:55.4061521Z #26 writing layer sha256:578a92f1fad0d0d855eaa30b7cbd35f8a8d381413fb0ce57f6ba8b556a7d8a76 0.1s done
image	Construir imagem (também em pull requests)	2026-09-28T14:02:55.5323930Z #26 writing layer sha256:67f774a47cb5f1b0e174ed3c41b21e8cb9df75ccf312e886bb784ab409447775 0.1s done
image	Construir imagem (também em pull requests)	2026-09-28T14:02:55.7049833Z #26 writing layer sha256:6ed9971a62fa977a56b299303af6d9bd1a25e1c68c7eec80c15b38deb612c755
image	Construir imagem (também em pull requests)	2026-09-28T14:02:56.7358891Z #26 writing layer sha256:6ed9971a62fa977a56b299303af6d9bd1a25e1c68c7eec80c15b38deb612c755 1.2s done
image	Construir imagem (também em pull requests)	2026-09-28T14:02:56.9086325Z #26 writing layer sha256:71f9afa6775117e2e3d8d347cdc35c7ce4d32d22852ff1e8bbda497f2c4c61c6
image	Construir imagem (também em pull requests)	2026-09-28T14:02:58.8835208Z #26 writing layer sha256:71f9afa6775117e2e3d8d347cdc35c7ce4d32d22852ff1e8bbda497f2c4c61c6 2.1s done
image	Construir imagem (também em pull requests)	2026-09-28T14:02:59.0384928Z #26 writing layer sha256:7ba49b43b6343cc029ad79db180c1a507425c664b0e19fce78e2bdc650dfa208 0.1s done
image	Construir imagem (também em pull requests)	2026-09-28T14:02:59.1812715Z #26 writing layer sha256:7efdfff802089e5672763eaaa12b49fb3551a64311ed552a0905bd616d7ab440 0.1s done
image	Construir imagem (também em pull requests)	2026-09-28T14:02:59.3528098Z #26 writing layer sha256:8105fc05c4eb3309c9ac6ad5d52f52cb7db2db824f04af2d41b00e217a3cd046
image	Construir imagem (também em pull requests)	2026-09-28T14:03:02.9871479Z #26 writing layer sha256:8105fc05c4eb3309c9ac6ad5d52f52cb7db2db824f04af2d41b00e217a3cd046 3.8s done
image	Construir imagem (também em pull requests)	2026-09-28T14:03:03.1661068Z #26 writing layer sha256:b2a6841fdc6cbd085097deb1d9c720069dbacee84cf1687213de59da32ae5805
image	Construir imagem (também em pull requests)	2026-09-28T14:03:03.6576683Z #26 writing layer sha256:b2a6841fdc6cbd085097deb1d9c720069dbacee84cf1687213de59da32ae5805 0.6s done
image	Construir imagem (também em pull requests)	2026-09-28T14:03:03.7861368Z #26 writing layer sha256:b48136ba43e0609a76b4010f4cc70f4c83a6f2648348038db30103843e7aa4a2 0.1s done
image	Construir imagem (também em pull requests)	2026-09-28T14:03:03.9488001Z #26 writing layer sha256:ccf720c427998b2e1f21937e1f2e11c849fc45bbcd3f915ad18bf114d76bf341 0.1s done
image	Construir imagem (também em pull requests)	2026-09-28T14:03:04.0781224Z #26 writing layer sha256:dc9b97ae00c54f9b9e94024af122dec82aa0c93fde7be6cb6bd7ddd0236bc91d 0.1s done
image	Construir imagem (também em pull requests)	2026-09-28T14:03:04.2188593Z #26 writing layer sha256:dd1380fd83f09a4e55ae12e3e7ad45b77ab8bd2670e34e271f271a3533200b34 0.1s done
image	Construir imagem (também em pull requests)	2026-09-28T14:03:04.3936951Z #26 writing layer sha256:edd1ed89f0d443580bd42e5a10cd8736aba5a3438b2a0645c2ebb50119bb0eba
image	Construir imagem (também em pull requests)	2026-09-28T14:03:05.8004252Z #26 writing layer sha256:edd1ed89f0d443580bd42e5a10cd8736aba5a3438b2a0645c2ebb50119bb0eba 1.6s done
image	Construir imagem (também em pull requests)	2026-09-28T14:03:05.9248017Z #26 writing layer sha256:f609beddd215e8e6d959cc995f0c5e786fe3e500076802ffe6973a1d86cab777 0.1s done
image	Construir imagem (também em pull requests)	2026-09-28T14:03:06.0656170Z #26 sending cache export 23.8s done
image	Construir imagem (também em pull requests)	2026-09-28T14:03:06.0660734Z #26 DONE 26.1s
image	Construir imagem (também em pull requests)	2026-09-28T14:03:06.1045456Z 
image	Construir imagem (também em pull requests)	2026-09-28T14:03:06.1046060Z #27 resolving provenance for metadata file
image	Construir imagem (também em pull requests)	2026-09-28T14:03:06.1046748Z #27 DONE 0.0s
image	Construir imagem (também em pull requests)	2026-09-28T14:03:06.1121656Z ##[group]ImageID
image	Construir imagem (também em pull requests)	2026-09-28T14:03:06.1124178Z sha256:a7903aa526fe92e96983f52e51d7a32a119facf53a24601c8acac6cad53bfc5b
image	Construir imagem (também em pull requests)	2026-09-28T14:03:06.1126396Z ##[endgroup]
image	Construir imagem (também em pull requests)	2026-09-28T14:03:06.1130242Z ##[group]Digest
image	Construir imagem (também em pull requests)	2026-09-28T14:03:06.1130895Z sha256:a3a1aca8ffea5f5306ca824c35228032923576614dd064e6541e9eda35753b42
image	Construir imagem (também em pull requests)	2026-09-28T14:03:06.1131869Z ##[endgroup]
image	Construir imagem (também em pull requests)	2026-09-28T14:03:06.1132567Z ##[group]Metadata
image	Construir imagem (também em pull requests)	2026-09-28T14:03:06.1133113Z {
image	Construir imagem (também em pull requests)	2026-09-28T14:03:06.1134194Z   "buildx.build.provenance": {
image	Construir imagem (também em pull requests)	2026-09-28T14:03:06.1135910Z     "builder": {
image	Construir imagem (também em pull requests)	2026-09-28T14:03:06.1136163Z       "id": ""
image	Construir imagem (também em pull requests)	2026-09-28T14:03:06.1136588Z     },
image	Construir imagem (também em pull requests)	2026-09-28T14:03:06.1136950Z     "buildType": "https://mobyproject.org/buildkit@v1",
image	Construir imagem (também em pull requests)	2026-09-28T14:03:06.1137400Z     "materials": [
image	Construir imagem (também em pull requests)	2026-09-28T14:03:06.1137767Z       {
image	Construir imagem (também em pull requests)	2026-09-28T14:03:06.1138120Z         "uri": "pkg:docker/docker/dockerfile@1",
image	Construir imagem (também em pull requests)	2026-09-28T14:03:06.1139205Z         "digest": {
image	Construir imagem (também em pull requests)	2026-09-28T14:03:06.1139844Z           "sha256": "ecfaec9ed6d810b56388c508f4121597bfbba70d41a6dfeee4d8cad5f295fc32"
image	Construir imagem (também em pull requests)	2026-09-28T14:03:06.1140626Z         }
image	Construir imagem (também em pull requests)	2026-09-28T14:03:06.1140940Z       },
image	Construir imagem (também em pull requests)	2026-09-28T14:03:06.1141243Z       {
image	Construir imagem (também em pull requests)	2026-09-28T14:03:06.1141766Z         "uri": "pkg:docker/eclipse-temurin@17-jre-jammy?platform=linux%2Famd64",
image	Construir imagem (também em pull requests)	2026-09-28T14:03:06.1142493Z         "digest": {
image	Construir imagem (também em pull requests)	2026-09-28T14:03:06.1143066Z           "sha256": "97137382c6f0c30427d9b7c44ad8b2d55ac823b0768c171d81a643ed219023c5"
image	Construir imagem (também em pull requests)	2026-09-28T14:03:06.1143735Z         }
image	Construir imagem (também em pull requests)	2026-09-28T14:03:06.1144026Z       },
image	Construir imagem (também em pull requests)	2026-09-28T14:03:06.1144328Z       {
image	Construir imagem (também em pull requests)	2026-09-28T14:03:06.1144863Z         "uri": "pkg:docker/maven@3.9-eclipse-temurin-17?platform=linux%2Famd64",
image	Construir imagem (também em pull requests)	2026-09-28T14:03:06.1145496Z         "digest": {
image	Construir imagem (também em pull requests)	2026-09-28T14:03:06.1146091Z           "sha256": "f1ab639371711ac150c8e344bff7d39d8161c17a531b5dd653d3fa03af554807"
image	Construir imagem (também em pull requests)	2026-09-28T14:03:06.1146758Z         }
image	Construir imagem (também em pull requests)	2026-09-28T14:03:06.1146991Z       }
image	Construir imagem (também em pull requests)	2026-09-28T14:03:06.1147168Z     ],
image	Construir imagem (também em pull requests)	2026-09-28T14:03:06.1147348Z     "invocation": {
image	Construir imagem (também em pull requests)	2026-09-28T14:03:06.1147558Z       "configSource": {
image	Construir imagem (também em pull requests)	2026-09-28T14:03:06.1147826Z         "entryPoint": "Dockerfile"
image	Construir imagem (também em pull requests)	2026-09-28T14:03:06.1148095Z       },
image	Construir imagem (também em pull requests)	2026-09-28T14:03:06.1148665Z       "parameters": {
image	Construir imagem (também em pull requests)	2026-09-28T14:03:06.1148986Z         "frontend": "gateway.v0",
image	Construir imagem (também em pull requests)	2026-09-28T14:03:06.1149235Z         "args": {
image	Construir imagem (também em pull requests)	2026-09-28T14:03:06.1149540Z           "build-arg:APP_VERSION": "6159371fb0a1a30fea8be03a87b404817cac85da",
image	Construir imagem (também em pull requests)	2026-09-28T14:03:06.1149926Z           "cmdline": "docker/dockerfile:1",
image	Construir imagem (também em pull requests)	2026-09-28T14:03:06.1150282Z           "source": "docker/dockerfile:1"
image	Construir imagem (também em pull requests)	2026-09-28T14:03:06.1150579Z         },
image	Construir imagem (também em pull requests)	2026-09-28T14:03:06.1150776Z         "locals": [
image	Construir imagem (também em pull requests)	2026-09-28T14:03:06.1150984Z           {
image	Construir imagem (também em pull requests)	2026-09-28T14:03:06.1151193Z             "name": "context"
image	Construir imagem (também em pull requests)	2026-09-28T14:03:06.1151434Z           },
image	Construir imagem (também em pull requests)	2026-09-28T14:03:06.1151630Z           {
image	Construir imagem (também em pull requests)	2026-09-28T14:03:06.1151820Z             "name": "dockerfile"
image	Construir imagem (também em pull requests)	2026-09-28T14:03:06.1152047Z           }
image	Construir imagem (também em pull requests)	2026-09-28T14:03:06.1152217Z         ],
image	Construir imagem (também em pull requests)	2026-09-28T14:03:06.1152411Z         "root": {
image	Construir imagem (também em pull requests)	2026-09-28T14:03:06.1152614Z           "configSource": {
image	Construir imagem (também em pull requests)	2026-09-28T14:03:06.1152878Z             "path": "Dockerfile"
image	Construir imagem (também em pull requests)	2026-09-28T14:03:06.1153123Z           },
image	Construir imagem (também em pull requests)	2026-09-28T14:03:06.1153330Z           "request": {
image	Construir imagem (também em pull requests)	2026-09-28T14:03:06.1153552Z             "args": {
image	Construir imagem (também em pull requests)	2026-09-28T14:03:06.1153876Z               "build-arg:APP_VERSION": "6159371fb0a1a30fea8be03a87b404817cac85da",
image	Construir imagem (também em pull requests)	2026-09-28T14:03:06.1154290Z               "vcs:localdir:context": ".",
image	Construir imagem (também em pull requests)	2026-09-28T14:03:06.1154825Z               "vcs:localdir:dockerfile": ".",
image	Construir imagem (também em pull requests)	2026-09-28T14:03:06.1155178Z               "vcs:revision": "6159371fb0a1a30fea8be03a87b404817cac85da",
image	Construir imagem (também em pull requests)	2026-09-28T14:03:06.1155645Z               "vcs:source": "https://github.com/Kalicon/ecohospital-esg-cicd"
image	Construir imagem (também em pull requests)	2026-09-28T14:03:06.1156003Z             }
image	Construir imagem (também em pull requests)	2026-09-28T14:03:06.1156182Z           }
image	Construir imagem (também em pull requests)	2026-09-28T14:03:06.1156358Z         },
image	Construir imagem (também em pull requests)	2026-09-28T14:03:06.1156559Z         "compatibilityVersion": 30
image	Construir imagem (também em pull requests)	2026-09-28T14:03:06.1156804Z       },
image	Construir imagem (também em pull requests)	2026-09-28T14:03:06.1157005Z       "environment": {
image	Construir imagem (também em pull requests)	2026-09-28T14:03:06.1157285Z         "github_actor": "Kalicon",
image	Construir imagem (também em pull requests)	2026-09-28T14:03:06.1157590Z         "github_actor_id": "216019873",
image	Construir imagem (também em pull requests)	2026-09-28T14:03:06.1157917Z         "github_event_name": "push",
image	Construir imagem (também em pull requests)	2026-09-28T14:03:06.1158479Z         "github_event_payload": {
image	Construir imagem (também em pull requests)	2026-09-28T14:03:06.1158850Z           "after": "6159371fb0a1a30fea8be03a87b404817cac85da",
image	Construir imagem (também em pull requests)	2026-09-28T14:03:06.1159206Z           "base_ref": null,
image	Construir imagem (também em pull requests)	2026-09-28T14:03:06.1159501Z           "before": "0000000000000000000000000000000000000000",
image	Construir imagem (também em pull requests)	2026-09-28T14:03:06.1159835Z           "commits": [
image	Construir imagem (também em pull requests)	2026-09-28T14:03:06.1160205Z             {
image	Construir imagem (também em pull requests)	2026-09-28T14:03:06.1160412Z               "author": {
image	Construir imagem (também em pull requests)	2026-09-28T14:03:06.1160751Z                 "email": "216019873+Kalicon@users.noreply.github.com",
image	Construir imagem (também em pull requests)	2026-09-28T14:03:06.1161117Z                 "name": "Kalicon Amorim",
image	Construir imagem (também em pull requests)	2026-09-28T14:03:06.1161423Z                 "username": "Kalicon"
image	Construir imagem (também em pull requests)	2026-09-28T14:03:06.1161681Z               },
image	Construir imagem (também em pull requests)	2026-09-28T14:03:06.1161906Z               "committer": {
image	Construir imagem (também em pull requests)	2026-09-28T14:03:06.1162219Z                 "email": "216019873+Kalicon@users.noreply.github.com",
image	Construir imagem (também em pull requests)	2026-09-28T14:03:06.1162610Z                 "name": "Kalicon Amorim",
image	Construir imagem (também em pull requests)	2026-09-28T14:03:06.1162933Z                 "username": "Kalicon"
image	Construir imagem (também em pull requests)	2026-09-28T14:03:06.1163231Z               },
image	Construir imagem (também em pull requests)	2026-09-28T14:03:06.1163449Z               "distinct": true,
image	Construir imagem (também em pull requests)	2026-09-28T14:03:06.1163744Z               "id": "6159371fb0a1a30fea8be03a87b404817cac85da",
image	Construir imagem (também em pull requests)	2026-09-28T14:03:06.1164224Z               "message": "Implementa EcoHospital Spring Boot com Docker, testes e CI/CD",
image	Construir imagem (também em pull requests)	2026-09-28T14:03:06.1164692Z               "timestamp": "2026-09-28T11:00:00-03:00",
image	Construir imagem (também em pull requests)	2026-09-28T14:03:06.1165050Z               "tree_id": "2f4fa38188ec16ac07ec81c8227102f9d8cb3957",
image	Construir imagem (também em pull requests)	2026-09-28T14:03:06.1165670Z               "url": "https://github.com/Kalicon/ecohospital-esg-cicd/commit/6159371fb0a1a30fea8be03a87b404817cac85da"
image	Construir imagem (também em pull requests)	2026-09-28T14:03:06.1166202Z             }
image	Construir imagem (também em pull requests)	2026-09-28T14:03:06.1166378Z           ],
image	Construir imagem (também em pull requests)	2026-09-28T14:03:06.1166742Z           "compare": "https://github.com/Kalicon/ecohospital-esg-cicd/commit/6159371fb0a1",
image	Construir imagem (também em pull requests)	2026-09-28T14:03:06.1167192Z           "created": true,
image	Construir imagem (também em pull requests)	2026-09-28T14:03:06.1167430Z           "deleted": false,
image	Construir imagem (também em pull requests)	2026-09-28T14:03:06.1167653Z           "forced": false,
image	Construir imagem (também em pull requests)	2026-09-28T14:03:06.1167889Z           "head_commit": {
image	Construir imagem (também em pull requests)	2026-09-28T14:03:06.1168123Z             "author": {
image	Construir imagem (também em pull requests)	2026-09-28T14:03:06.1168693Z               "email": "216019873+Kalicon@users.noreply.github.com",
image	Construir imagem (também em pull requests)	2026-09-28T14:03:06.1169055Z               "name": "Kalicon Amorim",
image	Construir imagem (também em pull requests)	2026-09-28T14:03:06.1169344Z               "username": "Kalicon"
image	Construir imagem (também em pull requests)	2026-09-28T14:03:06.1169603Z             },
image	Construir imagem (também em pull requests)	2026-09-28T14:03:06.1169813Z             "committer": {
image	Construir imagem (também em pull requests)	2026-09-28T14:03:06.1170105Z               "email": "216019873+Kalicon@users.noreply.github.com",
image	Construir imagem (também em pull requests)	2026-09-28T14:03:06.1170445Z               "name": "Kalicon Amorim",
image	Construir imagem (também em pull requests)	2026-09-28T14:03:06.1170716Z               "username": "Kalicon"
image	Construir imagem (também em pull requests)	2026-09-28T14:03:06.1170968Z             },
image	Construir imagem (também em pull requests)	2026-09-28T14:03:06.1171178Z             "distinct": true,
image	Construir imagem (também em pull requests)	2026-09-28T14:03:06.1171467Z             "id": "6159371fb0a1a30fea8be03a87b404817cac85da",
image	Construir imagem (também em pull requests)	2026-09-28T14:03:06.1171937Z             "message": "Implementa EcoHospital Spring Boot com Docker, testes e CI/CD",
image	Construir imagem (também em pull requests)	2026-09-28T14:03:06.1172389Z             "timestamp": "2026-09-28T11:00:00-03:00",
image	Construir imagem (também em pull requests)	2026-09-28T14:03:06.1172736Z             "tree_id": "2f4fa38188ec16ac07ec81c8227102f9d8cb3957",
image	Construir imagem (também em pull requests)	2026-09-28T14:03:06.1173336Z             "url": "https://github.com/Kalicon/ecohospital-esg-cicd/commit/6159371fb0a1a30fea8be03a87b404817cac85da"
image	Construir imagem (também em pull requests)	2026-09-28T14:03:06.1174006Z           },
image	Construir imagem (também em pull requests)	2026-09-28T14:03:06.1174228Z           "pusher": {
image	Construir imagem (também em pull requests)	2026-09-28T14:03:06.1174488Z             "email": "kalicon.amorim@hotmail.com",
image	Construir imagem (também em pull requests)	2026-09-28T14:03:06.1174799Z             "name": "Kalicon"
image	Construir imagem (também em pull requests)	2026-09-28T14:03:06.1175039Z           },
image	Construir imagem (também em pull requests)	2026-09-28T14:03:06.1175259Z           "ref": "refs/heads/main",
image	Construir imagem (também em pull requests)	2026-09-28T14:03:06.1175600Z           "repository": {
image	Construir imagem (também em pull requests)	2026-09-28T14:03:06.1175856Z             "allow_forking": true,
image	Construir imagem (também em pull requests)	2026-09-28T14:03:06.1176383Z             "archive_url": "https://api.github.com/repos/Kalicon/ecohospital-esg-cicd/{archive_format}{/ref}",
image	Construir imagem (também em pull requests)	2026-09-28T14:03:06.1176888Z             "archived": false,
image	Construir imagem (também em pull requests)	2026-09-28T14:03:06.1177367Z             "assignees_url": "https://api.github.com/repos/Kalicon/ecohospital-esg-cicd/assignees{/user}",
image	Construir imagem (também em pull requests)	2026-09-28T14:03:06.1178054Z             "blobs_url": "https://api.github.com/repos/Kalicon/ecohospital-esg-cicd/git/blobs{/sha}",
image	Construir imagem (também em pull requests)	2026-09-28T14:03:06.1178989Z             "branches_url": "https://api.github.com/repos/Kalicon/ecohospital-esg-cicd/branches{/branch}",
image	Construir imagem (também em pull requests)	2026-09-28T14:03:06.1179604Z             "clone_url": "https://github.com/Kalicon/ecohospital-esg-cicd.git",
image	Construir imagem (também em pull requests)	2026-09-28T14:03:06.1180440Z             "collaborators_url": "https://api.github.com/repos/Kalicon/ecohospital-esg-cicd/collaborators{/collaborator}",
image	Construir imagem (também em pull requests)	2026-09-28T14:03:06.1181211Z             "comments_url": "https://api.github.com/repos/Kalicon/ecohospital-esg-cicd/comments{/number}",
image	Construir imagem (também em pull requests)	2026-09-28T14:03:06.1181874Z             "commits_url": "https://api.github.com/repos/Kalicon/ecohospital-esg-cicd/commits{/sha}",
image	Construir imagem (também em pull requests)	2026-09-28T14:03:06.1182577Z             "compare_url": "https://api.github.com/repos/Kalicon/ecohospital-esg-cicd/compare/{base}...{head}",
image	Construir imagem (também em pull requests)	2026-09-28T14:03:06.1183311Z             "contents_url": "https://api.github.com/repos/Kalicon/ecohospital-esg-cicd/contents/{+path}",
image	Construir imagem (também em pull requests)	2026-09-28T14:03:06.1184051Z             "contributors_url": "https://api.github.com/repos/Kalicon/ecohospital-esg-cicd/contributors",
image	Construir imagem (também em pull requests)	2026-09-28T14:03:06.1184510Z             "created_at": 1790604030,
image	Construir imagem (também em pull requests)	2026-09-28T14:03:06.1184762Z             "default_branch": "main",
image	Construir imagem (também em pull requests)	2026-09-28T14:03:06.1185218Z             "deployments_url": "https://api.github.com/repos/Kalicon/ecohospital-esg-cicd/deployments",
image	Construir imagem (também em pull requests)	2026-09-28T14:03:06.1186171Z             "description": "EcoHospital Smart: Java Spring Boot, Docker e CI/CD acadêmico com staging e produção",
image	Construir imagem (também em pull requests)	2026-09-28T14:03:06.1187145Z             "disabled": false,
image	Construir imagem (também em pull requests)	2026-09-28T14:03:06.1189406Z             "downloads_url": "https://api.github.com/repos/Kalicon/ecohospital-esg-cicd/downloads",
image	Construir imagem (também em pull requests)	2026-09-28T14:03:06.1190662Z             "events_url": "https://api.github.com/repos/Kalicon/ecohospital-esg-cicd/events",
image	Construir imagem (também em pull requests)	2026-09-28T14:03:06.1191405Z             "fork": false,
image	Construir imagem (também em pull requests)	2026-09-28T14:03:06.1191797Z             "forks": 0,
image	Construir imagem (também em pull requests)	2026-09-28T14:03:06.1192189Z             "forks_count": 0,
image	Construir imagem (também em pull requests)	2026-09-28T14:03:06.1192876Z             "forks_url": "https://api.github.com/repos/Kalicon/ecohospital-esg-cicd/forks",
image	Construir imagem (também em pull requests)	2026-09-28T14:03:06.1193721Z             "full_name": "Kalicon/ecohospital-esg-cicd",
image	Construir imagem (também em pull requests)	2026-09-28T14:03:06.1194648Z             "git_commits_url": "https://api.github.com/repos/Kalicon/ecohospital-esg-cicd/git/commits{/sha}",
image	Construir imagem (também em pull requests)	2026-09-28T14:03:06.1195854Z             "git_refs_url": "https://api.github.com/repos/Kalicon/ecohospital-esg-cicd/git/refs{/sha}",
image	Construir imagem (também em pull requests)	2026-09-28T14:03:06.1196929Z             "git_tags_url": "https://api.github.com/repos/Kalicon/ecohospital-esg-cicd/git/tags{/sha}",
image	Construir imagem (também em pull requests)	2026-09-28T14:03:06.1197924Z             "git_url": "git://github.com/Kalicon/ecohospital-esg-cicd.git",
image	Construir imagem (também em pull requests)	2026-09-28T14:03:06.1198884Z             "has_discussions": false,
image	Construir imagem (também em pull requests)	2026-09-28T14:03:06.1199317Z             "has_downloads": true,
image	Construir imagem (também em pull requests)	2026-09-28T14:03:06.1199728Z             "has_issues": true,
image	Construir imagem (também em pull requests)	2026-09-28T14:03:06.1200133Z             "has_pages": false,
image	Construir imagem (também em pull requests)	2026-09-28T14:03:06.1200543Z             "has_projects": true,
image	Construir imagem (também em pull requests)	2026-09-28T14:03:06.1200964Z             "has_pull_requests": true,
image	Construir imagem (também em pull requests)	2026-09-28T14:03:06.1201400Z             "has_wiki": true,
image	Construir imagem (também em pull requests)	2026-09-28T14:03:06.1202045Z             "homepage": null,
image	Construir imagem (também em pull requests)	2026-09-28T14:03:06.1202708Z             "hooks_url": "https://api.github.com/repos/Kalicon/ecohospital-esg-cicd/hooks",
image	Construir imagem (também em pull requests)	2026-09-28T14:03:06.1203582Z             "html_url": "https://github.com/Kalicon/ecohospital-esg-cicd",
image	Construir imagem (também em pull requests)	2026-09-28T14:03:06.1204178Z             "id": 1392867924,
image	Construir imagem (também em pull requests)	2026-09-28T14:03:06.1204582Z             "is_template": false,
image	Construir imagem (também em pull requests)	2026-09-28T14:03:06.1205511Z             "issue_comment_url": "https://api.github.com/repos/Kalicon/ecohospital-esg-cicd/issues/comments{/number}",
image	Construir imagem (também em pull requests)	2026-09-28T14:03:06.1206752Z             "issue_events_url": "https://api.github.com/repos/Kalicon/ecohospital-esg-cicd/issues/events{/number}",
image	Construir imagem (também em pull requests)	2026-09-28T14:03:06.1207460Z             "issues_url": "https://api.github.com/repos/Kalicon/ecohospital-esg-cicd/issues{/number}",
image	Construir imagem (também em pull requests)	2026-09-28T14:03:06.1208073Z             "keys_url": "https://api.github.com/repos/Kalicon/ecohospital-esg-cicd/keys{/key_id}",
image	Construir imagem (também em pull requests)	2026-09-28T14:03:06.1208947Z             "labels_url": "https://api.github.com/repos/Kalicon/ecohospital-esg-cicd/labels{/name}",
image	Construir imagem (também em pull requests)	2026-09-28T14:03:06.1209395Z             "language": null,
image	Construir imagem (também em pull requests)	2026-09-28T14:03:06.1210027Z             "languages_url": "https://api.github.com/repos/Kalicon/ecohospital-esg-cicd/languages",
image	Construir imagem (também em pull requests)	2026-09-28T14:03:06.1210475Z             "license": null,
image	Construir imagem (também em pull requests)	2026-09-28T14:03:06.1210711Z             "master_branch": "main",
image	Construir imagem (também em pull requests)	2026-09-28T14:03:06.1211108Z             "merges_url": "https://api.github.com/repos/Kalicon/ecohospital-esg-cicd/merges",
image	Construir imagem (também em pull requests)	2026-09-28T14:03:06.1211723Z             "milestones_url": "https://api.github.com/repos/Kalicon/ecohospital-esg-cicd/milestones{/number}",
image	Construir imagem (também em pull requests)	2026-09-28T14:03:06.1212196Z             "mirror_url": null,
image	Construir imagem (também em pull requests)	2026-09-28T14:03:06.1212449Z             "name": "ecohospital-esg-cicd",
image	Construir imagem (também em pull requests)	2026-09-28T14:03:06.1212725Z             "node_id": "R_kgDOUwV6VA",
image	Construir imagem (também em pull requests)	2026-09-28T14:03:06.1213282Z             "notifications_url": "https://api.github.com/repos/Kalicon/ecohospital-esg-cicd/notifications{?since,all,participating}",
image	Construir imagem (também em pull requests)	2026-09-28T14:03:06.1213847Z             "open_issues": 0,
image	Construir imagem (também em pull requests)	2026-09-28T14:03:06.1214090Z             "open_issues_count": 0,
image	Construir imagem (também em pull requests)	2026-09-28T14:03:06.1214332Z             "owner": {
image	Construir imagem (também em pull requests)	2026-09-28T14:03:06.1214660Z               "avatar_url": "https://avatars.githubusercontent.com/u/216019873?v=4",
image	Construir imagem (também em pull requests)	2026-09-28T14:03:06.1215069Z               "email": "kalicon.amorim@hotmail.com",
image	Construir imagem (também em pull requests)	2026-09-28T14:03:06.1215460Z               "events_url": "https://api.github.com/users/Kalicon/events{/privacy}",
image	Construir imagem (também em pull requests)	2026-09-28T14:03:06.1215922Z               "followers_url": "https://api.github.com/users/Kalicon/followers",
image	Construir imagem (também em pull requests)	2026-09-28T14:03:06.1216414Z               "following_url": "https://api.github.com/users/Kalicon/following{/other_user}",
image	Construir imagem (também em pull requests)	2026-09-28T14:03:06.1216914Z               "gists_url": "https://api.github.com/users/Kalicon/gists{/gist_id}",
image	Construir imagem (também em pull requests)	2026-09-28T14:03:06.1217274Z               "gravatar_id": "",
image	Construir imagem (também em pull requests)	2026-09-28T14:03:06.1217584Z               "html_url": "https://github.com/Kalicon",
image	Construir imagem (também em pull requests)	2026-09-28T14:03:06.1217868Z               "id": 216019873,
image	Construir imagem (também em pull requests)	2026-09-28T14:03:06.1218106Z               "login": "Kalicon",
image	Construir imagem (também em pull requests)	2026-09-28T14:03:06.1218601Z               "name": "Kalicon",
image	Construir imagem (também em pull requests)	2026-09-28T14:03:06.1218868Z               "node_id": "U_kgDODOAzoQ",
image	Construir imagem (também em pull requests)	2026-09-28T14:03:06.1219227Z               "organizations_url": "https://api.github.com/users/Kalicon/orgs",
image	Construir imagem (também em pull requests)	2026-09-28T14:03:06.1219722Z               "received_events_url": "https://api.github.com/users/Kalicon/received_events",
image	Construir imagem (também em pull requests)	2026-09-28T14:03:06.1220193Z               "repos_url": "https://api.github.com/users/Kalicon/repos",
image	Construir imagem (também em pull requests)	2026-09-28T14:03:06.1220527Z               "site_admin": false,
image	Construir imagem (também em pull requests)	2026-09-28T14:03:06.1220898Z               "starred_url": "https://api.github.com/users/Kalicon/starred{/owner}{/repo}",
image	Construir imagem (também em pull requests)	2026-09-28T14:03:06.1221429Z               "subscriptions_url": "https://api.github.com/users/Kalicon/subscriptions",
image	Construir imagem (também em pull requests)	2026-09-28T14:03:06.1221829Z               "type": "User",
image	Construir imagem (também em pull requests)	2026-09-28T14:03:06.1222107Z               "url": "https://api.github.com/users/Kalicon",
image	Construir imagem (também em pull requests)	2026-09-28T14:03:06.1222426Z               "user_view_type": "public"
image	Construir imagem (também em pull requests)	2026-09-28T14:03:06.1222821Z             },
image	Construir imagem (também em pull requests)	2026-09-28T14:03:06.1223020Z             "private": false,
image	Construir imagem (também em pull requests)	2026-09-28T14:03:06.1223280Z             "pull_request_creation_policy": "all",
image	Construir imagem (também em pull requests)	2026-09-28T14:03:06.1223743Z             "pulls_url": "https://api.github.com/repos/Kalicon/ecohospital-esg-cicd/pulls{/number}",
image	Construir imagem (também em pull requests)	2026-09-28T14:03:06.1224186Z             "pushed_at": 1790604070,
image	Construir imagem (também em pull requests)	2026-09-28T14:03:06.1224610Z             "releases_url": "https://api.github.com/repos/Kalicon/ecohospital-esg-cicd/releases{/id}",
image	Construir imagem (também em pull requests)	2026-09-28T14:03:06.1225040Z             "size": 0,
image	Construir imagem (também em pull requests)	2026-09-28T14:03:06.1225363Z             "ssh_url": "git@github.com:Kalicon/ecohospital-esg-cicd.git",
image	Construir imagem (também em pull requests)	2026-09-28T14:03:06.1225714Z             "stargazers": 0,
image	Construir imagem (também em pull requests)	2026-09-28T14:03:06.1225944Z             "stargazers_count": 0,
image	Construir imagem (também em pull requests)	2026-09-28T14:03:06.1226358Z             "stargazers_url": "https://api.github.com/repos/Kalicon/ecohospital-esg-cicd/stargazers",
image	Construir imagem (também em pull requests)	2026-09-28T14:03:06.1226963Z             "statuses_url": "https://api.github.com/repos/Kalicon/ecohospital-esg-cicd/statuses/{sha}",
image	Construir imagem (também em pull requests)	2026-09-28T14:03:06.1227580Z             "subscribers_url": "https://api.github.com/repos/Kalicon/ecohospital-esg-cicd/subscribers",
image	Construir imagem (também em pull requests)	2026-09-28T14:03:06.1228639Z             "subscription_url": "https://api.github.com/repos/Kalicon/ecohospital-esg-cicd/subscription",
image	Construir imagem (também em pull requests)	2026-09-28T14:03:06.1229182Z             "svn_url": "https://github.com/Kalicon/ecohospital-esg-cicd",
image	Construir imagem (também em pull requests)	2026-09-28T14:03:06.1229645Z             "tags_url": "https://api.github.com/repos/Kalicon/ecohospital-esg-cicd/tags",
image	Construir imagem (também em pull requests)	2026-09-28T14:03:06.1230169Z             "teams_url": "https://api.github.com/repos/Kalicon/ecohospital-esg-cicd/teams",
image	Construir imagem (também em pull requests)	2026-09-28T14:03:06.1230563Z             "topics": [],
image	Construir imagem (também em pull requests)	2026-09-28T14:03:06.1230945Z             "trees_url": "https://api.github.com/repos/Kalicon/ecohospital-esg-cicd/git/trees{/sha}",
image	Construir imagem (também em pull requests)	2026-09-28T14:03:06.1231386Z             "updated_at": "2026-09-28T14:01:08Z",
image	Construir imagem (também em pull requests)	2026-09-28T14:03:06.1231752Z             "url": "https://api.github.com/repos/Kalicon/ecohospital-esg-cicd",
image	Construir imagem (também em pull requests)	2026-09-28T14:03:06.1232118Z             "visibility": "public",
image	Construir imagem (também em pull requests)	2026-09-28T14:03:06.1232362Z             "watchers": 0,
image	Construir imagem (também em pull requests)	2026-09-28T14:03:06.1232588Z             "watchers_count": 0,
image	Construir imagem (também em pull requests)	2026-09-28T14:03:06.1232841Z             "web_commit_signoff_required": false
image	Construir imagem (também em pull requests)	2026-09-28T14:03:06.1233107Z           },
image	Construir imagem (também em pull requests)	2026-09-28T14:03:06.1233287Z           "sender": {
image	Construir imagem (também em pull requests)	2026-09-28T14:03:06.1233608Z             "avatar_url": "https://avatars.githubusercontent.com/u/216019873?v=4",
image	Construir imagem (também em pull requests)	2026-09-28T14:03:06.1234116Z             "events_url": "https://api.github.com/users/Kalicon/events{/privacy}",
image	Construir imagem (também em pull requests)	2026-09-28T14:03:06.1234579Z             "followers_url": "https://api.github.com/users/Kalicon/followers",
image	Construir imagem (também em pull requests)	2026-09-28T14:03:06.1235092Z             "following_url": "https://api.github.com/users/Kalicon/following{/other_user}",
image	Construir imagem (também em pull requests)	2026-09-28T14:03:06.1235869Z             "gists_url": "https://api.github.com/users/Kalicon/gists{/gist_id}",
image	Construir imagem (também em pull requests)	2026-09-28T14:03:06.1236251Z             "gravatar_id": "",
image	Construir imagem (também em pull requests)	2026-09-28T14:03:06.1236674Z             "html_url": "https://github.com/Kalicon",
image	Construir imagem (também em pull requests)	2026-09-28T14:03:06.1236987Z             "id": 216019873,
image	Construir imagem (também em pull requests)	2026-09-28T14:03:06.1237216Z             "login": "Kalicon",
image	Construir imagem (também em pull requests)	2026-09-28T14:03:06.1237455Z             "node_id": "U_kgDODOAzoQ",
image	Construir imagem (também em pull requests)	2026-09-28T14:03:06.1237817Z             "organizations_url": "https://api.github.com/users/Kalicon/orgs",
image	Construir imagem (também em pull requests)	2026-09-28T14:03:06.1238584Z             "received_events_url": "https://api.github.com/users/Kalicon/received_events",
image	Construir imagem (também em pull requests)	2026-09-28T14:03:06.1239174Z             "repos_url": "https://api.github.com/users/Kalicon/repos",
image	Construir imagem (também em pull requests)	2026-09-28T14:03:06.1239513Z             "site_admin": false,
image	Construir imagem (também em pull requests)	2026-09-28T14:03:06.1239874Z             "starred_url": "https://api.github.com/users/Kalicon/starred{/owner}{/repo}",
image	Construir imagem (também em pull requests)	2026-09-28T14:03:06.1240385Z             "subscriptions_url": "https://api.github.com/users/Kalicon/subscriptions",
image	Construir imagem (também em pull requests)	2026-09-28T14:03:06.1240782Z             "type": "User",
image	Construir imagem (também em pull requests)	2026-09-28T14:03:06.1241047Z             "url": "https://api.github.com/users/Kalicon",
image	Construir imagem (também em pull requests)	2026-09-28T14:03:06.1241351Z             "user_view_type": "public"
image	Construir imagem (também em pull requests)	2026-09-28T14:03:06.1241761Z           }
image	Construir imagem (também em pull requests)	2026-09-28T14:03:06.1241945Z         },
image	Construir imagem (também em pull requests)	2026-09-28T14:03:06.1242132Z         "github_job": "image",
image	Construir imagem (também em pull requests)	2026-09-28T14:03:06.1242367Z         "github_ref": "refs/heads/main",
image	Construir imagem (também em pull requests)	2026-09-28T14:03:06.1242631Z         "github_ref_name": "main",
image	Construir imagem (também em pull requests)	2026-09-28T14:03:06.1242876Z         "github_ref_protected": "false",
image	Construir imagem (também em pull requests)	2026-09-28T14:03:06.1243135Z         "github_ref_type": "branch",
image	Construir imagem (também em pull requests)	2026-09-28T14:03:06.1243447Z         "github_repository": "Kalicon/ecohospital-esg-cicd",
image	Construir imagem (também em pull requests)	2026-09-28T14:03:06.1243774Z         "github_repository_id": "1392867924",
image	Construir imagem (também em pull requests)	2026-09-28T14:03:06.1244054Z         "github_repository_owner": "Kalicon",
image	Construir imagem (também em pull requests)	2026-09-28T14:03:06.1244344Z         "github_repository_owner_id": "216019873",
image	Construir imagem (também em pull requests)	2026-09-28T14:03:06.1244621Z         "github_run_attempt": "1",
image	Construir imagem (também em pull requests)	2026-09-28T14:03:06.1244866Z         "github_run_id": "36432825881",
image	Construir imagem (também em pull requests)	2026-09-28T14:03:06.1245120Z         "github_run_number": "1",
image	Construir imagem (também em pull requests)	2026-09-28T14:03:06.1245366Z         "github_runner_arch": "X64",
image	Construir imagem (também em pull requests)	2026-09-28T14:03:06.1245657Z         "github_runner_environment": "github-hosted",
image	Construir imagem (também em pull requests)	2026-09-28T14:03:06.1246073Z         "github_runner_image_os": "ubuntu24",
image	Construir imagem (também em pull requests)	2026-09-28T14:03:06.1246382Z         "github_runner_image_version": "20260920.314.1",
image	Construir imagem (também em pull requests)	2026-09-28T14:03:06.1246705Z         "github_runner_name": "GitHub Actions 1000000258",
image	Construir imagem (também em pull requests)	2026-09-28T14:03:06.1247000Z         "github_runner_os": "Linux",
image	Construir imagem (também em pull requests)	2026-09-28T14:03:06.1247355Z         "github_runner_tracking_id": "github_b56b8530-6f68-4deb-9037-d24fa17992f3",
image	Construir imagem (também em pull requests)	2026-09-28T14:03:06.1247767Z         "github_server_url": "https://github.com",
image	Construir imagem (também em pull requests)	2026-09-28T14:03:06.1248072Z         "github_triggering_actor": "Kalicon",
image	Construir imagem (também em pull requests)	2026-09-28T14:03:06.1248746Z         "github_workflow": "EcoHospital CI/CD",
image	Construir imagem (também em pull requests)	2026-09-28T14:03:06.1249243Z         "github_workflow_ref": "Kalicon/ecohospital-esg-cicd/.github/workflows/ci-cd.yml@refs/heads/main",
image	Construir imagem (também em pull requests)	2026-09-28T14:03:06.1249801Z         "github_workflow_sha": "6159371fb0a1a30fea8be03a87b404817cac85da",
image	Construir imagem (também em pull requests)	2026-09-28T14:03:06.1250162Z         "platform": "linux/amd64"
image	Construir imagem (também em pull requests)	2026-09-28T14:03:06.1250403Z       }
image	Construir imagem (também em pull requests)	2026-09-28T14:03:06.1250572Z     }
image	Construir imagem (também em pull requests)	2026-09-28T14:03:06.1250742Z   },
image	Construir imagem (também em pull requests)	2026-09-28T14:03:06.1251290Z   "buildx.build.ref": "builder-d1f861ec-44f9-4f42-bf41-73f7c7cd28b1/builder-d1f861ec-44f9-4f42-bf41-73f7c7cd28b10/kl7y9yi53h8w8rt9zwizuw9nn",
image	Construir imagem (também em pull requests)	2026-09-28T14:03:06.1252150Z   "containerimage.config.digest": "sha256:a7903aa526fe92e96983f52e51d7a32a119facf53a24601c8acac6cad53bfc5b",
image	Construir imagem (também em pull requests)	2026-09-28T14:03:06.1252667Z   "containerimage.descriptor": {
image	Construir imagem (também em pull requests)	2026-09-28T14:03:06.1252996Z     "mediaType": "application/vnd.oci.image.manifest.v1+json",
image	Construir imagem (também em pull requests)	2026-09-28T14:03:06.1253473Z     "digest": "sha256:a3a1aca8ffea5f5306ca824c35228032923576614dd064e6541e9eda35753b42",
image	Construir imagem (também em pull requests)	2026-09-28T14:03:06.1253890Z     "size": 1814,
image	Construir imagem (também em pull requests)	2026-09-28T14:03:06.1254089Z     "annotations": {
image	Construir imagem (também em pull requests)	2026-09-28T14:03:06.1254370Z       "org.opencontainers.image.created": "2026-09-28T14:02:37Z"
image	Construir imagem (também em pull requests)	2026-09-28T14:03:06.1254690Z     },
image	Construir imagem (também em pull requests)	2026-09-28T14:03:06.1254870Z     "platform": {
image	Construir imagem (também em pull requests)	2026-09-28T14:03:06.1255077Z       "architecture": "amd64",
image	Construir imagem (também em pull requests)	2026-09-28T14:03:06.1255307Z       "os": "linux"
image	Construir imagem (também em pull requests)	2026-09-28T14:03:06.1255495Z     }
image	Construir imagem (também em pull requests)	2026-09-28T14:03:06.1255662Z   },
image	Construir imagem (também em pull requests)	2026-09-28T14:03:06.1256043Z   "containerimage.digest": "sha256:a3a1aca8ffea5f5306ca824c35228032923576614dd064e6541e9eda35753b42",
image	Construir imagem (também em pull requests)	2026-09-28T14:03:06.1256681Z   "image.name": "ghcr.io/kalicon/ecohospital-esg-cicd:6159371fb0a1a30fea8be03a87b404817cac85da"
image	Construir imagem (também em pull requests)	2026-09-28T14:03:06.1257110Z }
image	Construir imagem (também em pull requests)	2026-09-28T14:03:06.1257610Z ##[endgroup]
image	Construir imagem (também em pull requests)	2026-09-28T14:03:06.1258499Z ##[group]Reference
image	Construir imagem (também em pull requests)	2026-09-28T14:03:06.1259168Z builder-d1f861ec-44f9-4f42-bf41-73f7c7cd28b1/builder-d1f861ec-44f9-4f42-bf41-73f7c7cd28b10/kl7y9yi53h8w8rt9zwizuw9nn
image	Construir imagem (também em pull requests)	2026-09-28T14:03:06.1259879Z ##[endgroup]
image	Construir imagem (também em pull requests)	2026-09-28T14:03:06.1260214Z ##[group]Check build summary support
image	Construir imagem (também em pull requests)	2026-09-28T14:03:06.1260633Z Build summary supported!
image	Construir imagem (também em pull requests)	2026-09-28T14:03:06.1260987Z ##[endgroup]
image	Testar imagem, usuário, volume e healthcheck	﻿2026-09-28T14:03:06.1291025Z ##[group]Run set -euo pipefail
image	Testar imagem, usuário, volume e healthcheck	2026-09-28T14:03:06.1291387Z ^[[36;1mset -euo pipefail^[[0m
image	Testar imagem, usuário, volume e healthcheck	2026-09-28T14:03:06.1291905Z ^[[36;1mtrap 'docker rm -f esg-smoke >/dev/null 2>&1 || true; docker volume rm esg-smoke-data >/dev/null 2>&1 || true' EXIT^[[0m
image	Testar imagem, usuário, volume e healthcheck	2026-09-28T14:03:06.1292682Z ^[[36;1mdocker run -d --name esg-smoke -p 127.0.0.1:18080:8080 -e APP_ENV=ci -v esg-smoke-data:/app/data "$IMAGE"^[[0m
image	Testar imagem, usuário, volume e healthcheck	2026-09-28T14:03:06.1293181Z ^[[36;1mfor attempt in $(seq 1 60); do^[[0m
image	Testar imagem, usuário, volume e healthcheck	2026-09-28T14:03:06.1293573Z ^[[36;1m  state=$(docker inspect --format '{{.State.Health.Status}}' esg-smoke)^[[0m
image	Testar imagem, usuário, volume e healthcheck	2026-09-28T14:03:06.1293981Z ^[[36;1m  [[ "$state" == healthy ]] && break^[[0m
image	Testar imagem, usuário, volume e healthcheck	2026-09-28T14:03:06.1294342Z ^[[36;1m  [[ "$state" == unhealthy ]] && { docker logs esg-smoke; exit 1; }^[[0m
image	Testar imagem, usuário, volume e healthcheck	2026-09-28T14:03:06.1294696Z ^[[36;1m  sleep 2^[[0m
image	Testar imagem, usuário, volume e healthcheck	2026-09-28T14:03:06.1294900Z ^[[36;1mdone^[[0m
image	Testar imagem, usuário, volume e healthcheck	2026-09-28T14:03:06.1295247Z ^[[36;1m[[ "$(docker inspect --format '{{.State.Health.Status}}' esg-smoke)" == healthy ]]^[[0m
image	Testar imagem, usuário, volume e healthcheck	2026-09-28T14:03:06.1295701Z ^[[36;1m[[ "$(docker exec esg-smoke id -u)" == 10001 ]]^[[0m
image	Testar imagem, usuário, volume e healthcheck	2026-09-28T14:03:06.1296036Z ^[[36;1mmkdir -p evidence^[[0m
image	Testar imagem, usuário, volume e healthcheck	2026-09-28T14:03:06.1296469Z ^[[36;1mcurl --fail --silent http://localhost:18080/health > evidence/container-health.json^[[0m
image	Testar imagem, usuário, volume e healthcheck	2026-09-28T14:03:06.1297065Z ^[[36;1mpython3 - <<'PY'^[[0m
image	Testar imagem, usuário, volume e healthcheck	2026-09-28T14:03:06.1297300Z ^[[36;1mimport json, os^[[0m
image	Testar imagem, usuário, volume e healthcheck	2026-09-28T14:03:06.1297581Z ^[[36;1mwith open('evidence/container-health.json') as f:^[[0m
image	Testar imagem, usuário, volume e healthcheck	2026-09-28T14:03:06.1297909Z ^[[36;1m    data = json.load(f)^[[0m
image	Testar imagem, usuário, volume e healthcheck	2026-09-28T14:03:06.1298598Z ^[[36;1massert data == {'status': 'UP', 'environment': 'ci', 'version': os.environ['GITHUB_SHA']}, data^[[0m
image	Testar imagem, usuário, volume e healthcheck	2026-09-28T14:03:06.1299058Z ^[[36;1mPY^[[0m
image	Testar imagem, usuário, volume e healthcheck	2026-09-28T14:03:06.1299434Z ^[[36;1mcurl --fail --silent -X POST http://localhost:18080/api/telemetria/simular >/dev/null^[[0m
image	Testar imagem, usuário, volume e healthcheck	2026-09-28T14:03:06.1299894Z ^[[36;1mdocker restart esg-smoke^[[0m
image	Testar imagem, usuário, volume e healthcheck	2026-09-28T14:03:06.1300151Z ^[[36;1msleep 5^[[0m
image	Testar imagem, usuário, volume e healthcheck	2026-09-28T14:03:06.1300367Z ^[[36;1mfor attempt in $(seq 1 30); do^[[0m
image	Testar imagem, usuário, volume e healthcheck	2026-09-28T14:03:06.1300846Z ^[[36;1m  curl --fail --silent http://localhost:18080/api/kpis > evidence/container-kpis.json && break^[[0m
image	Testar imagem, usuário, volume e healthcheck	2026-09-28T14:03:06.1301313Z ^[[36;1m  sleep 2^[[0m
image	Testar imagem, usuário, volume e healthcheck	2026-09-28T14:03:06.1301521Z ^[[36;1mdone^[[0m
image	Testar imagem, usuário, volume e healthcheck	2026-09-28T14:03:06.1301720Z ^[[36;1mpython3 - <<'PY'^[[0m
image	Testar imagem, usuário, volume e healthcheck	2026-09-28T14:03:06.1301959Z ^[[36;1mimport json^[[0m
image	Testar imagem, usuário, volume e healthcheck	2026-09-28T14:03:06.1302229Z ^[[36;1mwith open('evidence/container-kpis.json') as f:^[[0m
image	Testar imagem, usuário, volume e healthcheck	2026-09-28T14:03:06.1302550Z ^[[36;1m    data = json.load(f)^[[0m
image	Testar imagem, usuário, volume e healthcheck	2026-09-28T14:03:06.1302839Z ^[[36;1massert data['totalLeiturasIot'] == 11, data^[[0m
image	Testar imagem, usuário, volume e healthcheck	2026-09-28T14:03:06.1303127Z ^[[36;1mPY^[[0m
image	Testar imagem, usuário, volume e healthcheck	2026-09-28T14:03:06.1366266Z shell: /usr/bin/bash --noprofile --norc -e -o pipefail {0}
image	Testar imagem, usuário, volume e healthcheck	2026-09-28T14:03:06.1366615Z env:
image	Testar imagem, usuário, volume e healthcheck	2026-09-28T14:03:06.1366968Z   IMAGE: ghcr.io/kalicon/ecohospital-esg-cicd:6159371fb0a1a30fea8be03a87b404817cac85da
image	Testar imagem, usuário, volume e healthcheck	2026-09-28T14:03:06.1367400Z ##[endgroup]
image	Testar imagem, usuário, volume e healthcheck	2026-09-28T14:03:06.1724913Z 7d1f7f60252f7d047ff321e3e99d83087e894e93bcca01d673a267f4d00c780c
image	Testar imagem, usuário, volume e healthcheck	2026-09-28T14:03:12.7943479Z esg-smoke
image	Autenticar no GHCR	﻿2026-09-28T14:03:18.1588827Z ##[group]Run docker/login-action@v3
image	Autenticar no GHCR	2026-09-28T14:03:18.1589160Z with:
image	Autenticar no GHCR	2026-09-28T14:03:18.1589366Z   registry: ghcr.io
image	Autenticar no GHCR	2026-09-28T14:03:18.1589592Z   username: Kalicon
image	Autenticar no GHCR	2026-09-28T14:03:18.1592059Z   password: ***
image	Autenticar no GHCR	2026-09-28T14:03:18.1592296Z   logout: true
image	Autenticar no GHCR	2026-09-28T14:03:18.1592486Z env:
image	Autenticar no GHCR	2026-09-28T14:03:18.1592833Z   IMAGE: ghcr.io/kalicon/ecohospital-esg-cicd:6159371fb0a1a30fea8be03a87b404817cac85da
image	Autenticar no GHCR	2026-09-28T14:03:18.1593259Z ##[endgroup]
image	Autenticar no GHCR	2026-09-28T14:03:18.4636730Z Logging into ghcr.io...
image	Autenticar no GHCR	2026-09-28T14:03:18.4660583Z (node:4229) [DEP0040] DeprecationWarning: The `punycode` module is deprecated. Please use a userland alternative instead.
image	Autenticar no GHCR	2026-09-28T14:03:18.4661531Z (Use `node --trace-deprecation ...` to show where the warning was created)
image	Autenticar no GHCR	2026-09-28T14:03:18.6405390Z Login Succeeded!
image	Publicar imagem testada e obter digest imutável	﻿2026-09-28T14:03:18.6560924Z ##[group]Run docker push "$IMAGE"
image	Publicar imagem testada e obter digest imutável	2026-09-28T14:03:18.6561266Z ^[[36;1mdocker push "$IMAGE"^[[0m
image	Publicar imagem testada e obter digest imutável	2026-09-28T14:03:18.6561655Z ^[[36;1mreference=$(docker inspect --format '{{index .RepoDigests 0}}' "$IMAGE")^[[0m
image	Publicar imagem testada e obter digest imutável	2026-09-28T14:03:18.6562101Z ^[[36;1m[[ "$reference" == ghcr.io/*@sha256:* ]]^[[0m
image	Publicar imagem testada e obter digest imutável	2026-09-28T14:03:18.6562450Z ^[[36;1mecho "reference=$reference" >> "$GITHUB_OUTPUT"^[[0m
image	Publicar imagem testada e obter digest imutável	2026-09-28T14:03:18.6624629Z shell: /usr/bin/bash -e {0}
image	Publicar imagem testada e obter digest imutável	2026-09-28T14:03:18.6624912Z env:
image	Publicar imagem testada e obter digest imutável	2026-09-28T14:03:18.6625283Z   IMAGE: ghcr.io/kalicon/ecohospital-esg-cicd:6159371fb0a1a30fea8be03a87b404817cac85da
image	Publicar imagem testada e obter digest imutável	2026-09-28T14:03:18.6625718Z ##[endgroup]
image	Publicar imagem testada e obter digest imutável	2026-09-28T14:03:18.7055757Z The push refers to repository [ghcr.io/kalicon/ecohospital-esg-cicd]
image	Publicar imagem testada e obter digest imutável	2026-09-28T14:03:18.7285490Z 93575436d199: Preparing
image	Publicar imagem testada e obter digest imutável	2026-09-28T14:03:18.7285931Z 5f70bf18a086: Preparing
image	Publicar imagem testada e obter digest imutável	2026-09-28T14:03:18.7286309Z deb90161a20d: Preparing
image	Publicar imagem testada e obter digest imutável	2026-09-28T14:03:18.7286843Z 3369dc194fd5: Preparing
image	Publicar imagem testada e obter digest imutável	2026-09-28T14:03:18.7287092Z fada8f6cd3ba: Preparing
image	Publicar imagem testada e obter digest imutável	2026-09-28T14:03:18.7287320Z 47cdf397e38d: Preparing
image	Publicar imagem testada e obter digest imutável	2026-09-28T14:03:18.7287617Z d5878fe0c5eb: Preparing
image	Publicar imagem testada e obter digest imutável	2026-09-28T14:03:18.7287844Z ea16cace8933: Preparing
image	Publicar imagem testada e obter digest imutável	2026-09-28T14:03:18.7291397Z 47cdf397e38d: Waiting
image	Publicar imagem testada e obter digest imutável	2026-09-28T14:03:18.7291839Z d5878fe0c5eb: Waiting
image	Publicar imagem testada e obter digest imutável	2026-09-28T14:03:18.7294442Z ea16cace8933: Waiting
image	Publicar imagem testada e obter digest imutável	2026-09-28T14:03:19.4418955Z 5f70bf18a086: Mounted from github/gh-aw-mcpg
image	Publicar imagem testada e obter digest imutável	2026-09-28T14:03:19.8572027Z 3369dc194fd5: Pushed
image	Publicar imagem testada e obter digest imutável	2026-09-28T14:03:20.2394993Z fada8f6cd3ba: Pushed
image	Publicar imagem testada e obter digest imutável	2026-09-28T14:03:20.4430512Z deb90161a20d: Pushed
image	Publicar imagem testada e obter digest imutável	2026-09-28T14:03:20.6500125Z ea16cace8933: Mounted from github/gh-aw-firewall/agent
image	Publicar imagem testada e obter digest imutável	2026-09-28T14:03:21.3045232Z 93575436d199: Pushed
image	Publicar imagem testada e obter digest imutável	2026-09-28T14:03:22.7132306Z d5878fe0c5eb: Pushed
image	Publicar imagem testada e obter digest imutável	2026-09-28T14:03:25.3919590Z 47cdf397e38d: Pushed
image	Publicar imagem testada e obter digest imutável	2026-09-28T14:03:27.3576333Z 6159371fb0a1a30fea8be03a87b404817cac85da: digest: sha256:b7d9fbb9bf5cc1188fad6a7f490361f06730d5bc4c8a763ddd0ba5a685ef5c0b size: 1994
image	Run actions/upload-artifact@v4	﻿2026-09-28T14:03:27.3804972Z ##[group]Run actions/upload-artifact@v4
image	Run actions/upload-artifact@v4	2026-09-28T14:03:27.3805294Z with:
image	Run actions/upload-artifact@v4	2026-09-28T14:03:27.3805604Z   name: container-evidence-6159371fb0a1a30fea8be03a87b404817cac85da
image	Run actions/upload-artifact@v4	2026-09-28T14:03:27.3805980Z   path: evidence/
image	Run actions/upload-artifact@v4	2026-09-28T14:03:27.3806198Z   if-no-files-found: warn
image	Run actions/upload-artifact@v4	2026-09-28T14:03:27.3806435Z   compression-level: 6
image	Run actions/upload-artifact@v4	2026-09-28T14:03:27.3806652Z   overwrite: false
image	Run actions/upload-artifact@v4	2026-09-28T14:03:27.3806871Z   include-hidden-files: false
image	Run actions/upload-artifact@v4	2026-09-28T14:03:27.3807106Z env:
image	Run actions/upload-artifact@v4	2026-09-28T14:03:27.3807463Z   IMAGE: ghcr.io/kalicon/ecohospital-esg-cicd:6159371fb0a1a30fea8be03a87b404817cac85da
image	Run actions/upload-artifact@v4	2026-09-28T14:03:27.3807903Z ##[endgroup]
image	Run actions/upload-artifact@v4	2026-09-28T14:03:27.5410304Z (node:4268) [DEP0040] DeprecationWarning: The `punycode` module is deprecated. Please use a userland alternative instead.
image	Run actions/upload-artifact@v4	2026-09-28T14:03:27.5411026Z (Use `node --trace-deprecation ...` to show where the warning was created)
image	Run actions/upload-artifact@v4	2026-09-28T14:03:27.5466117Z With the provided path, there will be 2 files uploaded
image	Run actions/upload-artifact@v4	2026-09-28T14:03:27.5472297Z Artifact name is valid!
image	Run actions/upload-artifact@v4	2026-09-28T14:03:27.5473032Z Root directory input is valid!
image	Run actions/upload-artifact@v4	2026-09-28T14:03:27.7628290Z Beginning upload of artifact content to blob storage
image	Run actions/upload-artifact@v4	2026-09-28T14:03:27.7827996Z (node:4268) [DEP0169] DeprecationWarning: `url.parse()` behavior is not standardized and prone to errors that have security implications. Use the WHATWG URL API instead. CVEs are not issued for `url.parse()` vulnerabilities.
image	Run actions/upload-artifact@v4	2026-09-28T14:03:27.8124483Z Uploaded bytes 520
image	Run actions/upload-artifact@v4	2026-09-28T14:03:27.8311404Z Finished uploading artifact content to blob storage!
image	Run actions/upload-artifact@v4	2026-09-28T14:03:27.8312356Z SHA256 digest of uploaded artifact zip is a72489e925927cdc463cdfa4130845bc560d9e07a3d0797ddd89dc2a0929189b
image	Run actions/upload-artifact@v4	2026-09-28T14:03:27.8314055Z Finalizing artifact upload
image	Run actions/upload-artifact@v4	2026-09-28T14:03:28.0284608Z Artifact container-evidence-6159371fb0a1a30fea8be03a87b404817cac85da.zip successfully finalized. Artifact ID 10973908979
image	Run actions/upload-artifact@v4	2026-09-28T14:03:28.0286258Z Artifact container-evidence-6159371fb0a1a30fea8be03a87b404817cac85da has been successfully uploaded! Final size is 520 bytes. Artifact ID is 10973908979
image	Run actions/upload-artifact@v4	2026-09-28T14:03:28.0291782Z Artifact download URL: https://github.com/Kalicon/ecohospital-esg-cicd/actions/runs/36432825881/artifacts/10973908979
image	Post Autenticar no GHCR	﻿2026-09-28T14:03:28.0437732Z Post job cleanup.
image	Post Autenticar no GHCR	2026-09-28T14:03:28.3423075Z ##[group]Logout from ghcr.io
image	Post Autenticar no GHCR	2026-09-28T14:03:28.3445306Z (node:4280) [DEP0040] DeprecationWarning: The `punycode` module is deprecated. Please use a userland alternative instead.
image	Post Autenticar no GHCR	2026-09-28T14:03:28.3446355Z (Use `node --trace-deprecation ...` to show where the warning was created)
image	Post Autenticar no GHCR	2026-09-28T14:03:28.3469033Z [command]/usr/bin/docker logout ghcr.io
image	Post Autenticar no GHCR	2026-09-28T14:03:28.3606857Z Removing login credentials for ghcr.io
image	Post Autenticar no GHCR	2026-09-28T14:03:28.3637073Z ##[endgroup]
image	Post Autenticar no GHCR	2026-09-28T14:03:28.3637932Z ##[group]Post cache
image	Post Autenticar no GHCR	2026-09-28T14:03:28.3639222Z State not set
image	Post Autenticar no GHCR	2026-09-28T14:03:28.3640140Z ##[endgroup]
image	Post Construir imagem (também em pull requests)	﻿2026-09-28T14:03:28.3782338Z Post job cleanup.
image	Post Construir imagem (também em pull requests)	2026-09-28T14:03:28.6192607Z ##[group]Generating build summary
image	Post Construir imagem (também em pull requests)	2026-09-28T14:03:28.6197360Z exporting build record to /home/runner/work/_temp/docker-actions-toolkit-HPEhYq/export
image	Post Construir imagem (também em pull requests)	2026-09-28T14:03:28.6210241Z (node:4301) [DEP0040] DeprecationWarning: The `punycode` module is deprecated. Please use a userland alternative instead.
image	Post Construir imagem (também em pull requests)	2026-09-28T14:03:28.6211038Z (Use `node --trace-deprecation ...` to show where the warning was created)
image	Post Construir imagem (também em pull requests)	2026-09-28T14:03:28.7962138Z [command]/usr/bin/docker buildx history export --builder builder-d1f861ec-44f9-4f42-bf41-73f7c7cd28b1 --output /home/runner/work/_temp/docker-actions-toolkit-HPEhYq/export/Kalicon~ecohospital-esg-cicd~KL7Y9Y.dockerbuild kl7y9yi53h8w8rt9zwizuw9nn --finalize
image	Post Construir imagem (também em pull requests)	2026-09-28T14:03:29.0450485Z Build record written to /home/runner/work/_temp/docker-actions-toolkit-HPEhYq/export/Kalicon~ecohospital-esg-cicd~KL7Y9Y.dockerbuild (69.55 KB)
image	Post Construir imagem (também em pull requests)	2026-09-28T14:03:29.0480005Z Uploading Kalicon~ecohospital-esg-cicd~KL7Y9Y.dockerbuild to blob storage
image	Post Construir imagem (também em pull requests)	2026-09-28T14:03:29.2233353Z Beginning upload of artifact content to blob storage
image	Post Construir imagem (também em pull requests)	2026-09-28T14:03:29.2320053Z (node:4301) [DEP0169] DeprecationWarning: `url.parse()` behavior is not standardized and prone to errors that have security implications. Use the WHATWG URL API instead. CVEs are not issued for `url.parse()` vulnerabilities.
image	Post Construir imagem (também em pull requests)	2026-09-28T14:03:29.2330703Z Uploaded bytes 65536
image	Post Construir imagem (também em pull requests)	2026-09-28T14:03:29.2333153Z Uploaded bytes 71220
image	Post Construir imagem (também em pull requests)	2026-09-28T14:03:29.2644023Z Finished uploading artifact content to blob storage!
image	Post Construir imagem (também em pull requests)	2026-09-28T14:03:29.2648976Z SHA256 hash of uploaded artifact is 9748ddb4a75d2a8cfa3cec40aa50a49f7f51e4323180146bba30132bfe2c2f45
image	Post Construir imagem (também em pull requests)	2026-09-28T14:03:29.2650858Z Finalizing artifact upload
image	Post Construir imagem (também em pull requests)	2026-09-28T14:03:29.4961530Z Artifact successfully finalized (10974640667)
image	Post Construir imagem (também em pull requests)	2026-09-28T14:03:29.4963715Z Artifact download URL: https://github.com/Kalicon/ecohospital-esg-cicd/actions/runs/36432825881/artifacts/10974640667
image	Post Construir imagem (também em pull requests)	2026-09-28T14:03:29.4988302Z Writing summary
image	Post Construir imagem (também em pull requests)	2026-09-28T14:03:29.5000531Z ##[endgroup]
image	Post Construir imagem (também em pull requests)	2026-09-28T14:03:29.5001430Z ##[group]Removing temp folder /home/runner/work/_temp/docker-actions-toolkit-1qZDsu
image	Post Construir imagem (também em pull requests)	2026-09-28T14:03:29.5005567Z ##[endgroup]
image	Post Construir imagem (também em pull requests)	2026-09-28T14:03:29.5006273Z ##[group]Post cache
image	Post Construir imagem (também em pull requests)	2026-09-28T14:03:29.5007551Z State not set
image	Post Construir imagem (também em pull requests)	2026-09-28T14:03:29.5008240Z ##[endgroup]
image	Post Run docker/setup-buildx-action@v3	﻿2026-09-28T14:03:29.5185658Z Post job cleanup.
image	Post Run docker/setup-buildx-action@v3	2026-09-28T14:03:29.7744908Z ##[group]Removing builder
image	Post Run docker/setup-buildx-action@v3	2026-09-28T14:03:29.7751560Z (node:4450) [DEP0040] DeprecationWarning: The `punycode` module is deprecated. Please use a userland alternative instead.
image	Post Run docker/setup-buildx-action@v3	2026-09-28T14:03:29.7752381Z (Use `node --trace-deprecation ...` to show where the warning was created)
image	Post Run docker/setup-buildx-action@v3	2026-09-28T14:03:29.8778457Z [command]/usr/bin/docker buildx rm builder-d1f861ec-44f9-4f42-bf41-73f7c7cd28b1
image	Post Run docker/setup-buildx-action@v3	2026-09-28T14:03:31.5369006Z builder-d1f861ec-44f9-4f42-bf41-73f7c7cd28b1 removed
image	Post Run docker/setup-buildx-action@v3	2026-09-28T14:03:31.5404012Z ##[endgroup]
image	Post Run docker/setup-buildx-action@v3	2026-09-28T14:03:31.5404723Z ##[group]Cleaning up certificates
image	Post Run docker/setup-buildx-action@v3	2026-09-28T14:03:31.5406968Z ##[endgroup]
image	Post Run docker/setup-buildx-action@v3	2026-09-28T14:03:31.5407585Z ##[group]Post cache
image	Post Run docker/setup-buildx-action@v3	2026-09-28T14:03:31.5409418Z State not set
image	Post Run docker/setup-buildx-action@v3	2026-09-28T14:03:31.5410080Z ##[endgroup]
image	Post Run actions/checkout@v4	﻿2026-09-28T14:03:31.5621447Z Post job cleanup.
image	Post Run actions/checkout@v4	2026-09-28T14:03:31.6476744Z [command]/usr/bin/git version
image	Post Run actions/checkout@v4	2026-09-28T14:03:31.6520005Z git version 2.55.0
image	Post Run actions/checkout@v4	2026-09-28T14:03:31.6563673Z Temporarily overriding HOME='/home/runner/work/_temp/3373c9ca-1c90-41e5-8c4c-8bb45dea2553' before making global git config changes
image	Post Run actions/checkout@v4	2026-09-28T14:03:31.6565158Z Adding repository directory to the temporary git global config as a safe directory
image	Post Run actions/checkout@v4	2026-09-28T14:03:31.6570048Z [command]/usr/bin/git config --global --add safe.directory /home/runner/work/ecohospital-esg-cicd/ecohospital-esg-cicd
image	Post Run actions/checkout@v4	2026-09-28T14:03:31.6607911Z [command]/usr/bin/git config --local --name-only --get-regexp core\.sshCommand
image	Post Run actions/checkout@v4	2026-09-28T14:03:31.6644567Z [command]/usr/bin/git submodule foreach --recursive sh -c "git config --local --name-only --get-regexp 'core\.sshCommand' && git config --local --unset-all 'core.sshCommand' || :"
image	Post Run actions/checkout@v4	2026-09-28T14:03:31.6894359Z [command]/usr/bin/git config --local --name-only --get-regexp http\.https\:\/\/github\.com\/\.extraheader
image	Post Run actions/checkout@v4	2026-09-28T14:03:31.6922911Z http.https://github.com/.extraheader
image	Post Run actions/checkout@v4	2026-09-28T14:03:31.6934841Z [command]/usr/bin/git config --local --unset-all http.https://github.com/.extraheader
image	Post Run actions/checkout@v4	2026-09-28T14:03:31.6970394Z [command]/usr/bin/git submodule foreach --recursive sh -c "git config --local --name-only --get-regexp 'http\.https\:\/\/github\.com\/\.extraheader' && git config --local --unset-all 'http.https://github.com/.extraheader' || :"
image	Post Run actions/checkout@v4	2026-09-28T14:03:31.7221615Z [command]/usr/bin/git config --local --name-only --get-regexp ^includeIf\.gitdir:
image	Post Run actions/checkout@v4	2026-09-28T14:03:31.7257018Z [command]/usr/bin/git submodule foreach --recursive git config --local --show-origin --name-only --get-regexp remote.origin.url
image	Complete job	﻿2026-09-28T14:03:31.7674048Z Evaluate and set job outputs
image	Complete job	2026-09-28T14:03:31.7679670Z Set output 'reference'
image	Complete job	2026-09-28T14:03:31.7681650Z Cleaning up orphan processes
image	Complete job	2026-09-28T14:03:31.8047394Z ##[warning]Node.js 20 is deprecated. The following actions target Node.js 20 but are being forced to run on Node.js 24: actions/checkout@v4, actions/upload-artifact@v4, docker/build-push-action@v6, docker/login-action@v3, docker/setup-buildx-action@v3. For more information see: https://github.blog/changelog/2025-09-19-deprecation-of-node-20-on-github-actions-runners/
