verify	Set up job	﻿2026-09-28T14:06:06.6188736Z Current runner version: '2.337.0'
verify	Set up job	2026-09-28T14:06:06.6211954Z ##[group]Runner Image Provisioner
verify	Set up job	2026-09-28T14:06:06.6212757Z Hosted Compute Agent
verify	Set up job	2026-09-28T14:06:06.6213314Z Version: 20260828.587
verify	Set up job	2026-09-28T14:06:06.6213846Z Commit: abac92662cab4cc7352de4f9f9d2e2419aad9c29
verify	Set up job	2026-09-28T14:06:06.6214460Z Build Date: 2026-08-28T16:44:25Z
verify	Set up job	2026-09-28T14:06:06.6215086Z Worker ID: {8c350725-eb64-4441-ac5f-9102117b869f}
verify	Set up job	2026-09-28T14:06:06.6215691Z Azure Region: westus3
verify	Set up job	2026-09-28T14:06:06.6216219Z ##[endgroup]
verify	Set up job	2026-09-28T14:06:06.6217454Z ##[group]Operating System
verify	Set up job	2026-09-28T14:06:06.6217984Z Ubuntu
verify	Set up job	2026-09-28T14:06:06.6218713Z 24.04.5
verify	Set up job	2026-09-28T14:06:06.6219134Z LTS
verify	Set up job	2026-09-28T14:06:06.6219573Z ##[endgroup]
verify	Set up job	2026-09-28T14:06:06.6220094Z ##[group]Runner Image
verify	Set up job	2026-09-28T14:06:06.6220579Z Image: ubuntu-24.04
verify	Set up job	2026-09-28T14:06:06.6221142Z Version: 20260920.314.1
verify	Set up job	2026-09-28T14:06:06.6221997Z Included Software: https://github.com/actions/runner-images/blob/ubuntu24/20260920.314/images/ubuntu/Ubuntu2404-Readme.md
verify	Set up job	2026-09-28T14:06:06.6223472Z Image Release: https://github.com/actions/runner-images/releases/tag/ubuntu24%2F20260920.314
verify	Set up job	2026-09-28T14:06:06.6224242Z ##[endgroup]
verify	Set up job	2026-09-28T14:06:06.6225555Z ##[group]GITHUB_TOKEN Permissions
verify	Set up job	2026-09-28T14:06:06.6227461Z Contents: read
verify	Set up job	2026-09-28T14:06:06.6228020Z Metadata: read
verify	Set up job	2026-09-28T14:06:06.6228692Z ##[endgroup]
verify	Set up job	2026-09-28T14:06:06.6230509Z Secret source: Actions
verify	Set up job	2026-09-28T14:06:06.6231353Z Cache mode: write
verify	Set up job	2026-09-28T14:06:06.6231979Z Prepare workflow directory
verify	Set up job	2026-09-28T14:06:06.6515713Z Prepare all required actions
verify	Set up job	2026-09-28T14:06:06.6559623Z Getting action download info
verify	Set up job	2026-09-28T14:06:07.0043779Z Download action repository 'actions/checkout@v7' (SHA:3d3c42e5aac5ba805825da76410c181273ba90b1)
verify	Set up job	2026-09-28T14:06:07.0834290Z Download action repository 'actions/setup-java@v6' (SHA:de7274f081f381c8f8158605e0321c36c376e2e6)
verify	Set up job	2026-09-28T14:06:08.2062232Z Download action repository 'actions/setup-node@v7' (SHA:820762786026740c76f36085b0efc47a31fe5020)
verify	Set up job	2026-09-28T14:06:08.3432807Z Download action repository 'actions/upload-artifact@v7' (SHA:043fb46d1a93c77aae656e7c1c64a875d1fc6a0a)
verify	Set up job	2026-09-28T14:06:08.5834736Z Complete job name: verify
verify	Run actions/checkout@v7	﻿2026-09-28T14:06:08.6573205Z ##[group]Run actions/checkout@v7
verify	Run actions/checkout@v7	2026-09-28T14:06:08.6574275Z with:
verify	Run actions/checkout@v7	2026-09-28T14:06:08.6574969Z   repository: Kalicon/ecohospital-esg-cicd
verify	Run actions/checkout@v7	2026-09-28T14:06:08.6581438Z   token: ***
verify	Run actions/checkout@v7	2026-09-28T14:06:08.6582080Z   ssh-strict: true
verify	Run actions/checkout@v7	2026-09-28T14:06:08.6582743Z   ssh-user: git
verify	Run actions/checkout@v7	2026-09-28T14:06:08.6583408Z   persist-credentials: true
verify	Run actions/checkout@v7	2026-09-28T14:06:08.6584135Z   clean: true
verify	Run actions/checkout@v7	2026-09-28T14:06:08.6584794Z   sparse-checkout-cone-mode: true
verify	Run actions/checkout@v7	2026-09-28T14:06:08.6585832Z   fetch-depth: 1
verify	Run actions/checkout@v7	2026-09-28T14:06:08.6586598Z   fetch-tags: false
verify	Run actions/checkout@v7	2026-09-28T14:06:08.6587369Z   show-progress: true
verify	Run actions/checkout@v7	2026-09-28T14:06:08.6588361Z   lfs: false
verify	Run actions/checkout@v7	2026-09-28T14:06:08.6589077Z   submodules: false
verify	Run actions/checkout@v7	2026-09-28T14:06:08.6589887Z   set-safe-directory: true
verify	Run actions/checkout@v7	2026-09-28T14:06:08.6590765Z   allow-unsafe-pr-checkout: false
verify	Run actions/checkout@v7	2026-09-28T14:06:08.6591866Z ##[endgroup]
verify	Run actions/checkout@v7	2026-09-28T14:06:08.7480983Z Syncing repository: Kalicon/ecohospital-esg-cicd
verify	Run actions/checkout@v7	2026-09-28T14:06:08.7484669Z ##[group]Getting Git version info
verify	Run actions/checkout@v7	2026-09-28T14:06:08.7486700Z Working directory is '/home/runner/work/ecohospital-esg-cicd/ecohospital-esg-cicd'
verify	Run actions/checkout@v7	2026-09-28T14:06:08.7490041Z [command]/usr/bin/git version
verify	Run actions/checkout@v7	2026-09-28T14:06:08.7510157Z git version 2.55.0
verify	Run actions/checkout@v7	2026-09-28T14:06:08.7528048Z ##[endgroup]
verify	Run actions/checkout@v7	2026-09-28T14:06:08.7536888Z Temporarily overriding HOME='/home/runner/work/_temp/6d14aa1d-0798-4d60-b1e4-1cef1d1d7243' before making global git config changes
verify	Run actions/checkout@v7	2026-09-28T14:06:08.7540648Z Adding repository directory to the temporary git global config as a safe directory
verify	Run actions/checkout@v7	2026-09-28T14:06:08.7544070Z [command]/usr/bin/git config --global --add safe.directory /home/runner/work/ecohospital-esg-cicd/ecohospital-esg-cicd
verify	Run actions/checkout@v7	2026-09-28T14:06:08.7587617Z Deleting the contents of '/home/runner/work/ecohospital-esg-cicd/ecohospital-esg-cicd'
verify	Run actions/checkout@v7	2026-09-28T14:06:08.7591688Z ##[group]Determining repository object format
verify	Run actions/checkout@v7	2026-09-28T14:06:08.7594830Z ##[endgroup]
verify	Run actions/checkout@v7	2026-09-28T14:06:08.7597049Z ##[group]Initializing the repository
verify	Run actions/checkout@v7	2026-09-28T14:06:08.7599809Z [command]/usr/bin/git init /home/runner/work/ecohospital-esg-cicd/ecohospital-esg-cicd
verify	Run actions/checkout@v7	2026-09-28T14:06:08.7692829Z hint: Using 'master' as the name for the initial branch. This default branch name
verify	Run actions/checkout@v7	2026-09-28T14:06:08.7695906Z hint: will change to "main" in Git 3.0. To configure the initial branch name
verify	Run actions/checkout@v7	2026-09-28T14:06:08.7719888Z hint: to use in all of your new repositories, which will suppress this warning,
verify	Run actions/checkout@v7	2026-09-28T14:06:08.7729498Z hint: call:
verify	Run actions/checkout@v7	2026-09-28T14:06:08.7739413Z hint:
verify	Run actions/checkout@v7	2026-09-28T14:06:08.7740751Z hint: 	git config --global init.defaultBranch <name>
verify	Run actions/checkout@v7	2026-09-28T14:06:08.7742669Z hint:
verify	Run actions/checkout@v7	2026-09-28T14:06:08.7744330Z hint: Names commonly chosen instead of 'master' are 'main', 'trunk' and
verify	Run actions/checkout@v7	2026-09-28T14:06:08.7746760Z hint: 'development'. The just-created branch can be renamed via this command:
verify	Run actions/checkout@v7	2026-09-28T14:06:08.7749036Z hint:
verify	Run actions/checkout@v7	2026-09-28T14:06:08.7750290Z hint: 	git branch -m <name>
verify	Run actions/checkout@v7	2026-09-28T14:06:08.7751731Z hint:
verify	Run actions/checkout@v7	2026-09-28T14:06:08.7753414Z hint: Disable this message with "git config set advice.defaultBranchName false"
verify	Run actions/checkout@v7	2026-09-28T14:06:08.7756740Z Initialized empty Git repository in /home/runner/work/ecohospital-esg-cicd/ecohospital-esg-cicd/.git/
verify	Run actions/checkout@v7	2026-09-28T14:06:08.7762087Z [command]/usr/bin/git remote add origin https://github.com/Kalicon/ecohospital-esg-cicd
verify	Run actions/checkout@v7	2026-09-28T14:06:08.7766647Z ##[endgroup]
verify	Run actions/checkout@v7	2026-09-28T14:06:08.7768849Z ##[group]Disabling automatic garbage collection
verify	Run actions/checkout@v7	2026-09-28T14:06:08.7770609Z [command]/usr/bin/git config --local gc.auto 0
verify	Run actions/checkout@v7	2026-09-28T14:06:08.7774685Z ##[endgroup]
verify	Run actions/checkout@v7	2026-09-28T14:06:08.7777277Z ##[group]Setting up auth
verify	Run actions/checkout@v7	2026-09-28T14:06:08.7778875Z Removing SSH command configuration
verify	Run actions/checkout@v7	2026-09-28T14:06:08.7780998Z [command]/usr/bin/git config --local --name-only --get-regexp core\.sshCommand
verify	Run actions/checkout@v7	2026-09-28T14:06:08.7802731Z [command]/usr/bin/git submodule foreach --recursive sh -c "git config --local --name-only --get-regexp 'core\.sshCommand' && git config --local --unset-all 'core.sshCommand' || :"
verify	Run actions/checkout@v7	2026-09-28T14:06:08.8106853Z Removing HTTP extra header
verify	Run actions/checkout@v7	2026-09-28T14:06:08.8116117Z [command]/usr/bin/git config --local --name-only --get-regexp http\.https\:\/\/github\.com\/\.extraheader
verify	Run actions/checkout@v7	2026-09-28T14:06:08.8144994Z [command]/usr/bin/git submodule foreach --recursive sh -c "git config --local --name-only --get-regexp 'http\.https\:\/\/github\.com\/\.extraheader' && git config --local --unset-all 'http.https://github.com/.extraheader' || :"
verify	Run actions/checkout@v7	2026-09-28T14:06:08.8352665Z Removing includeIf entries pointing to credentials config files
verify	Run actions/checkout@v7	2026-09-28T14:06:08.8355957Z [command]/usr/bin/git config --local --name-only --get-regexp ^includeIf\.gitdir:
verify	Run actions/checkout@v7	2026-09-28T14:06:08.8392669Z [command]/usr/bin/git submodule foreach --recursive git config --local --show-origin --name-only --get-regexp remote.origin.url
verify	Run actions/checkout@v7	2026-09-28T14:06:08.8599058Z [command]/usr/bin/git config --file /home/runner/work/_temp/git-credentials-6d7962f3-c928-4922-84b6-f6cbb4ddd588.config http.https://github.com/.extraheader AUTHORIZATION: basic ***
verify	Run actions/checkout@v7	2026-09-28T14:06:08.8634852Z [command]/usr/bin/git config --local includeIf.gitdir:/home/runner/work/ecohospital-esg-cicd/ecohospital-esg-cicd/.git.path /home/runner/work/_temp/git-credentials-6d7962f3-c928-4922-84b6-f6cbb4ddd588.config
verify	Run actions/checkout@v7	2026-09-28T14:06:08.8666379Z [command]/usr/bin/git config --local includeIf.gitdir:/home/runner/work/ecohospital-esg-cicd/ecohospital-esg-cicd/.git/worktrees/*.path /home/runner/work/_temp/git-credentials-6d7962f3-c928-4922-84b6-f6cbb4ddd588.config
verify	Run actions/checkout@v7	2026-09-28T14:06:08.8699403Z [command]/usr/bin/git config --local includeIf.gitdir:/github/workspace/.git.path /github/runner_temp/git-credentials-6d7962f3-c928-4922-84b6-f6cbb4ddd588.config
verify	Run actions/checkout@v7	2026-09-28T14:06:08.8729835Z [command]/usr/bin/git config --local includeIf.gitdir:/github/workspace/.git/worktrees/*.path /github/runner_temp/git-credentials-6d7962f3-c928-4922-84b6-f6cbb4ddd588.config
verify	Run actions/checkout@v7	2026-09-28T14:06:08.8757871Z ##[endgroup]
verify	Run actions/checkout@v7	2026-09-28T14:06:08.8759768Z ##[group]Fetching the repository
verify	Run actions/checkout@v7	2026-09-28T14:06:08.8763058Z [command]/usr/bin/git -c protocol.version=2 fetch --no-tags --prune --no-recurse-submodules --depth=1 origin +5b00e1eff60e82993258fdec04263a57fb462e49:refs/remotes/origin/main
verify	Run actions/checkout@v7	2026-09-28T14:06:09.5087190Z From https://github.com/Kalicon/ecohospital-esg-cicd
verify	Run actions/checkout@v7	2026-09-28T14:06:09.5089465Z  * [new ref]         5b00e1eff60e82993258fdec04263a57fb462e49 -> origin/main
verify	Run actions/checkout@v7	2026-09-28T14:06:09.5094689Z [command]/usr/bin/git branch --list --remote origin/main
verify	Run actions/checkout@v7	2026-09-28T14:06:09.5122813Z   origin/main
verify	Run actions/checkout@v7	2026-09-28T14:06:09.5130050Z [command]/usr/bin/git rev-parse refs/remotes/origin/main
verify	Run actions/checkout@v7	2026-09-28T14:06:09.5155411Z 5b00e1eff60e82993258fdec04263a57fb462e49
verify	Run actions/checkout@v7	2026-09-28T14:06:09.5159112Z ##[endgroup]
verify	Run actions/checkout@v7	2026-09-28T14:06:09.5159746Z ##[group]Determining the checkout info
verify	Run actions/checkout@v7	2026-09-28T14:06:09.5160395Z ##[endgroup]
verify	Run actions/checkout@v7	2026-09-28T14:06:09.5163969Z [command]/usr/bin/git sparse-checkout disable
verify	Run actions/checkout@v7	2026-09-28T14:06:09.5221526Z [command]/usr/bin/git config --local --unset-all extensions.worktreeConfig
verify	Run actions/checkout@v7	2026-09-28T14:06:09.5252799Z ##[group]Checking out the ref
verify	Run actions/checkout@v7	2026-09-28T14:06:09.5256609Z [command]/usr/bin/git checkout --progress --force -B main refs/remotes/origin/main
verify	Run actions/checkout@v7	2026-09-28T14:06:09.5436124Z Switched to a new branch 'main'
verify	Run actions/checkout@v7	2026-09-28T14:06:09.5437509Z branch 'main' set up to track 'origin/main'.
verify	Run actions/checkout@v7	2026-09-28T14:06:09.5443350Z ##[endgroup]
verify	Run actions/checkout@v7	2026-09-28T14:06:09.5444037Z [command]/usr/bin/git log -1 --format=%H
verify	Run actions/checkout@v7	2026-09-28T14:06:09.5451021Z 5b00e1eff60e82993258fdec04263a57fb462e49
verify	Run actions/setup-java@v6	﻿2026-09-28T14:06:09.5738022Z ##[group]Run actions/setup-java@v6
verify	Run actions/setup-java@v6	2026-09-28T14:06:09.5738644Z with:
verify	Run actions/setup-java@v6	2026-09-28T14:06:09.5738900Z   distribution: temurin
verify	Run actions/setup-java@v6	2026-09-28T14:06:09.5739164Z   java-version: 17
verify	Run actions/setup-java@v6	2026-09-28T14:06:09.5739395Z   cache: maven
verify	Run actions/setup-java@v6	2026-09-28T14:06:09.5739622Z   java-package: jdk
verify	Run actions/setup-java@v6	2026-09-28T14:06:09.5739863Z   check-latest: false
verify	Run actions/setup-java@v6	2026-09-28T14:06:09.5740121Z   force-download: false
verify	Run actions/setup-java@v6	2026-09-28T14:06:09.5740370Z   set-default: true
verify	Run actions/setup-java@v6	2026-09-28T14:06:09.5740634Z   server-id: github
verify	Run actions/setup-java@v6	2026-09-28T14:06:09.5740892Z   mvn-repositories-include-central: true
verify	Run actions/setup-java@v6	2026-09-28T14:06:09.5741304Z   mvn-repositories-prioritize-central: true
verify	Run actions/setup-java@v6	2026-09-28T14:06:09.5741678Z   overwrite-settings: true
verify	Run actions/setup-java@v6	2026-09-28T14:06:09.5741952Z   cache-read-only: false
verify	Run actions/setup-java@v6	2026-09-28T14:06:09.5742219Z   job-status: success
verify	Run actions/setup-java@v6	2026-09-28T14:06:09.5744260Z   token: ***
verify	Run actions/setup-java@v6	2026-09-28T14:06:09.5744496Z   show-download-progress: false
verify	Run actions/setup-java@v6	2026-09-28T14:06:09.5744786Z   problem-matcher: true
verify	Run actions/setup-java@v6	2026-09-28T14:06:09.5745043Z ##[endgroup]
verify	Run actions/setup-java@v6	2026-09-28T14:06:09.6363300Z ##[group]Installed distributions
verify	Run actions/setup-java@v6	2026-09-28T14:06:09.6781687Z Resolved Java 17.0.20+1 from tool-cache
verify	Run actions/setup-java@v6	2026-09-28T14:06:09.6782276Z Setting Java 17.0.20+1 as the default
verify	Run actions/setup-java@v6	2026-09-28T14:06:09.6787789Z 
verify	Run actions/setup-java@v6	2026-09-28T14:06:09.6787979Z Java configuration:
verify	Run actions/setup-java@v6	2026-09-28T14:06:09.6788466Z   Distribution: temurin
verify	Run actions/setup-java@v6	2026-09-28T14:06:09.6788808Z   Version: 17.0.20+1
verify	Run actions/setup-java@v6	2026-09-28T14:06:09.6789138Z   Path: /opt/hostedtoolcache/Java_Temurin-Hotspot_jdk/17.0.20-1/x64
verify	Run actions/setup-java@v6	2026-09-28T14:06:09.6789397Z 
verify	Run actions/setup-java@v6	2026-09-28T14:06:09.6821081Z ##[endgroup]
verify	Run actions/setup-java@v6	2026-09-28T14:06:09.6870187Z Creating settings.xml with server-id: github
verify	Run actions/setup-java@v6	2026-09-28T14:06:09.6872520Z Creating toolchains.xml for JDK version 17 from temurin
verify	Run actions/setup-java@v6	2026-09-28T14:06:09.6882780Z Writing to /home/runner/.m2/settings.xml
verify	Run actions/setup-java@v6	2026-09-28T14:06:09.6886726Z Writing to /home/runner/.m2/toolchains.xml
verify	Run actions/setup-java@v6	2026-09-28T14:06:09.6894019Z Configured MAVEN_ARGS to include -ntp to suppress Maven transfer progress logs. Set 'show-download-progress: true' to keep the download progress output.
verify	Run actions/setup-java@v6	2026-09-28T14:06:09.9752198Z maven cache is not found
verify	Run actions/setup-java@v6	2026-09-28T14:06:09.9868940Z maven-wrapper cache is not found
verify	Run actions/setup-node@v7	﻿2026-09-28T14:06:10.0024350Z ##[group]Run actions/setup-node@v7
verify	Run actions/setup-node@v7	2026-09-28T14:06:10.0024654Z with:
verify	Run actions/setup-node@v7	2026-09-28T14:06:10.0024863Z   node-version: 22
verify	Run actions/setup-node@v7	2026-09-28T14:06:10.0025097Z   check-latest: false
verify	Run actions/setup-node@v7	2026-09-28T14:06:10.0026964Z   token: ***
verify	Run actions/setup-node@v7	2026-09-28T14:06:10.0027203Z   package-manager-cache: true
verify	Run actions/setup-node@v7	2026-09-28T14:06:10.0027454Z env:
verify	Run actions/setup-node@v7	2026-09-28T14:06:10.0027747Z   JAVA_HOME: /opt/hostedtoolcache/Java_Temurin-Hotspot_jdk/17.0.20-1/x64
verify	Run actions/setup-node@v7	2026-09-28T14:06:10.0028561Z   JAVA_HOME_17_X64: /opt/hostedtoolcache/Java_Temurin-Hotspot_jdk/17.0.20-1/x64
verify	Run actions/setup-node@v7	2026-09-28T14:06:10.0028930Z   MAVEN_ARGS: -ntp
verify	Run actions/setup-node@v7	2026-09-28T14:06:10.0029148Z ##[endgroup]
verify	Run actions/setup-node@v7	2026-09-28T14:06:10.2899551Z Found in cache @ /opt/hostedtoolcache/node/22.23.2/x64
verify	Run actions/setup-node@v7	2026-09-28T14:06:10.2903206Z ##[group]Environment details
verify	Run actions/setup-node@v7	2026-09-28T14:06:10.8195215Z node: v22.23.2
verify	Run actions/setup-node@v7	2026-09-28T14:06:10.8195632Z npm: 10.9.8
verify	Run actions/setup-node@v7	2026-09-28T14:06:10.8196143Z yarn: 1.22.22
verify	Run actions/setup-node@v7	2026-09-28T14:06:10.8197238Z ##[endgroup]
verify	Testes existentes e sintaxe do frontend	﻿2026-09-28T14:06:10.8315005Z ##[group]Run node --check public/app.js
verify	Testes existentes e sintaxe do frontend	2026-09-28T14:06:10.8315389Z ^[[36;1mnode --check public/app.js^[[0m
verify	Testes existentes e sintaxe do frontend	2026-09-28T14:06:10.8315627Z ^[[36;1mnode --check src/server.js^[[0m
verify	Testes existentes e sintaxe do frontend	2026-09-28T14:06:10.8315840Z ^[[36;1mnode src/test_mongodb_runner.js^[[0m
verify	Testes existentes e sintaxe do frontend	2026-09-28T14:06:10.8514982Z shell: /usr/bin/bash -e {0}
verify	Testes existentes e sintaxe do frontend	2026-09-28T14:06:10.8515267Z env:
verify	Testes existentes e sintaxe do frontend	2026-09-28T14:06:10.8515538Z   JAVA_HOME: /opt/hostedtoolcache/Java_Temurin-Hotspot_jdk/17.0.20-1/x64
verify	Testes existentes e sintaxe do frontend	2026-09-28T14:06:10.8515930Z   JAVA_HOME_17_X64: /opt/hostedtoolcache/Java_Temurin-Hotspot_jdk/17.0.20-1/x64
verify	Testes existentes e sintaxe do frontend	2026-09-28T14:06:10.8516259Z   MAVEN_ARGS: -ntp
verify	Testes existentes e sintaxe do frontend	2026-09-28T14:06:10.8516438Z ##[endgroup]
verify	Testes existentes e sintaxe do frontend	2026-09-28T14:06:10.9276726Z ================================================================================
verify	Testes existentes e sintaxe do frontend	2026-09-28T14:06:10.9277601Z >>> [MONGODB TEST RUNNER] Inicializando Simulação e Validação NoSQL ESG...
verify	Testes existentes e sintaxe do frontend	2026-09-28T14:06:10.9278094Z >>> Data/Hora da Execução: 2026-09-28T14:06:10.927Z
verify	Testes existentes e sintaxe do frontend	2026-09-28T14:06:10.9278857Z >>> Conexão simulada com: mongodb://localhost:27017/esg_hospital_db
verify	Testes existentes e sintaxe do frontend	2026-09-28T14:06:10.9279388Z ================================================================================
verify	Testes existentes e sintaxe do frontend	2026-09-28T14:06:10.9279584Z 
verify	Testes existentes e sintaxe do frontend	2026-09-28T14:06:10.9280232Z >>> [1. CREATE / INSERÇÃO INICIAL]
verify	Testes existentes e sintaxe do frontend	2026-09-28T14:06:10.9281197Z - unidades_hospitalares: 10 documentos inseridos.
verify	Testes existentes e sintaxe do frontend	2026-09-28T14:06:10.9282085Z - fontes_emissao:        10 documentos inseridos (Esquema Polimórfico).
verify	Testes existentes e sintaxe do frontend	2026-09-28T14:06:10.9282799Z - leituras_carbono_iot:  10 documentos de telemetria inseridos.
verify	Testes existentes e sintaxe do frontend	2026-09-28T14:06:10.9283527Z - licencas_ambientais:   10 documentos com condicionantes inseridos.
verify	Testes existentes e sintaxe do frontend	2026-09-28T14:06:10.9284282Z - logs_auditoria_esg:    10 logs de governança inseridos.
verify	Testes existentes e sintaxe do frontend	2026-09-28T14:06:10.9284867Z Status: TODOS OS 50 DOCUMENTOS INSERIDOS COM SUCESSO!
verify	Testes existentes e sintaxe do frontend	2026-09-28T14:06:10.9285163Z 
verify	Testes existentes e sintaxe do frontend	2026-09-28T14:06:10.9285462Z ================================================================================
verify	Testes existentes e sintaxe do frontend	2026-09-28T14:06:10.9286092Z >>> [2. OPERAÇÕES DE CONSULTA - READ / FIND]
verify	Testes existentes e sintaxe do frontend	2026-09-28T14:06:10.9286875Z ================================================================================
verify	Testes existentes e sintaxe do frontend	2026-09-28T14:06:10.9287212Z 
verify	Testes existentes e sintaxe do frontend	2026-09-28T14:06:10.9287791Z --- [2.1] db.unidades_hospitalares.find({ certificacoes_esg: "ISO 14001", leitos_ativos: { $gt: 200 } }) ---
verify	Testes existentes e sintaxe do frontend	2026-09-28T14:06:10.9288636Z Resultados encontrados: 5
verify	Testes existentes e sintaxe do frontend	2026-09-28T14:06:10.9289457Z   * [UNID-HOSP-001] Hospital Central de Clínicas Sustentáveis | Leitos: 420 | Cidade: São Paulo
verify	Testes existentes e sintaxe do frontend	2026-09-28T14:06:10.9290522Z   * [UNID-HOSP-003] Complexo Hospitalar do Vale do Paraíba | Leitos: 310 | Cidade: São José dos Campos
verify	Testes existentes e sintaxe do frontend	2026-09-28T14:06:10.9291628Z   * [UNID-HOSP-004] Hospital Universitário BioSaúde Campinas | Leitos: 500 | Cidade: Campinas
verify	Testes existentes e sintaxe do frontend	2026-09-28T14:06:10.9292847Z   * [UNID-HOSP-006] Hospital Geral de Santos e Litoral Sustentável | Leitos: 260 | Cidade: Santos
verify	Testes existentes e sintaxe do frontend	2026-09-28T14:06:10.9293815Z   * [UNID-HOSP-008] Hospital Metropolitano Zona Leste Verde | Leitos: 380 | Cidade: São Paulo
verify	Testes existentes e sintaxe do frontend	2026-09-28T14:06:10.9294277Z 
verify	Testes existentes e sintaxe do frontend	2026-09-28T14:06:10.9294729Z --- [2.2] db.fontes_emissao.find({ limite_max_co2_kg_hora: { $gte: 500 } }) ---
verify	Testes existentes e sintaxe do frontend	2026-09-28T14:06:10.9295296Z Resultados encontrados: 4
verify	Testes existentes e sintaxe do frontend	2026-09-28T14:06:10.9296032Z   * [FONTE-CALD-01] Caldeira Aquotubular Principal - Ala Norte | Tipo: CALDEIRA_VAPOR | Limite CO2: 1500 kg/h
verify	Testes existentes e sintaxe do frontend	2026-09-28T14:06:10.9297279Z   * [FONTE-CALD-02] Caldeira Flamotubular de Alta Eficiência - Bloco Cirúrgico | Tipo: CALDEIRA_VAPOR | Limite CO2: 1200 kg/h
verify	Testes existentes e sintaxe do frontend	2026-09-28T14:06:10.9298620Z   * [FONTE-GER-02] Gerador Backup Subestação Leste | Tipo: GRUPO_GERADOR_DIESEL | Limite CO2: 900 kg/h
verify	Testes existentes e sintaxe do frontend	2026-09-28T14:06:10.9300120Z   * [FONTE-GER-01] Grupo Gerador de Emergência UTI / Centros Cirúrgicos | Tipo: GRUPO_GERADOR_DIESEL | Limite CO2: 850 kg/h
verify	Testes existentes e sintaxe do frontend	2026-09-28T14:06:10.9300632Z 
verify	Testes existentes e sintaxe do frontend	2026-09-28T14:06:10.9300992Z --- [2.3] db.fontes_emissao.find({ tipo_fonte: "FROTA_AMBULANCIA_HIBRIDA" }) ---
verify	Testes existentes e sintaxe do frontend	2026-09-28T14:06:10.9301934Z Resultados encontrados: 2 (Demonstração de atributos polimórficos de bateria e autonomia)
verify	Testes existentes e sintaxe do frontend	2026-09-28T14:06:10.9302950Z   * [FONTE-FROT-01] Placa: ESG-2026 | Propulsão: 100% Elétrica Plug-in (BEV) | Autonomia: 260km
verify	Testes existentes e sintaxe do frontend	2026-09-28T14:06:10.9304275Z   * [FONTE-FROT-02] Placa: BIO-9E26 | Propulsão: Híbrida Flex (Etanol / Elétrico) | Autonomia: 120km
verify	Testes existentes e sintaxe do frontend	2026-09-28T14:06:10.9304736Z 
verify	Testes existentes e sintaxe do frontend	2026-09-28T14:06:10.9305380Z --- [2.4] db.leituras_carbono_iot.find({ status_conformidade: { $in: ["ALERTA_PREVENTIVO", "VIOLACAO_BLOQUEANTE"] } }) ---
verify	Testes existentes e sintaxe do frontend	2026-09-28T14:06:10.9306258Z Leituras críticas encontradas: 2
verify	Testes existentes e sintaxe do frontend	2026-09-28T14:06:10.9307153Z   * [LEIT-2026-0002] Fonte: FONTE-CALD-01 | CO2: 1450 kg/h (Limite: 1500) | Status: ALERTA_PREVENTIVO | Árvores: 29
verify	Testes existentes e sintaxe do frontend	2026-09-28T14:06:10.9308505Z   * [LEIT-2026-0003] Fonte: FONTE-CALD-01 | CO2: 1620 kg/h (Limite: 1500) | Status: VIOLACAO_BLOQUEANTE | Árvores: 32
verify	Testes existentes e sintaxe do frontend	2026-09-28T14:06:10.9309054Z 
verify	Testes existentes e sintaxe do frontend	2026-09-28T14:06:10.9309876Z --- [2.5] db.leituras_carbono_iot.aggregate([ { $group: { _id: "$codigo_fonte", total_arvores: { $sum: "$compensacao_ambiental.arvores_sugeridas" } } } ]) ---
verify	Testes existentes e sintaxe do frontend	2026-09-28T14:06:10.9310810Z Agregação de Emissões e Compensação por Fonte:
verify	Testes existentes e sintaxe do frontend	2026-09-28T14:06:10.9311285Z   * Fonte: FONTE-CALD-01   | Média CO2: 1423.33 kg/h | Total Árvores para Plantio: 85
verify	Testes existentes e sintaxe do frontend	2026-09-28T14:06:10.9311859Z   * Fonte: FONTE-CALD-02   | Média CO2:  780.00 kg/h | Total Árvores para Plantio: 16
verify	Testes existentes e sintaxe do frontend	2026-09-28T14:06:10.9312614Z   * Fonte: FONTE-GER-01    | Média CO2:  620.00 kg/h | Total Árvores para Plantio: 12
verify	Testes existentes e sintaxe do frontend	2026-09-28T14:06:10.9313108Z   * Fonte: FONTE-GER-02    | Média CO2:  710.00 kg/h | Total Árvores para Plantio: 14
verify	Testes existentes e sintaxe do frontend	2026-09-28T14:06:10.9313588Z   * Fonte: FONTE-INC-01    | Média CO2:  380.00 kg/h | Total Árvores para Plantio: 8
verify	Testes existentes e sintaxe do frontend	2026-09-28T14:06:10.9314068Z   * Fonte: FONTE-INC-02    | Média CO2:  150.00 kg/h | Total Árvores para Plantio: 3
verify	Testes existentes e sintaxe do frontend	2026-09-28T14:06:10.9314571Z   * Fonte: FONTE-FROT-01   | Média CO2:    8.50 kg/h | Total Árvores para Plantio: 1
verify	Testes existentes e sintaxe do frontend	2026-09-28T14:06:10.9315079Z   * Fonte: FONTE-CHILL-01  | Média CO2:  190.00 kg/h | Total Árvores para Plantio: 4
verify	Testes existentes e sintaxe do frontend	2026-09-28T14:06:10.9315317Z 
verify	Testes existentes e sintaxe do frontend	2026-09-28T14:06:10.9315611Z --- [2.6] db.licencas_ambientais.find({ status: { $in: ["EXPIRA_EM_BREVE", "VENCIDA"] } }) ---
verify	Testes existentes e sintaxe do frontend	2026-09-28T14:06:10.9316070Z Licenças em situação crítica encontradas: 3
verify	Testes existentes e sintaxe do frontend	2026-09-28T14:06:10.9316614Z   * Processo: CETESB-2024-SP-098234 | Órgão: CETESB | Vencimento: 2026-04-15T00:00:00Z | Status: EXPIRA_EM_BREVE
verify	Testes existentes e sintaxe do frontend	2026-09-28T14:06:10.9317284Z   * Processo: CETESB-2023-SJC-04421 | Órgão: CETESB | Vencimento: 2026-05-10T00:00:00Z | Status: EXPIRA_EM_BREVE
verify	Testes existentes e sintaxe do frontend	2026-09-28T14:06:10.9317892Z   * Processo: CETESB-2023-STS-07812 | Órgão: CETESB | Vencimento: 2025-11-20T00:00:00Z | Status: VENCIDA
verify	Testes existentes e sintaxe do frontend	2026-09-28T14:06:10.9318203Z 
verify	Testes existentes e sintaxe do frontend	2026-09-28T14:06:10.9318860Z --- [2.7] db.logs_auditoria_esg.find({ nivel_severidade: { $in: ["CRITICAL", "AUDIT"] } }) ---
verify	Testes existentes e sintaxe do frontend	2026-09-28T14:06:10.9319506Z Logs de Auditoria Críticos: 4
verify	Testes existentes e sintaxe do frontend	2026-09-28T14:06:10.9320168Z   * [LOG-ESG-2026-0003] VIOLACAO_LIMITE_CO2 [CRITICAL]: INCIDENTE BLOQUEANTE: Emissão de 1620kg/h ultrapassou o limite de 1500kg/h na fonte FONTE-CALD-01.
verify	Testes existentes e sintaxe do frontend	2026-09-28T14:06:10.9321099Z   * [LOG-ESG-2026-0004] SEGURANCA_PARAMETROS [AUDIT]: SEGURANÇA: Tentativa de alteração de parâmetro regulamentar da fonte FONTE-CALD-01 auditada e validada.
verify	Testes existentes e sintaxe do frontend	2026-09-28T14:06:10.9321936Z   * [LOG-ESG-2026-0006] ALERTA_VENCIMENTO_LICENCA [CRITICAL]: GRAVE: A Licença Ambiental CETESB-2023-STS-07812 está VENCIDA.
verify	Testes existentes e sintaxe do frontend	2026-09-28T14:06:10.9322762Z   * [LOG-ESG-2026-0010] AUDITORIA_INTEGRIDADE_DADOS [AUDIT]: Auditoria externa periódica de rastreabilidade de dados ESG concluída sem inconformidades.
verify	Testes existentes e sintaxe do frontend	2026-09-28T14:06:10.9323174Z 
verify	Testes existentes e sintaxe do frontend	2026-09-28T14:06:10.9323353Z ================================================================================
verify	Testes existentes e sintaxe do frontend	2026-09-28T14:06:10.9323892Z >>> [3. OPERAÇÕES DE ATUALIZAÇÃO - UPDATE]
verify	Testes existentes e sintaxe do frontend	2026-09-28T14:06:10.9324220Z ================================================================================
verify	Testes existentes e sintaxe do frontend	2026-09-28T14:06:10.9325560Z >>> [3.1] db.unidades_hospitalares.updateOne({ codigo_unidade: "UNID-HOSP-001" }, { $set: { "metas_esg_anuais.meta_reducao_carbono_pct": 22.0 }, $push: { certificacoes_esg: "Certificado Net Zero Carbon Healthcare 2026" } })
verify	Testes existentes e sintaxe do frontend	2026-09-28T14:06:10.9326744Z   -> Unidade atualizada com sucesso! Novas certificações: [
verify	Testes existentes e sintaxe do frontend	2026-09-28T14:06:10.9327295Z   'ISO 14001',
verify	Testes existentes e sintaxe do frontend	2026-09-28T14:06:10.9327673Z   'ONA Nível 3 - Acreditado com Excelência',
verify	Testes existentes e sintaxe do frontend	2026-09-28T14:06:10.9328022Z   'LEED Gold',
verify	Testes existentes e sintaxe do frontend	2026-09-28T14:06:10.9328404Z   'Hospital Amigo do Clima',
verify	Testes existentes e sintaxe do frontend	2026-09-28T14:06:10.9328818Z   'Certificado Net Zero Carbon Healthcare 2026'
verify	Testes existentes e sintaxe do frontend	2026-09-28T14:06:10.9329169Z ]
verify	Testes existentes e sintaxe do frontend	2026-09-28T14:06:10.9329297Z 
verify	Testes existentes e sintaxe do frontend	2026-09-28T14:06:10.9329888Z >>> [3.2] db.fontes_emissao.updateOne({ codigo_fonte: "FONTE-CALD-01" }, { $set: { status_operacional: "OPERANDO_OTIMIZADO" } })
verify	Testes existentes e sintaxe do frontend	2026-09-28T14:06:10.9330612Z   -> Fonte atualizada: Status = OPERANDO_OTIMIZADO
verify	Testes existentes e sintaxe do frontend	2026-09-28T14:06:10.9330868Z 
verify	Testes existentes e sintaxe do frontend	2026-09-28T14:06:10.9331524Z >>> [3.3] db.leituras_carbono_iot.updateMany({ status_conformidade: "CONFORME" }, { $set: { auditoria_qualidade_validada: true } })
verify	Testes existentes e sintaxe do frontend	2026-09-28T14:06:10.9332430Z   -> 8 documentos de leitura atualizados com a flag auditoria_qualidade_validada = true.
verify	Testes existentes e sintaxe do frontend	2026-09-28T14:06:10.9332839Z 
verify	Testes existentes e sintaxe do frontend	2026-09-28T14:06:10.9333623Z >>> [3.4] db.licencas_ambientais.updateOne({ numero_processo: "CETESB-2024-SP-098234" }, { $push: { condicionantes_ambientais: { item: 4, status: "CUMPRIDA" } } })
verify	Testes existentes e sintaxe do frontend	2026-09-28T14:06:10.9334553Z   -> Nova condicionante adicionada. Total de condicionantes: 4
verify	Testes existentes e sintaxe do frontend	2026-09-28T14:06:10.9334857Z 
verify	Testes existentes e sintaxe do frontend	2026-09-28T14:06:10.9335450Z >>> [3.5] db.logs_auditoria_esg.updateOne({ codigo_log: "LOG-ESG-2026-0003" }, { $set: { status_resolucao: "RESOLVIDO" } })
verify	Testes existentes e sintaxe do frontend	2026-09-28T14:06:10.9336327Z   -> Incidente crítico marcado como RESOLVIDO no log de governança.
verify	Testes existentes e sintaxe do frontend	2026-09-28T14:06:10.9336665Z 
verify	Testes existentes e sintaxe do frontend	2026-09-28T14:06:10.9336945Z ================================================================================
verify	Testes existentes e sintaxe do frontend	2026-09-28T14:06:10.9337426Z >>> [4. OPERAÇÕES DE EXCLUSÃO - DELETE]
verify	Testes existentes e sintaxe do frontend	2026-09-28T14:06:10.9337888Z ================================================================================
verify	Testes existentes e sintaxe do frontend	2026-09-28T14:06:10.9338664Z >>> [4.1] db.unidades_hospitalares.deleteOne({ codigo_unidade: "UNID-TEMP-999" })
verify	Testes existentes e sintaxe do frontend	2026-09-28T14:06:10.9339350Z   -> 1 documento temporário removido. Contagem anterior: 11, Atual: 10
verify	Testes existentes e sintaxe do frontend	2026-09-28T14:06:10.9339740Z 
verify	Testes existentes e sintaxe do frontend	2026-09-28T14:06:10.9340183Z >>> [4.2] db.leituras_carbono_iot.deleteMany({ status_conformidade: "TESTE_CORROMPIDO" })
verify	Testes existentes e sintaxe do frontend	2026-09-28T14:06:10.9340984Z   -> 2 leituras temporárias removidas em lote. Contagem atual: 10
verify	Testes existentes e sintaxe do frontend	2026-09-28T14:06:10.9341323Z 
verify	Testes existentes e sintaxe do frontend	2026-09-28T14:06:10.9341611Z ================================================================================
verify	Testes existentes e sintaxe do frontend	2026-09-28T14:06:10.9342162Z >>> [5. ESTATÍSTICAS FINAIS DE VALIDAÇÃO]
verify	Testes existentes e sintaxe do frontend	2026-09-28T14:06:10.9342677Z ================================================================================
verify	Testes existentes e sintaxe do frontend	2026-09-28T14:06:10.9343148Z - unidades_hospitalares: 10 documentos
verify	Testes existentes e sintaxe do frontend	2026-09-28T14:06:10.9343445Z - fontes_emissao:        10 documentos
verify	Testes existentes e sintaxe do frontend	2026-09-28T14:06:10.9343707Z - leituras_carbono_iot:  10 documentos
verify	Testes existentes e sintaxe do frontend	2026-09-28T14:06:10.9343971Z - licencas_ambientais:   10 documentos
verify	Testes existentes e sintaxe do frontend	2026-09-28T14:06:10.9344234Z - logs_auditoria_esg:    10 documentos
verify	Testes existentes e sintaxe do frontend	2026-09-28T14:06:10.9344547Z ================================================================================
verify	Testes existentes e sintaxe do frontend	2026-09-28T14:06:10.9345062Z >>> [SUCESSO] Asserções de consultas e CRUD simulados aprovadas para 50 documentos.
verify	Build, JUnit e empacotamento Spring Boot	﻿2026-09-28T14:06:10.9396490Z ##[group]Run bash mvnw -B -ntp verify
verify	Build, JUnit e empacotamento Spring Boot	2026-09-28T14:06:10.9396896Z ^[[36;1mbash mvnw -B -ntp verify^[[0m
verify	Build, JUnit e empacotamento Spring Boot	2026-09-28T14:06:10.9460723Z shell: /usr/bin/bash -e {0}
verify	Build, JUnit e empacotamento Spring Boot	2026-09-28T14:06:10.9460949Z env:
verify	Build, JUnit e empacotamento Spring Boot	2026-09-28T14:06:10.9461205Z   JAVA_HOME: /opt/hostedtoolcache/Java_Temurin-Hotspot_jdk/17.0.20-1/x64
verify	Build, JUnit e empacotamento Spring Boot	2026-09-28T14:06:10.9461595Z   JAVA_HOME_17_X64: /opt/hostedtoolcache/Java_Temurin-Hotspot_jdk/17.0.20-1/x64
verify	Build, JUnit e empacotamento Spring Boot	2026-09-28T14:06:10.9462151Z   MAVEN_ARGS: -ntp
verify	Build, JUnit e empacotamento Spring Boot	2026-09-28T14:06:10.9462322Z ##[endgroup]
verify	Build, JUnit e empacotamento Spring Boot	2026-09-28T14:06:14.4769879Z [INFO] Scanning for projects...
verify	Build, JUnit e empacotamento Spring Boot	2026-09-28T14:06:22.7569452Z [INFO] 
verify	Build, JUnit e empacotamento Spring Boot	2026-09-28T14:06:22.7600307Z [INFO] ---------------------< br.com.ecohospital:esg-app >---------------------
verify	Build, JUnit e empacotamento Spring Boot	2026-09-28T14:06:22.7601031Z [INFO] Building EcoHospital Smart - ESG CI/CD 1.0.0
verify	Build, JUnit e empacotamento Spring Boot	2026-09-28T14:06:22.7608951Z [INFO]   from pom.xml
verify	Build, JUnit e empacotamento Spring Boot	2026-09-28T14:06:22.7609735Z [INFO] --------------------------------[ jar ]---------------------------------
verify	Build, JUnit e empacotamento Spring Boot	2026-09-28T14:06:35.2162728Z [INFO] 
verify	Build, JUnit e empacotamento Spring Boot	2026-09-28T14:06:35.2163456Z [INFO] --- resources:3.3.1:resources (default-resources) @ esg-app ---
verify	Build, JUnit e empacotamento Spring Boot	2026-09-28T14:06:37.3753706Z [INFO] Copying 1 resource from src/main/resources to target/classes
verify	Build, JUnit e empacotamento Spring Boot	2026-09-28T14:06:37.3779437Z [INFO] Copying 3 resources from public to target/classes/static
verify	Build, JUnit e empacotamento Spring Boot	2026-09-28T14:06:37.3785882Z [INFO] Copying 1 resource from data to target/classes/seed
verify	Build, JUnit e empacotamento Spring Boot	2026-09-28T14:06:37.3796504Z [INFO] 
verify	Build, JUnit e empacotamento Spring Boot	2026-09-28T14:06:37.3797251Z [INFO] --- compiler:3.14.1:compile (default-compile) @ esg-app ---
verify	Build, JUnit e empacotamento Spring Boot	2026-09-28T14:06:39.5048643Z [INFO] Recompiling the module because of changed source code.
verify	Build, JUnit e empacotamento Spring Boot	2026-09-28T14:06:39.5144099Z [INFO] Compiling 4 source files with javac [debug parameters release 17] to target/classes
verify	Build, JUnit e empacotamento Spring Boot	2026-09-28T14:06:40.8596936Z [INFO] 
verify	Build, JUnit e empacotamento Spring Boot	2026-09-28T14:06:40.8631321Z [INFO] --- resources:3.3.1:testResources (default-testResources) @ esg-app ---
verify	Build, JUnit e empacotamento Spring Boot	2026-09-28T14:06:40.8669976Z [INFO] skip non existing resourceDirectory /home/runner/work/ecohospital-esg-cicd/ecohospital-esg-cicd/src/test/resources
verify	Build, JUnit e empacotamento Spring Boot	2026-09-28T14:06:40.8671143Z [INFO] 
verify	Build, JUnit e empacotamento Spring Boot	2026-09-28T14:06:40.8699506Z [INFO] --- compiler:3.14.1:testCompile (default-testCompile) @ esg-app ---
verify	Build, JUnit e empacotamento Spring Boot	2026-09-28T14:06:40.8789908Z [INFO] Recompiling the module because of changed dependency.
verify	Build, JUnit e empacotamento Spring Boot	2026-09-28T14:06:40.8809643Z [INFO] Compiling 2 source files with javac [debug parameters release 17] to target/test-classes
verify	Build, JUnit e empacotamento Spring Boot	2026-09-28T14:06:41.1983826Z [INFO] 
verify	Build, JUnit e empacotamento Spring Boot	2026-09-28T14:06:41.1984868Z [INFO] --- surefire:3.5.6:test (default-test) @ esg-app ---
verify	Build, JUnit e empacotamento Spring Boot	2026-09-28T14:06:43.2727623Z [INFO] Using auto detected provider org.apache.maven.surefire.junitplatform.JUnitPlatformProvider
verify	Build, JUnit e empacotamento Spring Boot	2026-09-28T14:06:43.8420996Z [INFO] 
verify	Build, JUnit e empacotamento Spring Boot	2026-09-28T14:06:43.8421573Z [INFO] -------------------------------------------------------
verify	Build, JUnit e empacotamento Spring Boot	2026-09-28T14:06:43.8422008Z [INFO]  T E S T S
verify	Build, JUnit e empacotamento Spring Boot	2026-09-28T14:06:43.8422434Z [INFO] -------------------------------------------------------
verify	Build, JUnit e empacotamento Spring Boot	2026-09-28T14:06:44.4163183Z [INFO] Running br.com.ecohospital.EsgApiTest
verify	Build, JUnit e empacotamento Spring Boot	2026-09-28T14:06:44.5646351Z 14:06:44.520 [main] INFO org.springframework.test.context.support.AnnotationConfigContextLoaderUtils -- Could not detect default configuration classes for test class [br.com.ecohospital.EsgApiTest]: EsgApiTest does not declare any static, non-private, non-final, nested classes annotated with @Configuration.
verify	Build, JUnit e empacotamento Spring Boot	2026-09-28T14:06:44.6633832Z 14:06:44.620 [main] INFO org.springframework.boot.test.context.SpringBootTestContextBootstrapper -- Found @SpringBootConfiguration br.com.ecohospital.EsgApplication for test class br.com.ecohospital.EsgApiTest
verify	Build, JUnit e empacotamento Spring Boot	2026-09-28T14:06:45.0647566Z 
verify	Build, JUnit e empacotamento Spring Boot	2026-09-28T14:06:45.0648264Z   .   ____          _            __ _ _
verify	Build, JUnit e empacotamento Spring Boot	2026-09-28T14:06:45.0648936Z  /\\ / ___'_ __ _ _(_)_ __  __ _ \ \ \ \
verify	Build, JUnit e empacotamento Spring Boot	2026-09-28T14:06:45.0649322Z ( ( )\___ | '_ | '_| | '_ \/ _` | \ \ \ \
verify	Build, JUnit e empacotamento Spring Boot	2026-09-28T14:06:45.0649660Z  \\/  ___)| |_)| | | | | || (_| |  ) ) ) )
verify	Build, JUnit e empacotamento Spring Boot	2026-09-28T14:06:45.0650007Z   '  |____| .__|_| |_|_| |_\__, | / / / /
verify	Build, JUnit e empacotamento Spring Boot	2026-09-28T14:06:45.0650369Z  =========|_|==============|___/=/_/_/_/
verify	Build, JUnit e empacotamento Spring Boot	2026-09-28T14:06:45.0650590Z 
verify	Build, JUnit e empacotamento Spring Boot	2026-09-28T14:06:45.0662592Z  :: Spring Boot ::               (v3.5.16)
verify	Build, JUnit e empacotamento Spring Boot	2026-09-28T14:06:45.0663395Z 
verify	Build, JUnit e empacotamento Spring Boot	2026-09-28T14:06:45.0664741Z 2026-09-28T14:06:45.054Z  INFO 2313 --- [ecohospital-esg] [           main] br.com.ecohospital.EsgApiTest            : Starting EsgApiTest using Java 17.0.20.1 with PID 2313 (started by runner in /home/runner/work/ecohospital-esg-cicd/ecohospital-esg-cicd)
verify	Build, JUnit e empacotamento Spring Boot	2026-09-28T14:06:45.0666637Z 2026-09-28T14:06:45.055Z  INFO 2313 --- [ecohospital-esg] [           main] br.com.ecohospital.EsgApiTest            : No active profile set, falling back to 1 default profile: "default"
verify	Build, JUnit e empacotamento Spring Boot	2026-09-28T14:06:45.8681778Z 2026-09-28T14:06:45.841Z  INFO 2313 --- [ecohospital-esg] [           main] o.s.b.a.w.s.WelcomePageHandlerMapping    : Adding welcome page: class path resource [static/index.html]
verify	Build, JUnit e empacotamento Spring Boot	2026-09-28T14:06:46.2688636Z 2026-09-28T14:06:46.248Z  INFO 2313 --- [ecohospital-esg] [           main] o.s.b.t.m.w.SpringBootMockServletContext : Initializing Spring TestDispatcherServlet ''
verify	Build, JUnit e empacotamento Spring Boot	2026-09-28T14:06:46.2724379Z 2026-09-28T14:06:46.248Z  INFO 2313 --- [ecohospital-esg] [           main] o.s.t.web.servlet.TestDispatcherServlet  : Initializing Servlet ''
verify	Build, JUnit e empacotamento Spring Boot	2026-09-28T14:06:46.2740257Z 2026-09-28T14:06:46.255Z  INFO 2313 --- [ecohospital-esg] [           main] o.s.b.a.e.web.EndpointLinksResolver      : Exposing 1 endpoint beneath base path '/actuator'
verify	Build, JUnit e empacotamento Spring Boot	2026-09-28T14:06:46.2769829Z 2026-09-28T14:06:46.263Z  INFO 2313 --- [ecohospital-esg] [           main] o.s.t.web.servlet.TestDispatcherServlet  : Completed initialization in 14 ms
verify	Build, JUnit e empacotamento Spring Boot	2026-09-28T14:06:46.3688796Z 2026-09-28T14:06:46.313Z  INFO 2313 --- [ecohospital-esg] [           main] br.com.ecohospital.EsgApiTest            : Started EsgApiTest in 1.59 seconds (process running for 2.427)
verify	Build, JUnit e empacotamento Spring Boot	2026-09-28T14:06:46.8001969Z OpenJDK 64-Bit Server VM warning: Sharing is only supported for boot loader classes because bootstrap classpath has been appended
verify	Build, JUnit e empacotamento Spring Boot	2026-09-28T14:06:47.4347362Z 2026-09-28T14:06:47.427Z  WARN 2313 --- [ecohospital-esg] [           main] .w.s.m.s.DefaultHandlerExceptionResolver : Resolved [org.springframework.http.converter.HttpMessageNotReadableException: JSON parse error: Unexpected character ('b' (code 98)): was expecting double-quote to start field name]
verify	Build, JUnit e empacotamento Spring Boot	2026-09-28T14:06:47.5629148Z [INFO] Tests run: 20, Failures: 0, Errors: 0, Skipped: 0, Time elapsed: 3.125 s -- in br.com.ecohospital.EsgApiTest
verify	Build, JUnit e empacotamento Spring Boot	2026-09-28T14:06:47.5669280Z [INFO] Running br.com.ecohospital.EsgStoreTest
verify	Build, JUnit e empacotamento Spring Boot	2026-09-28T14:06:47.6840121Z [INFO] Tests run: 5, Failures: 0, Errors: 0, Skipped: 0, Time elapsed: 0.134 s -- in br.com.ecohospital.EsgStoreTest
verify	Build, JUnit e empacotamento Spring Boot	2026-09-28T14:06:47.7161441Z [INFO] 
verify	Build, JUnit e empacotamento Spring Boot	2026-09-28T14:06:47.7161728Z [INFO] Results:
verify	Build, JUnit e empacotamento Spring Boot	2026-09-28T14:06:47.7161925Z [INFO] 
verify	Build, JUnit e empacotamento Spring Boot	2026-09-28T14:06:47.7165630Z [INFO] Tests run: 25, Failures: 0, Errors: 0, Skipped: 0
verify	Build, JUnit e empacotamento Spring Boot	2026-09-28T14:06:47.7165974Z [INFO] 
verify	Build, JUnit e empacotamento Spring Boot	2026-09-28T14:06:47.7189420Z [INFO] 
verify	Build, JUnit e empacotamento Spring Boot	2026-09-28T14:06:47.7189845Z [INFO] --- jar:3.4.2:jar (default-jar) @ esg-app ---
verify	Build, JUnit e empacotamento Spring Boot	2026-09-28T14:06:50.4880633Z [INFO] Building jar: /home/runner/work/ecohospital-esg-cicd/ecohospital-esg-cicd/target/esg-app.jar
verify	Build, JUnit e empacotamento Spring Boot	2026-09-28T14:06:50.5212884Z [INFO] 
verify	Build, JUnit e empacotamento Spring Boot	2026-09-28T14:06:50.5213718Z [INFO] --- spring-boot:3.5.16:repackage (repackage) @ esg-app ---
verify	Build, JUnit e empacotamento Spring Boot	2026-09-28T14:06:52.7730492Z [INFO] Replacing main artifact /home/runner/work/ecohospital-esg-cicd/ecohospital-esg-cicd/target/esg-app.jar with repackaged archive, adding nested dependencies in BOOT-INF/.
verify	Build, JUnit e empacotamento Spring Boot	2026-09-28T14:06:52.7749595Z [INFO] The original artifact has been renamed to /home/runner/work/ecohospital-esg-cicd/ecohospital-esg-cicd/target/esg-app.jar.original
verify	Build, JUnit e empacotamento Spring Boot	2026-09-28T14:06:52.7775016Z [INFO] ------------------------------------------------------------------------
verify	Build, JUnit e empacotamento Spring Boot	2026-09-28T14:06:52.7789376Z [INFO] BUILD SUCCESS
verify	Build, JUnit e empacotamento Spring Boot	2026-09-28T14:06:52.7790124Z [INFO] ------------------------------------------------------------------------
verify	Build, JUnit e empacotamento Spring Boot	2026-09-28T14:06:52.7790877Z [INFO] Total time:  38.325 s
verify	Build, JUnit e empacotamento Spring Boot	2026-09-28T14:06:52.7791596Z [INFO] Finished at: 2026-09-28T14:06:52Z
verify	Build, JUnit e empacotamento Spring Boot	2026-09-28T14:06:52.7792261Z [INFO] ------------------------------------------------------------------------
verify	Preservar relatórios e JAR	﻿2026-09-28T14:06:52.8127269Z ##[group]Run actions/upload-artifact@v7
verify	Preservar relatórios e JAR	2026-09-28T14:06:52.8127516Z with:
verify	Preservar relatórios e JAR	2026-09-28T14:06:52.8127745Z   name: build-and-tests-5b00e1eff60e82993258fdec04263a57fb462e49
verify	Preservar relatórios e JAR	2026-09-28T14:06:52.8128062Z   path: target/surefire-reports/
verify	Preservar relatórios e JAR	target/esg-app.jar
verify	Preservar relatórios e JAR	
verify	Preservar relatórios e JAR	2026-09-28T14:06:52.8128568Z   if-no-files-found: warn
verify	Preservar relatórios e JAR	2026-09-28T14:06:52.8128771Z   compression-level: 6
verify	Preservar relatórios e JAR	2026-09-28T14:06:52.8128948Z   overwrite: false
verify	Preservar relatórios e JAR	2026-09-28T14:06:52.8129302Z   include-hidden-files: false
verify	Preservar relatórios e JAR	2026-09-28T14:06:52.8129494Z   archive: true
verify	Preservar relatórios e JAR	2026-09-28T14:06:52.8129659Z env:
verify	Preservar relatórios e JAR	2026-09-28T14:06:52.8129894Z   JAVA_HOME: /opt/hostedtoolcache/Java_Temurin-Hotspot_jdk/17.0.20-1/x64
verify	Preservar relatórios e JAR	2026-09-28T14:06:52.8130281Z   JAVA_HOME_17_X64: /opt/hostedtoolcache/Java_Temurin-Hotspot_jdk/17.0.20-1/x64
verify	Preservar relatórios e JAR	2026-09-28T14:06:52.8130579Z   MAVEN_ARGS: -ntp
verify	Preservar relatórios e JAR	2026-09-28T14:06:52.8130748Z ##[endgroup]
verify	Preservar relatórios e JAR	2026-09-28T14:06:52.9302616Z Multiple search paths detected. Calculating the least common ancestor of all paths
verify	Preservar relatórios e JAR	2026-09-28T14:06:52.9305187Z The least common ancestor is /home/runner/work/ecohospital-esg-cicd/ecohospital-esg-cicd/target. This will be the root directory of the artifact
verify	Preservar relatórios e JAR	2026-09-28T14:06:52.9307567Z With the provided path, there will be 5 files uploaded
verify	Preservar relatórios e JAR	2026-09-28T14:06:52.9309108Z Artifact name is valid!
verify	Preservar relatórios e JAR	2026-09-28T14:06:52.9309825Z Root directory input is valid!
verify	Preservar relatórios e JAR	2026-09-28T14:06:53.2535290Z Uploading artifact: build-and-tests-5b00e1eff60e82993258fdec04263a57fb462e49.zip
verify	Preservar relatórios e JAR	2026-09-28T14:06:53.2572161Z Beginning upload of artifact content to blob storage
verify	Preservar relatórios e JAR	2026-09-28T14:06:54.2989689Z Uploaded bytes 8388608
verify	Preservar relatórios e JAR	2026-09-28T14:06:54.4923795Z Uploaded bytes 16777216
verify	Preservar relatórios e JAR	2026-09-28T14:06:54.7860746Z Uploaded bytes 21340400
verify	Preservar relatórios e JAR	2026-09-28T14:06:54.8409482Z Finished uploading artifact content to blob storage!
verify	Preservar relatórios e JAR	2026-09-28T14:06:54.8410425Z SHA256 digest of uploaded artifact is b08a35b776eb771a5216533ec6ab816033ac48a8700602db110a35b3607d5990
verify	Preservar relatórios e JAR	2026-09-28T14:06:54.8411084Z Finalizing artifact upload
verify	Preservar relatórios e JAR	2026-09-28T14:06:55.2333433Z Artifact build-and-tests-5b00e1eff60e82993258fdec04263a57fb462e49 successfully finalized. Artifact ID 10973849249
verify	Preservar relatórios e JAR	2026-09-28T14:06:55.2334421Z Artifact build-and-tests-5b00e1eff60e82993258fdec04263a57fb462e49 has been successfully uploaded! Final size is 21340400 bytes. Artifact ID is 10973849249
verify	Preservar relatórios e JAR	2026-09-28T14:06:55.2337429Z Artifact download URL: https://github.com/Kalicon/ecohospital-esg-cicd/actions/runs/36433415005/artifacts/10973849249
verify	Post Run actions/setup-node@v7	﻿2026-09-28T14:06:55.2494595Z Post job cleanup.
verify	Post Run actions/setup-java@v6	﻿2026-09-28T14:06:55.3605449Z Post job cleanup.
verify	Post Run actions/setup-java@v6	2026-09-28T14:06:55.4840259Z [command]/usr/bin/tar --posix -cf cache.tzst --exclude cache.tzst -P -C /home/runner/work/ecohospital-esg-cicd/ecohospital-esg-cicd --files-from manifest.txt --use-compress-program zstdmt
verify	Post Run actions/setup-java@v6	2026-09-28T14:06:56.5022051Z Sent 9124707 of 9124707 (100.0%), 11.4 MBs/sec
verify	Post Run actions/setup-java@v6	2026-09-28T14:06:56.7442600Z maven-wrapper cache saved with the key: setup-java-Linux-x64-maven-wrapper-8cfda2abb09e83e53b59dae5d410e36050316510ade3fef2521f1cb035ba1fc0
verify	Post Run actions/setup-java@v6	2026-09-28T14:06:56.7512372Z [command]/usr/bin/tar --posix -cf cache.tzst --exclude cache.tzst -P -C /home/runner/work/ecohospital-esg-cicd/ecohospital-esg-cicd --files-from manifest.txt --use-compress-program zstdmt
verify	Post Run actions/setup-java@v6	2026-09-28T14:06:58.1007337Z Sent 38207488 of 59090270 (64.7%), 36.4 MBs/sec
verify	Post Run actions/setup-java@v6	2026-09-28T14:06:58.6640813Z Sent 59090270 of 59090270 (100.0%), 36.1 MBs/sec
verify	Post Run actions/setup-java@v6	2026-09-28T14:06:58.8907006Z Cache saved with the key: setup-java-Linux-x64-maven-66f01ad382ea930d3189cf3a0b02dc35b4e9b4016375c97b065237f2f5c8fc6d
verify	Post Run actions/checkout@v7	﻿2026-09-28T14:06:58.9035037Z Post job cleanup.
verify	Post Run actions/checkout@v7	2026-09-28T14:06:58.9759215Z [command]/usr/bin/git version
verify	Post Run actions/checkout@v7	2026-09-28T14:06:58.9796555Z git version 2.55.0
verify	Post Run actions/checkout@v7	2026-09-28T14:06:58.9834082Z Temporarily overriding HOME='/home/runner/work/_temp/eefcd09b-92dd-4112-af01-5a155ea71c63' before making global git config changes
verify	Post Run actions/checkout@v7	2026-09-28T14:06:58.9835233Z Adding repository directory to the temporary git global config as a safe directory
verify	Post Run actions/checkout@v7	2026-09-28T14:06:58.9839198Z [command]/usr/bin/git config --global --add safe.directory /home/runner/work/ecohospital-esg-cicd/ecohospital-esg-cicd
verify	Post Run actions/checkout@v7	2026-09-28T14:06:58.9869653Z Removing SSH command configuration
verify	Post Run actions/checkout@v7	2026-09-28T14:06:58.9879087Z [command]/usr/bin/git config --local --name-only --get-regexp core\.sshCommand
verify	Post Run actions/checkout@v7	2026-09-28T14:06:58.9907141Z [command]/usr/bin/git submodule foreach --recursive sh -c "git config --local --name-only --get-regexp 'core\.sshCommand' && git config --local --unset-all 'core.sshCommand' || :"
verify	Post Run actions/checkout@v7	2026-09-28T14:06:59.0121126Z Removing HTTP extra header
verify	Post Run actions/checkout@v7	2026-09-28T14:06:59.0126725Z [command]/usr/bin/git config --local --name-only --get-regexp http\.https\:\/\/github\.com\/\.extraheader
verify	Post Run actions/checkout@v7	2026-09-28T14:06:59.0163897Z [command]/usr/bin/git submodule foreach --recursive sh -c "git config --local --name-only --get-regexp 'http\.https\:\/\/github\.com\/\.extraheader' && git config --local --unset-all 'http.https://github.com/.extraheader' || :"
verify	Post Run actions/checkout@v7	2026-09-28T14:06:59.0400025Z Removing includeIf entries pointing to credentials config files
verify	Post Run actions/checkout@v7	2026-09-28T14:06:59.0400623Z [command]/usr/bin/git config --local --name-only --get-regexp ^includeIf\.gitdir:
verify	Post Run actions/checkout@v7	2026-09-28T14:06:59.0426050Z includeif.gitdir:/home/runner/work/ecohospital-esg-cicd/ecohospital-esg-cicd/.git.path
verify	Post Run actions/checkout@v7	2026-09-28T14:06:59.0427286Z includeif.gitdir:/home/runner/work/ecohospital-esg-cicd/ecohospital-esg-cicd/.git/worktrees/*.path
verify	Post Run actions/checkout@v7	2026-09-28T14:06:59.0428135Z includeif.gitdir:/github/workspace/.git.path
verify	Post Run actions/checkout@v7	2026-09-28T14:06:59.0428918Z includeif.gitdir:/github/workspace/.git/worktrees/*.path
verify	Post Run actions/checkout@v7	2026-09-28T14:06:59.0433631Z [command]/usr/bin/git config --local --get-all includeif.gitdir:/home/runner/work/ecohospital-esg-cicd/ecohospital-esg-cicd/.git.path
verify	Post Run actions/checkout@v7	2026-09-28T14:06:59.0461545Z /home/runner/work/_temp/git-credentials-6d7962f3-c928-4922-84b6-f6cbb4ddd588.config
verify	Post Run actions/checkout@v7	2026-09-28T14:06:59.0469825Z [command]/usr/bin/git config --local --unset includeif.gitdir:/home/runner/work/ecohospital-esg-cicd/ecohospital-esg-cicd/.git.path \/home\/runner\/work\/_temp\/git\-credentials\-6d7962f3\-c928\-4922\-84b6\-f6cbb4ddd588\.config
verify	Post Run actions/checkout@v7	2026-09-28T14:06:59.0511438Z [command]/usr/bin/git config --local --get-all includeif.gitdir:/home/runner/work/ecohospital-esg-cicd/ecohospital-esg-cicd/.git/worktrees/*.path
verify	Post Run actions/checkout@v7	2026-09-28T14:06:59.0539111Z /home/runner/work/_temp/git-credentials-6d7962f3-c928-4922-84b6-f6cbb4ddd588.config
verify	Post Run actions/checkout@v7	2026-09-28T14:06:59.0547264Z [command]/usr/bin/git config --local --unset includeif.gitdir:/home/runner/work/ecohospital-esg-cicd/ecohospital-esg-cicd/.git/worktrees/*.path \/home\/runner\/work\/_temp\/git\-credentials\-6d7962f3\-c928\-4922\-84b6\-f6cbb4ddd588\.config
verify	Post Run actions/checkout@v7	2026-09-28T14:06:59.0585183Z [command]/usr/bin/git config --local --get-all includeif.gitdir:/github/workspace/.git.path
verify	Post Run actions/checkout@v7	2026-09-28T14:06:59.0612889Z /github/runner_temp/git-credentials-6d7962f3-c928-4922-84b6-f6cbb4ddd588.config
verify	Post Run actions/checkout@v7	2026-09-28T14:06:59.0619776Z [command]/usr/bin/git config --local --unset includeif.gitdir:/github/workspace/.git.path \/github\/runner_temp\/git\-credentials\-6d7962f3\-c928\-4922\-84b6\-f6cbb4ddd588\.config
verify	Post Run actions/checkout@v7	2026-09-28T14:06:59.0653769Z [command]/usr/bin/git config --local --get-all includeif.gitdir:/github/workspace/.git/worktrees/*.path
verify	Post Run actions/checkout@v7	2026-09-28T14:06:59.0677753Z /github/runner_temp/git-credentials-6d7962f3-c928-4922-84b6-f6cbb4ddd588.config
verify	Post Run actions/checkout@v7	2026-09-28T14:06:59.0684957Z [command]/usr/bin/git config --local --unset includeif.gitdir:/github/workspace/.git/worktrees/*.path \/github\/runner_temp\/git\-credentials\-6d7962f3\-c928\-4922\-84b6\-f6cbb4ddd588\.config
verify	Post Run actions/checkout@v7	2026-09-28T14:06:59.0718915Z [command]/usr/bin/git submodule foreach --recursive git config --local --show-origin --name-only --get-regexp remote.origin.url
verify	Post Run actions/checkout@v7	2026-09-28T14:06:59.0913643Z Removing credentials config '/home/runner/work/_temp/git-credentials-6d7962f3-c928-4922-84b6-f6cbb4ddd588.config'
verify	Complete job	﻿2026-09-28T14:06:59.1071174Z Cleaning up orphan processes
image	Set up job	﻿2026-09-28T14:07:04.1966305Z Current runner version: '2.337.0'
image	Set up job	2026-09-28T14:07:04.1988885Z ##[group]Runner Image Provisioner
image	Set up job	2026-09-28T14:07:04.1989783Z Hosted Compute Agent
image	Set up job	2026-09-28T14:07:04.1990325Z Version: 20260828.587
image	Set up job	2026-09-28T14:07:04.1991254Z Commit: abac92662cab4cc7352de4f9f9d2e2419aad9c29
image	Set up job	2026-09-28T14:07:04.1991955Z Build Date: 2026-08-28T16:44:25Z
image	Set up job	2026-09-28T14:07:04.1992571Z Worker ID: {e11ade7c-72c2-4071-b3c3-273f94fcde33}
image	Set up job	2026-09-28T14:07:04.1993266Z Azure Region: westus3
image	Set up job	2026-09-28T14:07:04.1993795Z ##[endgroup]
image	Set up job	2026-09-28T14:07:04.1995126Z ##[group]Operating System
image	Set up job	2026-09-28T14:07:04.1995709Z Ubuntu
image	Set up job	2026-09-28T14:07:04.1996162Z 24.04.5
image	Set up job	2026-09-28T14:07:04.1997014Z LTS
image	Set up job	2026-09-28T14:07:04.1997573Z ##[endgroup]
image	Set up job	2026-09-28T14:07:04.1998172Z ##[group]Runner Image
image	Set up job	2026-09-28T14:07:04.1998754Z Image: ubuntu-24.04
image	Set up job	2026-09-28T14:07:04.1999275Z Version: 20260920.314.1
image	Set up job	2026-09-28T14:07:04.2000251Z Included Software: https://github.com/actions/runner-images/blob/ubuntu24/20260920.314/images/ubuntu/Ubuntu2404-Readme.md
image	Set up job	2026-09-28T14:07:04.2002095Z Image Release: https://github.com/actions/runner-images/releases/tag/ubuntu24%2F20260920.314
image	Set up job	2026-09-28T14:07:04.2002999Z ##[endgroup]
image	Set up job	2026-09-28T14:07:04.2004102Z ##[group]GITHUB_TOKEN Permissions
image	Set up job	2026-09-28T14:07:04.2006200Z Contents: read
image	Set up job	2026-09-28T14:07:04.2006839Z Metadata: read
image	Set up job	2026-09-28T14:07:04.2007447Z Packages: write
image	Set up job	2026-09-28T14:07:04.2007965Z ##[endgroup]
image	Set up job	2026-09-28T14:07:04.2009819Z Secret source: Actions
image	Set up job	2026-09-28T14:07:04.2010913Z Cache mode: write
image	Set up job	2026-09-28T14:07:04.2011611Z Prepare workflow directory
image	Set up job	2026-09-28T14:07:04.2297952Z Prepare all required actions
image	Set up job	2026-09-28T14:07:04.2347722Z Getting action download info
image	Set up job	2026-09-28T14:07:04.6612575Z Download action repository 'actions/checkout@v7' (SHA:3d3c42e5aac5ba805825da76410c181273ba90b1)
image	Set up job	2026-09-28T14:07:04.7668490Z Download action repository 'docker/setup-buildx-action@v4' (SHA:f87e5991a6d7451dcb8d9637bfbc97413f497069)
image	Set up job	2026-09-28T14:07:05.5538965Z Download action repository 'docker/build-push-action@v7' (SHA:c3c9e263c25d99ce0380d002d59b67737d91b0dc)
image	Set up job	2026-09-28T14:07:06.4955423Z Download action repository 'docker/login-action@v4' (SHA:dbcb813823bdd20940b903addbd779551569679f)
image	Set up job	2026-09-28T14:07:07.3432141Z Download action repository 'actions/upload-artifact@v7' (SHA:043fb46d1a93c77aae656e7c1c64a875d1fc6a0a)
image	Set up job	2026-09-28T14:07:07.5396723Z Complete job name: image
image	Run actions/checkout@v7	﻿2026-09-28T14:07:07.5934476Z ##[group]Run actions/checkout@v7
image	Run actions/checkout@v7	2026-09-28T14:07:07.5934985Z with:
image	Run actions/checkout@v7	2026-09-28T14:07:07.5935316Z   repository: Kalicon/ecohospital-esg-cicd
image	Run actions/checkout@v7	2026-09-28T14:07:07.5937534Z   token: ***
image	Run actions/checkout@v7	2026-09-28T14:07:07.5937817Z   ssh-strict: true
image	Run actions/checkout@v7	2026-09-28T14:07:07.5938115Z   ssh-user: git
image	Run actions/checkout@v7	2026-09-28T14:07:07.5938406Z   persist-credentials: true
image	Run actions/checkout@v7	2026-09-28T14:07:07.5938700Z   clean: true
image	Run actions/checkout@v7	2026-09-28T14:07:07.5938990Z   sparse-checkout-cone-mode: true
image	Run actions/checkout@v7	2026-09-28T14:07:07.5939330Z   fetch-depth: 1
image	Run actions/checkout@v7	2026-09-28T14:07:07.5939645Z   fetch-tags: false
image	Run actions/checkout@v7	2026-09-28T14:07:07.5939914Z   show-progress: true
image	Run actions/checkout@v7	2026-09-28T14:07:07.5940182Z   lfs: false
image	Run actions/checkout@v7	2026-09-28T14:07:07.5940463Z   submodules: false
image	Run actions/checkout@v7	2026-09-28T14:07:07.5940903Z   set-safe-directory: true
image	Run actions/checkout@v7	2026-09-28T14:07:07.5941226Z   allow-unsafe-pr-checkout: false
image	Run actions/checkout@v7	2026-09-28T14:07:07.5941671Z ##[endgroup]
image	Run actions/checkout@v7	2026-09-28T14:07:07.6872435Z Syncing repository: Kalicon/ecohospital-esg-cicd
image	Run actions/checkout@v7	2026-09-28T14:07:07.6874033Z ##[group]Getting Git version info
image	Run actions/checkout@v7	2026-09-28T14:07:07.6874559Z Working directory is '/home/runner/work/ecohospital-esg-cicd/ecohospital-esg-cicd'
image	Run actions/checkout@v7	2026-09-28T14:07:07.6875373Z [command]/usr/bin/git version
image	Run actions/checkout@v7	2026-09-28T14:07:07.6927873Z git version 2.55.0
image	Run actions/checkout@v7	2026-09-28T14:07:07.6944625Z ##[endgroup]
image	Run actions/checkout@v7	2026-09-28T14:07:07.6951187Z Temporarily overriding HOME='/home/runner/work/_temp/b7415c44-54ac-482d-8f8b-02b56439552c' before making global git config changes
image	Run actions/checkout@v7	2026-09-28T14:07:07.6952949Z Adding repository directory to the temporary git global config as a safe directory
image	Run actions/checkout@v7	2026-09-28T14:07:07.6962159Z [command]/usr/bin/git config --global --add safe.directory /home/runner/work/ecohospital-esg-cicd/ecohospital-esg-cicd
image	Run actions/checkout@v7	2026-09-28T14:07:07.6998117Z Deleting the contents of '/home/runner/work/ecohospital-esg-cicd/ecohospital-esg-cicd'
image	Run actions/checkout@v7	2026-09-28T14:07:07.7002075Z ##[group]Determining repository object format
image	Run actions/checkout@v7	2026-09-28T14:07:07.7003424Z ##[endgroup]
image	Run actions/checkout@v7	2026-09-28T14:07:07.7004122Z ##[group]Initializing the repository
image	Run actions/checkout@v7	2026-09-28T14:07:07.7008120Z [command]/usr/bin/git init /home/runner/work/ecohospital-esg-cicd/ecohospital-esg-cicd
image	Run actions/checkout@v7	2026-09-28T14:07:07.7182108Z hint: Using 'master' as the name for the initial branch. This default branch name
image	Run actions/checkout@v7	2026-09-28T14:07:07.7183716Z hint: will change to "main" in Git 3.0. To configure the initial branch name
image	Run actions/checkout@v7	2026-09-28T14:07:07.7184742Z hint: to use in all of your new repositories, which will suppress this warning,
image	Run actions/checkout@v7	2026-09-28T14:07:07.7185793Z hint: call:
image	Run actions/checkout@v7	2026-09-28T14:07:07.7186195Z hint:
image	Run actions/checkout@v7	2026-09-28T14:07:07.7187237Z hint: 	git config --global init.defaultBranch <name>
image	Run actions/checkout@v7	2026-09-28T14:07:07.7187726Z hint:
image	Run actions/checkout@v7	2026-09-28T14:07:07.7188215Z hint: Names commonly chosen instead of 'master' are 'main', 'trunk' and
image	Run actions/checkout@v7	2026-09-28T14:07:07.7188910Z hint: 'development'. The just-created branch can be renamed via this command:
image	Run actions/checkout@v7	2026-09-28T14:07:07.7189467Z hint:
image	Run actions/checkout@v7	2026-09-28T14:07:07.7189900Z hint: 	git branch -m <name>
image	Run actions/checkout@v7	2026-09-28T14:07:07.7190316Z hint:
image	Run actions/checkout@v7	2026-09-28T14:07:07.7191114Z hint: Disable this message with "git config set advice.defaultBranchName false"
image	Run actions/checkout@v7	2026-09-28T14:07:07.7192333Z Initialized empty Git repository in /home/runner/work/ecohospital-esg-cicd/ecohospital-esg-cicd/.git/
image	Run actions/checkout@v7	2026-09-28T14:07:07.7194121Z [command]/usr/bin/git remote add origin https://github.com/Kalicon/ecohospital-esg-cicd
image	Run actions/checkout@v7	2026-09-28T14:07:07.7235225Z ##[endgroup]
image	Run actions/checkout@v7	2026-09-28T14:07:07.7236130Z ##[group]Disabling automatic garbage collection
image	Run actions/checkout@v7	2026-09-28T14:07:07.7241493Z [command]/usr/bin/git config --local gc.auto 0
image	Run actions/checkout@v7	2026-09-28T14:07:07.7275698Z ##[endgroup]
image	Run actions/checkout@v7	2026-09-28T14:07:07.7276431Z ##[group]Setting up auth
image	Run actions/checkout@v7	2026-09-28T14:07:07.7276992Z Removing SSH command configuration
image	Run actions/checkout@v7	2026-09-28T14:07:07.7283329Z [command]/usr/bin/git config --local --name-only --get-regexp core\.sshCommand
image	Run actions/checkout@v7	2026-09-28T14:07:07.7308509Z [command]/usr/bin/git submodule foreach --recursive sh -c "git config --local --name-only --get-regexp 'core\.sshCommand' && git config --local --unset-all 'core.sshCommand' || :"
image	Run actions/checkout@v7	2026-09-28T14:07:07.7602372Z Removing HTTP extra header
image	Run actions/checkout@v7	2026-09-28T14:07:07.7607518Z [command]/usr/bin/git config --local --name-only --get-regexp http\.https\:\/\/github\.com\/\.extraheader
image	Run actions/checkout@v7	2026-09-28T14:07:07.7631323Z [command]/usr/bin/git submodule foreach --recursive sh -c "git config --local --name-only --get-regexp 'http\.https\:\/\/github\.com\/\.extraheader' && git config --local --unset-all 'http.https://github.com/.extraheader' || :"
image	Run actions/checkout@v7	2026-09-28T14:07:07.7792872Z Removing includeIf entries pointing to credentials config files
image	Run actions/checkout@v7	2026-09-28T14:07:07.7797586Z [command]/usr/bin/git config --local --name-only --get-regexp ^includeIf\.gitdir:
image	Run actions/checkout@v7	2026-09-28T14:07:07.7823495Z [command]/usr/bin/git submodule foreach --recursive git config --local --show-origin --name-only --get-regexp remote.origin.url
image	Run actions/checkout@v7	2026-09-28T14:07:07.8005790Z [command]/usr/bin/git config --file /home/runner/work/_temp/git-credentials-5857d52a-f4e0-4145-b702-3da1e10da948.config http.https://github.com/.extraheader AUTHORIZATION: basic ***
image	Run actions/checkout@v7	2026-09-28T14:07:07.8036678Z [command]/usr/bin/git config --local includeIf.gitdir:/home/runner/work/ecohospital-esg-cicd/ecohospital-esg-cicd/.git.path /home/runner/work/_temp/git-credentials-5857d52a-f4e0-4145-b702-3da1e10da948.config
image	Run actions/checkout@v7	2026-09-28T14:07:07.8063071Z [command]/usr/bin/git config --local includeIf.gitdir:/home/runner/work/ecohospital-esg-cicd/ecohospital-esg-cicd/.git/worktrees/*.path /home/runner/work/_temp/git-credentials-5857d52a-f4e0-4145-b702-3da1e10da948.config
image	Run actions/checkout@v7	2026-09-28T14:07:07.8091710Z [command]/usr/bin/git config --local includeIf.gitdir:/github/workspace/.git.path /github/runner_temp/git-credentials-5857d52a-f4e0-4145-b702-3da1e10da948.config
image	Run actions/checkout@v7	2026-09-28T14:07:07.8117608Z [command]/usr/bin/git config --local includeIf.gitdir:/github/workspace/.git/worktrees/*.path /github/runner_temp/git-credentials-5857d52a-f4e0-4145-b702-3da1e10da948.config
image	Run actions/checkout@v7	2026-09-28T14:07:07.8140943Z ##[endgroup]
image	Run actions/checkout@v7	2026-09-28T14:07:07.8141496Z ##[group]Fetching the repository
image	Run actions/checkout@v7	2026-09-28T14:07:07.8146176Z [command]/usr/bin/git -c protocol.version=2 fetch --no-tags --prune --no-recurse-submodules --depth=1 origin +5b00e1eff60e82993258fdec04263a57fb462e49:refs/remotes/origin/main
image	Run actions/checkout@v7	2026-09-28T14:07:08.4028591Z From https://github.com/Kalicon/ecohospital-esg-cicd
image	Run actions/checkout@v7	2026-09-28T14:07:08.4029489Z  * [new ref]         5b00e1eff60e82993258fdec04263a57fb462e49 -> origin/main
image	Run actions/checkout@v7	2026-09-28T14:07:08.4037655Z [command]/usr/bin/git branch --list --remote origin/main
image	Run actions/checkout@v7	2026-09-28T14:07:08.4059728Z   origin/main
image	Run actions/checkout@v7	2026-09-28T14:07:08.4067735Z [command]/usr/bin/git rev-parse refs/remotes/origin/main
image	Run actions/checkout@v7	2026-09-28T14:07:08.4088470Z 5b00e1eff60e82993258fdec04263a57fb462e49
image	Run actions/checkout@v7	2026-09-28T14:07:08.4091217Z ##[endgroup]
image	Run actions/checkout@v7	2026-09-28T14:07:08.4091923Z ##[group]Determining the checkout info
image	Run actions/checkout@v7	2026-09-28T14:07:08.4092559Z ##[endgroup]
image	Run actions/checkout@v7	2026-09-28T14:07:08.4095607Z [command]/usr/bin/git sparse-checkout disable
image	Run actions/checkout@v7	2026-09-28T14:07:08.4145378Z [command]/usr/bin/git config --local --unset-all extensions.worktreeConfig
image	Run actions/checkout@v7	2026-09-28T14:07:08.4170185Z ##[group]Checking out the ref
image	Run actions/checkout@v7	2026-09-28T14:07:08.4173563Z [command]/usr/bin/git checkout --progress --force -B main refs/remotes/origin/main
image	Run actions/checkout@v7	2026-09-28T14:07:08.4257057Z Switched to a new branch 'main'
image	Run actions/checkout@v7	2026-09-28T14:07:08.4261060Z branch 'main' set up to track 'origin/main'.
image	Run actions/checkout@v7	2026-09-28T14:07:08.4265413Z ##[endgroup]
image	Run actions/checkout@v7	2026-09-28T14:07:08.4298028Z [command]/usr/bin/git log -1 --format=%H
image	Run actions/checkout@v7	2026-09-28T14:07:08.4317765Z 5b00e1eff60e82993258fdec04263a57fb462e49
image	Identificar imagem pelo commit	﻿2026-09-28T14:07:08.4508473Z ##[group]Run echo "IMAGE=ghcr.io/${GITHUB_REPOSITORY,,}:${GITHUB_SHA}" >> "$GITHUB_ENV"
image	Identificar imagem pelo commit	2026-09-28T14:07:08.4509552Z ^[[36;1mecho "IMAGE=ghcr.io/${GITHUB_REPOSITORY,,}:${GITHUB_SHA}" >> "$GITHUB_ENV"^[[0m
image	Identificar imagem pelo commit	2026-09-28T14:07:08.4677053Z shell: /usr/bin/bash -e {0}
image	Identificar imagem pelo commit	2026-09-28T14:07:08.4677472Z ##[endgroup]
image	Run docker/setup-buildx-action@v4	﻿2026-09-28T14:07:08.4827855Z ##[group]Run docker/setup-buildx-action@v4
image	Run docker/setup-buildx-action@v4	2026-09-28T14:07:08.4828208Z with:
image	Run docker/setup-buildx-action@v4	2026-09-28T14:07:08.4828513Z   driver: docker-container
image	Run docker/setup-buildx-action@v4	2026-09-28T14:07:08.4828800Z   use: true
image	Run docker/setup-buildx-action@v4	2026-09-28T14:07:08.4829122Z   keep-state: false
image	Run docker/setup-buildx-action@v4	2026-09-28T14:07:08.4829390Z   cache-binary: true
image	Run docker/setup-buildx-action@v4	2026-09-28T14:07:08.4829648Z   cleanup: true
image	Run docker/setup-buildx-action@v4	2026-09-28T14:07:08.4829929Z env:
image	Run docker/setup-buildx-action@v4	2026-09-28T14:07:08.4830311Z   IMAGE: ghcr.io/kalicon/ecohospital-esg-cicd:5b00e1eff60e82993258fdec04263a57fb462e49
image	Run docker/setup-buildx-action@v4	2026-09-28T14:07:08.4831010Z ##[endgroup]
image	Run docker/setup-buildx-action@v4	2026-09-28T14:07:08.6465198Z ##[group]Docker info
image	Run docker/setup-buildx-action@v4	2026-09-28T14:07:08.6493216Z [command]/usr/bin/docker version
image	Run docker/setup-buildx-action@v4	2026-09-28T14:07:08.7510853Z Client: Docker Engine - Community
image	Run docker/setup-buildx-action@v4	2026-09-28T14:07:08.7511397Z  Version:           28.0.4
image	Run docker/setup-buildx-action@v4	2026-09-28T14:07:08.7514139Z  API version:       1.48
image	Run docker/setup-buildx-action@v4	2026-09-28T14:07:08.7514740Z  Go version:        go1.23.7
image	Run docker/setup-buildx-action@v4	2026-09-28T14:07:08.7515257Z  Git commit:        b8034c0
image	Run docker/setup-buildx-action@v4	2026-09-28T14:07:08.7515709Z  Built:             Tue Mar 25 15:07:16 2025
image	Run docker/setup-buildx-action@v4	2026-09-28T14:07:08.7516215Z  OS/Arch:           linux/amd64
image	Run docker/setup-buildx-action@v4	2026-09-28T14:07:08.7516770Z  Context:           default
image	Run docker/setup-buildx-action@v4	2026-09-28T14:07:08.7516960Z 
image	Run docker/setup-buildx-action@v4	2026-09-28T14:07:08.7517210Z Server: Docker Engine - Community
image	Run docker/setup-buildx-action@v4	2026-09-28T14:07:08.7517605Z  Engine:
image	Run docker/setup-buildx-action@v4	2026-09-28T14:07:08.7517930Z   Version:          28.0.4
image	Run docker/setup-buildx-action@v4	2026-09-28T14:07:08.7518537Z   API version:      1.48 (minimum version 1.24)
image	Run docker/setup-buildx-action@v4	2026-09-28T14:07:08.7519048Z   Go version:       go1.23.7
image	Run docker/setup-buildx-action@v4	2026-09-28T14:07:08.7520960Z   Git commit:       6430e49
image	Run docker/setup-buildx-action@v4	2026-09-28T14:07:08.7521433Z   Built:            Tue Mar 25 15:07:16 2025
image	Run docker/setup-buildx-action@v4	2026-09-28T14:07:08.7522344Z   OS/Arch:          linux/amd64
image	Run docker/setup-buildx-action@v4	2026-09-28T14:07:08.7522884Z   Experimental:     false
image	Run docker/setup-buildx-action@v4	2026-09-28T14:07:08.7523255Z  containerd:
image	Run docker/setup-buildx-action@v4	2026-09-28T14:07:08.7523642Z   Version:          v2.3.5
image	Run docker/setup-buildx-action@v4	2026-09-28T14:07:08.7524147Z   GitCommit:        1294c24a7da8e5a793ed378161673abe94118892
image	Run docker/setup-buildx-action@v4	2026-09-28T14:07:08.7524678Z  runc:
image	Run docker/setup-buildx-action@v4	2026-09-28T14:07:08.7525130Z   Version:          1.5.1
image	Run docker/setup-buildx-action@v4	2026-09-28T14:07:08.7525545Z   GitCommit:        v1.5.1-0-g8f2685a4
image	Run docker/setup-buildx-action@v4	2026-09-28T14:07:08.7526276Z  docker-init:
image	Run docker/setup-buildx-action@v4	2026-09-28T14:07:08.7526729Z   Version:          0.19.0
image	Run docker/setup-buildx-action@v4	2026-09-28T14:07:08.7527183Z   GitCommit:        de40ad0
image	Run docker/setup-buildx-action@v4	2026-09-28T14:07:08.7552549Z [command]/usr/bin/docker info
image	Run docker/setup-buildx-action@v4	2026-09-28T14:07:08.9446136Z Client: Docker Engine - Community
image	Run docker/setup-buildx-action@v4	2026-09-28T14:07:08.9447316Z  Version:    28.0.4
image	Run docker/setup-buildx-action@v4	2026-09-28T14:07:08.9447905Z  Context:    default
image	Run docker/setup-buildx-action@v4	2026-09-28T14:07:08.9448816Z  Debug Mode: false
image	Run docker/setup-buildx-action@v4	2026-09-28T14:07:08.9449405Z  Plugins:
image	Run docker/setup-buildx-action@v4	2026-09-28T14:07:08.9449917Z   buildx: Docker Buildx (Docker Inc.)
image	Run docker/setup-buildx-action@v4	2026-09-28T14:07:08.9450535Z     Version:  v0.37.1
image	Run docker/setup-buildx-action@v4	2026-09-28T14:07:08.9451242Z     Path:     /usr/libexec/docker/cli-plugins/docker-buildx
image	Run docker/setup-buildx-action@v4	2026-09-28T14:07:08.9451852Z   compose: Docker Compose (Docker Inc.)
image	Run docker/setup-buildx-action@v4	2026-09-28T14:07:08.9452306Z     Version:  v2.38.2
image	Run docker/setup-buildx-action@v4	2026-09-28T14:07:08.9452747Z     Path:     /usr/libexec/docker/cli-plugins/docker-compose
image	Run docker/setup-buildx-action@v4	2026-09-28T14:07:08.9453082Z 
image	Run docker/setup-buildx-action@v4	2026-09-28T14:07:08.9453194Z Server:
image	Run docker/setup-buildx-action@v4	2026-09-28T14:07:08.9453491Z  Containers: 0
image	Run docker/setup-buildx-action@v4	2026-09-28T14:07:08.9453794Z   Running: 0
image	Run docker/setup-buildx-action@v4	2026-09-28T14:07:08.9454165Z   Paused: 0
image	Run docker/setup-buildx-action@v4	2026-09-28T14:07:08.9454445Z   Stopped: 0
image	Run docker/setup-buildx-action@v4	2026-09-28T14:07:08.9454789Z  Images: 6
image	Run docker/setup-buildx-action@v4	2026-09-28T14:07:08.9455096Z  Server Version: 28.0.4
image	Run docker/setup-buildx-action@v4	2026-09-28T14:07:08.9455419Z  Storage Driver: overlay2
image	Run docker/setup-buildx-action@v4	2026-09-28T14:07:08.9455753Z   Backing Filesystem: extfs
image	Run docker/setup-buildx-action@v4	2026-09-28T14:07:08.9456075Z   Supports d_type: true
image	Run docker/setup-buildx-action@v4	2026-09-28T14:07:08.9456399Z   Using metacopy: false
image	Run docker/setup-buildx-action@v4	2026-09-28T14:07:08.9456739Z   Native Overlay Diff: false
image	Run docker/setup-buildx-action@v4	2026-09-28T14:07:08.9457039Z   userxattr: false
image	Run docker/setup-buildx-action@v4	2026-09-28T14:07:08.9457370Z  Logging Driver: json-file
image	Run docker/setup-buildx-action@v4	2026-09-28T14:07:08.9457684Z  Cgroup Driver: systemd
image	Run docker/setup-buildx-action@v4	2026-09-28T14:07:08.9457988Z  Cgroup Version: 2
image	Run docker/setup-buildx-action@v4	2026-09-28T14:07:08.9458341Z  Plugins:
image	Run docker/setup-buildx-action@v4	2026-09-28T14:07:08.9458597Z   Volume: local
image	Run docker/setup-buildx-action@v4	2026-09-28T14:07:08.9458978Z   Network: bridge host ipvlan macvlan null overlay
image	Run docker/setup-buildx-action@v4	2026-09-28T14:07:08.9459456Z   Log: awslogs fluentd gcplogs gelf journald json-file local splunk syslog
image	Run docker/setup-buildx-action@v4	2026-09-28T14:07:08.9459891Z  Swarm: inactive
image	Run docker/setup-buildx-action@v4	2026-09-28T14:07:08.9460239Z  Runtimes: runc io.containerd.runc.v2
image	Run docker/setup-buildx-action@v4	2026-09-28T14:07:08.9461342Z  Default Runtime: runc
image	Run docker/setup-buildx-action@v4	2026-09-28T14:07:08.9461756Z  Init Binary: docker-init
image	Run docker/setup-buildx-action@v4	2026-09-28T14:07:08.9462277Z  containerd version: 1294c24a7da8e5a793ed378161673abe94118892
image	Run docker/setup-buildx-action@v4	2026-09-28T14:07:08.9462986Z  runc version: v1.5.1-0-g8f2685a4
image	Run docker/setup-buildx-action@v4	2026-09-28T14:07:08.9463467Z  init version: de40ad0
image	Run docker/setup-buildx-action@v4	2026-09-28T14:07:08.9463923Z  Security Options:
image	Run docker/setup-buildx-action@v4	2026-09-28T14:07:08.9464338Z   apparmor
image	Run docker/setup-buildx-action@v4	2026-09-28T14:07:08.9464664Z   seccomp
image	Run docker/setup-buildx-action@v4	2026-09-28T14:07:08.9464994Z    Profile: builtin
image	Run docker/setup-buildx-action@v4	2026-09-28T14:07:08.9465408Z   cgroupns
image	Run docker/setup-buildx-action@v4	2026-09-28T14:07:08.9465794Z  Kernel Version: 6.17.0-1022-azure
image	Run docker/setup-buildx-action@v4	2026-09-28T14:07:08.9466375Z  Operating System: Ubuntu 24.04.5 LTS
image	Run docker/setup-buildx-action@v4	2026-09-28T14:07:08.9466895Z  OSType: linux
image	Run docker/setup-buildx-action@v4	2026-09-28T14:07:08.9467272Z  Architecture: x86_64
image	Run docker/setup-buildx-action@v4	2026-09-28T14:07:08.9467737Z  CPUs: 4
image	Run docker/setup-buildx-action@v4	2026-09-28T14:07:08.9468112Z  Total Memory: 15.61GiB
image	Run docker/setup-buildx-action@v4	2026-09-28T14:07:08.9468515Z  Name: runnervmtr4k5
image	Run docker/setup-buildx-action@v4	2026-09-28T14:07:08.9468941Z  ID: bab1ddb9-e66f-4080-9fbf-9a64e0823a66
image	Run docker/setup-buildx-action@v4	2026-09-28T14:07:08.9469388Z  Docker Root Dir: /var/lib/docker
image	Run docker/setup-buildx-action@v4	2026-09-28T14:07:08.9469889Z  Debug Mode: false
image	Run docker/setup-buildx-action@v4	2026-09-28T14:07:08.9470277Z  Username: githubactions
image	Run docker/setup-buildx-action@v4	2026-09-28T14:07:08.9471034Z  Experimental: false
image	Run docker/setup-buildx-action@v4	2026-09-28T14:07:08.9471489Z  Insecure Registries:
image	Run docker/setup-buildx-action@v4	2026-09-28T14:07:08.9477515Z   ::1/128
image	Run docker/setup-buildx-action@v4	2026-09-28T14:07:08.9478078Z   127.0.0.0/8
image	Run docker/setup-buildx-action@v4	2026-09-28T14:07:08.9478486Z  Live Restore Enabled: false
image	Run docker/setup-buildx-action@v4	2026-09-28T14:07:08.9478776Z 
image	Run docker/setup-buildx-action@v4	2026-09-28T14:07:08.9479905Z ##[endgroup]
image	Run docker/setup-buildx-action@v4	2026-09-28T14:07:09.0024660Z ##[group]Buildx version
image	Run docker/setup-buildx-action@v4	2026-09-28T14:07:09.0043285Z [command]/usr/bin/docker buildx version
image	Run docker/setup-buildx-action@v4	2026-09-28T14:07:09.0506039Z github.com/docker/buildx v0.37.1 0b265a9f62db554fa9aba6dd19e1bd5704bc7d8a
image	Run docker/setup-buildx-action@v4	2026-09-28T14:07:09.0536126Z ##[endgroup]
image	Run docker/setup-buildx-action@v4	2026-09-28T14:07:09.0693024Z ##[group]Inspecting default docker context
image	Run docker/setup-buildx-action@v4	2026-09-28T14:07:09.0836010Z [
image	Run docker/setup-buildx-action@v4	2026-09-28T14:07:09.0836884Z   {
image	Run docker/setup-buildx-action@v4	2026-09-28T14:07:09.0837381Z     "Name": "default",
image	Run docker/setup-buildx-action@v4	2026-09-28T14:07:09.0838092Z     "Metadata": {},
image	Run docker/setup-buildx-action@v4	2026-09-28T14:07:09.0838722Z     "Endpoints": {
image	Run docker/setup-buildx-action@v4	2026-09-28T14:07:09.0839416Z       "docker": {
image	Run docker/setup-buildx-action@v4	2026-09-28T14:07:09.0840428Z         "Host": "unix:///var/run/docker.sock",
image	Run docker/setup-buildx-action@v4	2026-09-28T14:07:09.0841183Z         "SkipTLSVerify": false
image	Run docker/setup-buildx-action@v4	2026-09-28T14:07:09.0841683Z       }
image	Run docker/setup-buildx-action@v4	2026-09-28T14:07:09.0842127Z     },
image	Run docker/setup-buildx-action@v4	2026-09-28T14:07:09.0842692Z     "TLSMaterial": {},
image	Run docker/setup-buildx-action@v4	2026-09-28T14:07:09.0843193Z     "Storage": {
image	Run docker/setup-buildx-action@v4	2026-09-28T14:07:09.0843728Z       "MetadataPath": "<IN MEMORY>",
image	Run docker/setup-buildx-action@v4	2026-09-28T14:07:09.0844403Z       "TLSPath": "<IN MEMORY>"
image	Run docker/setup-buildx-action@v4	2026-09-28T14:07:09.0844916Z     }
image	Run docker/setup-buildx-action@v4	2026-09-28T14:07:09.0845340Z   }
image	Run docker/setup-buildx-action@v4	2026-09-28T14:07:09.0845868Z ]
image	Run docker/setup-buildx-action@v4	2026-09-28T14:07:09.0846764Z ##[endgroup]
image	Run docker/setup-buildx-action@v4	2026-09-28T14:07:09.1373046Z ##[group]Pulling BuildKit image(s)
image	Run docker/setup-buildx-action@v4	2026-09-28T14:07:09.1398789Z [command]/usr/bin/docker pull moby/buildkit:buildx-stable-1
image	Run docker/setup-buildx-action@v4	2026-09-28T14:07:09.9873161Z buildx-stable-1: Pulling from moby/buildkit
image	Run docker/setup-buildx-action@v4	2026-09-28T14:07:10.2202285Z e6f31ffc071e: Pulling fs layer
image	Run docker/setup-buildx-action@v4	2026-09-28T14:07:10.2202892Z 58699b5d8a46: Pulling fs layer
image	Run docker/setup-buildx-action@v4	2026-09-28T14:07:10.2203584Z 79330c0ded89: Pulling fs layer
image	Run docker/setup-buildx-action@v4	2026-09-28T14:07:10.2203991Z 524a9b2a3071: Pulling fs layer
image	Run docker/setup-buildx-action@v4	2026-09-28T14:07:10.2204738Z da08d5134795: Pulling fs layer
image	Run docker/setup-buildx-action@v4	2026-09-28T14:07:10.2205033Z c83f748d995d: Pulling fs layer
image	Run docker/setup-buildx-action@v4	2026-09-28T14:07:10.2205312Z 9a6fe4fcb2cb: Pulling fs layer
image	Run docker/setup-buildx-action@v4	2026-09-28T14:07:10.2205694Z 524a9b2a3071: Waiting
image	Run docker/setup-buildx-action@v4	2026-09-28T14:07:10.2206066Z da08d5134795: Waiting
image	Run docker/setup-buildx-action@v4	2026-09-28T14:07:10.2206424Z c83f748d995d: Waiting
image	Run docker/setup-buildx-action@v4	2026-09-28T14:07:10.2206793Z 9a6fe4fcb2cb: Waiting
image	Run docker/setup-buildx-action@v4	2026-09-28T14:07:10.3976282Z 79330c0ded89: Verifying Checksum
image	Run docker/setup-buildx-action@v4	2026-09-28T14:07:10.3977618Z 79330c0ded89: Download complete
image	Run docker/setup-buildx-action@v4	2026-09-28T14:07:10.4165176Z e6f31ffc071e: Verifying Checksum
image	Run docker/setup-buildx-action@v4	2026-09-28T14:07:10.4168416Z e6f31ffc071e: Download complete
image	Run docker/setup-buildx-action@v4	2026-09-28T14:07:10.4288669Z 58699b5d8a46: Verifying Checksum
image	Run docker/setup-buildx-action@v4	2026-09-28T14:07:10.4289890Z 58699b5d8a46: Download complete
image	Run docker/setup-buildx-action@v4	2026-09-28T14:07:10.5098194Z e6f31ffc071e: Pull complete
image	Run docker/setup-buildx-action@v4	2026-09-28T14:07:10.5987750Z 524a9b2a3071: Verifying Checksum
image	Run docker/setup-buildx-action@v4	2026-09-28T14:07:10.5994304Z 524a9b2a3071: Download complete
image	Run docker/setup-buildx-action@v4	2026-09-28T14:07:10.6056709Z c83f748d995d: Verifying Checksum
image	Run docker/setup-buildx-action@v4	2026-09-28T14:07:10.6057518Z c83f748d995d: Download complete
image	Run docker/setup-buildx-action@v4	2026-09-28T14:07:10.7887824Z 9a6fe4fcb2cb: Verifying Checksum
image	Run docker/setup-buildx-action@v4	2026-09-28T14:07:10.7888674Z 9a6fe4fcb2cb: Download complete
image	Run docker/setup-buildx-action@v4	2026-09-28T14:07:10.8269240Z da08d5134795: Verifying Checksum
image	Run docker/setup-buildx-action@v4	2026-09-28T14:07:10.8270519Z da08d5134795: Download complete
image	Run docker/setup-buildx-action@v4	2026-09-28T14:07:11.5216186Z 58699b5d8a46: Pull complete
image	Run docker/setup-buildx-action@v4	2026-09-28T14:07:11.5375632Z 79330c0ded89: Pull complete
image	Run docker/setup-buildx-action@v4	2026-09-28T14:07:11.5462438Z 524a9b2a3071: Pull complete
image	Run docker/setup-buildx-action@v4	2026-09-28T14:07:13.4883594Z da08d5134795: Pull complete
image	Run docker/setup-buildx-action@v4	2026-09-28T14:07:13.4975000Z c83f748d995d: Pull complete
image	Run docker/setup-buildx-action@v4	2026-09-28T14:07:13.5121603Z 9a6fe4fcb2cb: Pull complete
image	Run docker/setup-buildx-action@v4	2026-09-28T14:07:13.5162050Z Digest: sha256:28a898719c18a33f4e8000685287fa36fd0dd9560c6440227d3a732d79bb41d8
image	Run docker/setup-buildx-action@v4	2026-09-28T14:07:13.5176426Z Status: Downloaded newer image for moby/buildkit:buildx-stable-1
image	Run docker/setup-buildx-action@v4	2026-09-28T14:07:13.5186707Z docker.io/moby/buildkit:buildx-stable-1
image	Run docker/setup-buildx-action@v4	2026-09-28T14:07:13.5198280Z ##[endgroup]
image	Run docker/setup-buildx-action@v4	2026-09-28T14:07:13.5199008Z ##[group]Creating a new builder instance
image	Run docker/setup-buildx-action@v4	2026-09-28T14:07:13.5731884Z [command]/usr/bin/docker buildx create --name builder-d9c861de-ee7e-4507-af23-f0f19639b08e --driver docker-container --buildkitd-flags --allow-insecure-entitlement security.insecure --allow-insecure-entitlement network.host --use
image	Run docker/setup-buildx-action@v4	2026-09-28T14:07:13.6259077Z builder-d9c861de-ee7e-4507-af23-f0f19639b08e
image	Run docker/setup-buildx-action@v4	2026-09-28T14:07:13.6278189Z ##[endgroup]
image	Run docker/setup-buildx-action@v4	2026-09-28T14:07:13.6279075Z ##[group]Booting builder
image	Run docker/setup-buildx-action@v4	2026-09-28T14:07:13.6322217Z [command]/usr/bin/docker buildx inspect --bootstrap --builder builder-d9c861de-ee7e-4507-af23-f0f19639b08e
image	Run docker/setup-buildx-action@v4	2026-09-28T14:07:13.6765738Z #1 [internal] booting buildkit
image	Run docker/setup-buildx-action@v4	2026-09-28T14:07:13.8272584Z #1 pulling image moby/buildkit:buildx-stable-1
image	Run docker/setup-buildx-action@v4	2026-09-28T14:07:14.2951969Z #1 pulling image moby/buildkit:buildx-stable-1 0.6s done
image	Run docker/setup-buildx-action@v4	2026-09-28T14:07:14.4469103Z #1 creating container buildx_buildkit_builder-d9c861de-ee7e-4507-af23-f0f19639b08e0
image	Run docker/setup-buildx-action@v4	2026-09-28T14:07:14.5440754Z #1 creating container buildx_buildkit_builder-d9c861de-ee7e-4507-af23-f0f19639b08e0 0.2s done
image	Run docker/setup-buildx-action@v4	2026-09-28T14:07:14.5705391Z #1 DONE 0.9s
image	Run docker/setup-buildx-action@v4	2026-09-28T14:07:14.5975865Z Name:          builder-d9c861de-ee7e-4507-af23-f0f19639b08e
image	Run docker/setup-buildx-action@v4	2026-09-28T14:07:14.5976460Z Driver:        docker-container
image	Run docker/setup-buildx-action@v4	2026-09-28T14:07:14.5986001Z Last Activity: 2026-09-28 14:07:13 +0000 UTC
image	Run docker/setup-buildx-action@v4	2026-09-28T14:07:14.5986576Z 
image	Run docker/setup-buildx-action@v4	2026-09-28T14:07:14.5986841Z Nodes:
image	Run docker/setup-buildx-action@v4	2026-09-28T14:07:14.5987380Z Name:                  builder-d9c861de-ee7e-4507-af23-f0f19639b08e0
image	Run docker/setup-buildx-action@v4	2026-09-28T14:07:14.5988097Z Endpoint:              unix:///var/run/docker.sock
image	Run docker/setup-buildx-action@v4	2026-09-28T14:07:14.5988543Z Status:                running
image	Run docker/setup-buildx-action@v4	2026-09-28T14:07:14.5989251Z BuildKit daemon flags: --allow-insecure-entitlement security.insecure --allow-insecure-entitlement network.host
image	Run docker/setup-buildx-action@v4	2026-09-28T14:07:14.5989791Z BuildKit version:      v0.32.2
image	Run docker/setup-buildx-action@v4	2026-09-28T14:07:14.5990224Z Platforms:             linux/amd64, linux/amd64/v2, linux/amd64/v3, linux/amd64/v4, linux/386
image	Run docker/setup-buildx-action@v4	2026-09-28T14:07:14.5990915Z Labels:
image	Run docker/setup-buildx-action@v4	2026-09-28T14:07:14.5991343Z  org.mobyproject.buildkit.worker.executor:         oci
image	Run docker/setup-buildx-action@v4	2026-09-28T14:07:14.5992005Z  org.mobyproject.buildkit.worker.hostname:         a716b14d9148
image	Run docker/setup-buildx-action@v4	2026-09-28T14:07:14.5992728Z  org.mobyproject.buildkit.worker.network:          host
image	Run docker/setup-buildx-action@v4	2026-09-28T14:07:14.5993308Z  org.mobyproject.buildkit.worker.oci.process-mode: sandbox
image	Run docker/setup-buildx-action@v4	2026-09-28T14:07:14.5994025Z  org.mobyproject.buildkit.worker.selinux.enabled:  false
image	Run docker/setup-buildx-action@v4	2026-09-28T14:07:14.5994643Z  org.mobyproject.buildkit.worker.snapshotter:      overlayfs
image	Run docker/setup-buildx-action@v4	2026-09-28T14:07:14.5995089Z GC Policy rule#0:
image	Run docker/setup-buildx-action@v4	2026-09-28T14:07:14.5995538Z  All:            false
image	Run docker/setup-buildx-action@v4	2026-09-28T14:07:14.5996030Z  Filters:        type==source.local type==exec.cachemount type==source.git.checkout
image	Run docker/setup-buildx-action@v4	2026-09-28T14:07:14.5996565Z  Keep Duration:  48h0m0s
image	Run docker/setup-buildx-action@v4	2026-09-28T14:07:14.5996947Z  Max Used Space: 488.3MiB
image	Run docker/setup-buildx-action@v4	2026-09-28T14:07:14.5997291Z GC Policy rule#1:
image	Run docker/setup-buildx-action@v4	2026-09-28T14:07:14.5997665Z  All:            false
image	Run docker/setup-buildx-action@v4	2026-09-28T14:07:14.5998069Z  Keep Duration:  1440h0m0s
image	Run docker/setup-buildx-action@v4	2026-09-28T14:07:14.6010755Z  Reserved Space: 9.313GiB
image	Run docker/setup-buildx-action@v4	2026-09-28T14:07:14.6011404Z  Max Used Space: 93.13GiB
image	Run docker/setup-buildx-action@v4	2026-09-28T14:07:14.6012123Z  Min Free Space: 27.01GiB
image	Run docker/setup-buildx-action@v4	2026-09-28T14:07:14.6012531Z GC Policy rule#2:
image	Run docker/setup-buildx-action@v4	2026-09-28T14:07:14.6012857Z  All:            false
image	Run docker/setup-buildx-action@v4	2026-09-28T14:07:14.6013202Z  Reserved Space: 9.313GiB
image	Run docker/setup-buildx-action@v4	2026-09-28T14:07:14.6013969Z  Max Used Space: 93.13GiB
image	Run docker/setup-buildx-action@v4	2026-09-28T14:07:14.6014494Z  Min Free Space: 27.01GiB
image	Run docker/setup-buildx-action@v4	2026-09-28T14:07:14.6014987Z GC Policy rule#3:
image	Run docker/setup-buildx-action@v4	2026-09-28T14:07:14.6015370Z  All:            true
image	Run docker/setup-buildx-action@v4	2026-09-28T14:07:14.6015816Z  Reserved Space: 9.313GiB
image	Run docker/setup-buildx-action@v4	2026-09-28T14:07:14.6016270Z  Max Used Space: 93.13GiB
image	Run docker/setup-buildx-action@v4	2026-09-28T14:07:14.6017217Z  Min Free Space: 27.01GiB
image	Run docker/setup-buildx-action@v4	2026-09-28T14:07:14.6018228Z ##[endgroup]
image	Run docker/setup-buildx-action@v4	2026-09-28T14:07:14.6774621Z ##[group]Inspect builder
image	Run docker/setup-buildx-action@v4	2026-09-28T14:07:14.6777304Z {
image	Run docker/setup-buildx-action@v4	2026-09-28T14:07:14.6778289Z   "nodes": [
image	Run docker/setup-buildx-action@v4	2026-09-28T14:07:14.6778939Z     {
image	Run docker/setup-buildx-action@v4	2026-09-28T14:07:14.6781806Z       "name": "builder-d9c861de-ee7e-4507-af23-f0f19639b08e0",
image	Run docker/setup-buildx-action@v4	2026-09-28T14:07:14.6782551Z       "endpoint": "unix:///var/run/docker.sock",
image	Run docker/setup-buildx-action@v4	2026-09-28T14:07:14.6783336Z       "status": "running",
image	Run docker/setup-buildx-action@v4	2026-09-28T14:07:14.6784346Z       "buildkitd-flags": "--allow-insecure-entitlement security.insecure --allow-insecure-entitlement network.host",
image	Run docker/setup-buildx-action@v4	2026-09-28T14:07:14.6785277Z       "buildkit": "v0.32.2",
image	Run docker/setup-buildx-action@v4	2026-09-28T14:07:14.6785973Z       "platforms": "linux/amd64,linux/amd64/v2,linux/amd64/v3,linux/amd64/v4,linux/386",
image	Run docker/setup-buildx-action@v4	2026-09-28T14:07:14.6786716Z       "features": {
image	Run docker/setup-buildx-action@v4	2026-09-28T14:07:14.6787132Z         "Automatically load images to the Docker Engine image store": true,
image	Run docker/setup-buildx-action@v4	2026-09-28T14:07:14.6787610Z         "Cache export": true,
image	Run docker/setup-buildx-action@v4	2026-09-28T14:07:14.6787922Z         "Direct push": true,
image	Run docker/setup-buildx-action@v4	2026-09-28T14:07:14.6788241Z         "Docker exporter": true,
image	Run docker/setup-buildx-action@v4	2026-09-28T14:07:14.6788569Z         "Multi-platform build": true,
image	Run docker/setup-buildx-action@v4	2026-09-28T14:07:14.6788953Z         "OCI exporter": true
image	Run docker/setup-buildx-action@v4	2026-09-28T14:07:14.6789327Z       },
image	Run docker/setup-buildx-action@v4	2026-09-28T14:07:14.6789673Z       "labels": {
image	Run docker/setup-buildx-action@v4	2026-09-28T14:07:14.6790018Z         "org.mobyproject.buildkit.worker.executor": "oci",
image	Run docker/setup-buildx-action@v4	2026-09-28T14:07:14.6790472Z         "org.mobyproject.buildkit.worker.hostname": "a716b14d9148",
image	Run docker/setup-buildx-action@v4	2026-09-28T14:07:14.6791434Z         "org.mobyproject.buildkit.worker.network": "host",
image	Run docker/setup-buildx-action@v4	2026-09-28T14:07:14.6792025Z         "org.mobyproject.buildkit.worker.oci.process-mode": "sandbox",
image	Run docker/setup-buildx-action@v4	2026-09-28T14:07:14.6792628Z         "org.mobyproject.buildkit.worker.selinux.enabled": "false",
image	Run docker/setup-buildx-action@v4	2026-09-28T14:07:14.6793140Z         "org.mobyproject.buildkit.worker.snapshotter": "overlayfs"
image	Run docker/setup-buildx-action@v4	2026-09-28T14:07:14.6793591Z       },
image	Run docker/setup-buildx-action@v4	2026-09-28T14:07:14.6793937Z       "gcPolicy": [
image	Run docker/setup-buildx-action@v4	2026-09-28T14:07:14.6794265Z         {
image	Run docker/setup-buildx-action@v4	2026-09-28T14:07:14.6794564Z           "all": false,
image	Run docker/setup-buildx-action@v4	2026-09-28T14:07:14.6794896Z           "filter": [
image	Run docker/setup-buildx-action@v4	2026-09-28T14:07:14.6795359Z             "type==source.local type==exec.cachemount type==source.git.checkout"
image	Run docker/setup-buildx-action@v4	2026-09-28T14:07:14.6795848Z           ],
image	Run docker/setup-buildx-action@v4	2026-09-28T14:07:14.6796172Z           "keepDuration": "48h0m0s",
image	Run docker/setup-buildx-action@v4	2026-09-28T14:07:14.6796632Z           "maxUsedSpace": "488.3MiB"
image	Run docker/setup-buildx-action@v4	2026-09-28T14:07:14.6797074Z         },
image	Run docker/setup-buildx-action@v4	2026-09-28T14:07:14.6797414Z         {
image	Run docker/setup-buildx-action@v4	2026-09-28T14:07:14.6797821Z           "all": false,
image	Run docker/setup-buildx-action@v4	2026-09-28T14:07:14.6798218Z           "keepDuration": "1440h0m0s",
image	Run docker/setup-buildx-action@v4	2026-09-28T14:07:14.6798645Z           "reservedSpace": "9.313GiB",
image	Run docker/setup-buildx-action@v4	2026-09-28T14:07:14.6799063Z           "maxUsedSpace": "93.13GiB",
image	Run docker/setup-buildx-action@v4	2026-09-28T14:07:14.6799489Z           "minFreeSpace": "27.01GiB"
image	Run docker/setup-buildx-action@v4	2026-09-28T14:07:14.6799905Z         },
image	Run docker/setup-buildx-action@v4	2026-09-28T14:07:14.6800225Z         {
image	Run docker/setup-buildx-action@v4	2026-09-28T14:07:14.6800901Z           "all": false,
image	Run docker/setup-buildx-action@v4	2026-09-28T14:07:14.6801263Z           "reservedSpace": "9.313GiB",
image	Run docker/setup-buildx-action@v4	2026-09-28T14:07:14.6801695Z           "maxUsedSpace": "93.13GiB",
image	Run docker/setup-buildx-action@v4	2026-09-28T14:07:14.6802181Z           "minFreeSpace": "27.01GiB"
image	Run docker/setup-buildx-action@v4	2026-09-28T14:07:14.6802571Z         },
image	Run docker/setup-buildx-action@v4	2026-09-28T14:07:14.6803001Z         {
image	Run docker/setup-buildx-action@v4	2026-09-28T14:07:14.6803421Z           "all": true,
image	Run docker/setup-buildx-action@v4	2026-09-28T14:07:14.6803866Z           "reservedSpace": "9.313GiB",
image	Run docker/setup-buildx-action@v4	2026-09-28T14:07:14.6804323Z           "maxUsedSpace": "93.13GiB",
image	Run docker/setup-buildx-action@v4	2026-09-28T14:07:14.6804753Z           "minFreeSpace": "27.01GiB"
image	Run docker/setup-buildx-action@v4	2026-09-28T14:07:14.6805157Z         }
image	Run docker/setup-buildx-action@v4	2026-09-28T14:07:14.6805496Z       ]
image	Run docker/setup-buildx-action@v4	2026-09-28T14:07:14.6805980Z     }
image	Run docker/setup-buildx-action@v4	2026-09-28T14:07:14.6806437Z   ],
image	Run docker/setup-buildx-action@v4	2026-09-28T14:07:14.6806815Z   "name": "builder-d9c861de-ee7e-4507-af23-f0f19639b08e",
image	Run docker/setup-buildx-action@v4	2026-09-28T14:07:14.6807293Z   "driver": "docker-container",
image	Run docker/setup-buildx-action@v4	2026-09-28T14:07:14.6807685Z   "lastActivity": "2026-09-28T14:07:13.000Z"
image	Run docker/setup-buildx-action@v4	2026-09-28T14:07:14.6808042Z }
image	Run docker/setup-buildx-action@v4	2026-09-28T14:07:14.6808753Z ##[endgroup]
image	Run docker/setup-buildx-action@v4	2026-09-28T14:07:14.6809393Z ##[group]BuildKit version
image	Run docker/setup-buildx-action@v4	2026-09-28T14:07:14.6809877Z builder-d9c861de-ee7e-4507-af23-f0f19639b08e0: v0.32.2
image	Run docker/setup-buildx-action@v4	2026-09-28T14:07:14.6810754Z ##[endgroup]
image	Construir imagem (também em pull requests)	﻿2026-09-28T14:07:14.6988664Z ##[group]Run docker/build-push-action@v7
image	Construir imagem (também em pull requests)	2026-09-28T14:07:14.6989047Z with:
image	Construir imagem (também em pull requests)	2026-09-28T14:07:14.6989336Z   context: .
image	Construir imagem (também em pull requests)	2026-09-28T14:07:14.6989590Z   load: true
image	Construir imagem (também em pull requests)	2026-09-28T14:07:14.6989849Z   push: false
image	Construir imagem (também em pull requests)	2026-09-28T14:07:14.6990238Z   tags: ghcr.io/kalicon/ecohospital-esg-cicd:5b00e1eff60e82993258fdec04263a57fb462e49
image	Construir imagem (também em pull requests)	2026-09-28T14:07:14.6991019Z   build-args: APP_VERSION=5b00e1eff60e82993258fdec04263a57fb462e49
image	Construir imagem (também em pull requests)	2026-09-28T14:07:14.6991607Z   labels: org.opencontainers.image.source=https://github.com/Kalicon/ecohospital-esg-cicd
image	Construir imagem (também em pull requests)	2026-09-28T14:07:14.6992080Z   cache-from: type=gha
image	Construir imagem (também em pull requests)	2026-09-28T14:07:14.6992409Z   cache-to: type=gha,mode=max
image	Construir imagem (também em pull requests)	2026-09-28T14:07:14.6992706Z   no-cache: false
image	Construir imagem (também em pull requests)	2026-09-28T14:07:14.6992957Z   pull: false
image	Construir imagem (também em pull requests)	2026-09-28T14:07:14.6995144Z   github-token: ***
image	Construir imagem (também em pull requests)	2026-09-28T14:07:14.6995406Z env:
image	Construir imagem (também em pull requests)	2026-09-28T14:07:14.6995787Z   IMAGE: ghcr.io/kalicon/ecohospital-esg-cicd:5b00e1eff60e82993258fdec04263a57fb462e49
image	Construir imagem (também em pull requests)	2026-09-28T14:07:14.6996251Z ##[endgroup]
image	Construir imagem (também em pull requests)	2026-09-28T14:07:14.9023259Z ##[group]GitHub Actions runtime token ACs
image	Construir imagem (também em pull requests)	2026-09-28T14:07:14.9029608Z refs/heads/main: read/write
image	Construir imagem (também em pull requests)	2026-09-28T14:07:14.9030971Z ##[endgroup]
image	Construir imagem (também em pull requests)	2026-09-28T14:07:14.9031799Z ##[group]Docker info
image	Construir imagem (também em pull requests)	2026-09-28T14:07:14.9101857Z [command]/usr/bin/docker version
image	Construir imagem (também em pull requests)	2026-09-28T14:07:14.9346637Z Client: Docker Engine - Community
image	Construir imagem (também em pull requests)	2026-09-28T14:07:14.9355766Z  Version:           28.0.4
image	Construir imagem (também em pull requests)	2026-09-28T14:07:14.9356443Z  API version:       1.48
image	Construir imagem (também em pull requests)	2026-09-28T14:07:14.9357167Z  Go version:        go1.23.7
image	Construir imagem (também em pull requests)	2026-09-28T14:07:14.9358042Z  Git commit:        b8034c0
image	Construir imagem (também em pull requests)	2026-09-28T14:07:14.9358610Z  Built:             Tue Mar 25 15:07:16 2025
image	Construir imagem (também em pull requests)	2026-09-28T14:07:14.9359273Z  OS/Arch:           linux/amd64
image	Construir imagem (também em pull requests)	2026-09-28T14:07:14.9359799Z  Context:           default
image	Construir imagem (também em pull requests)	2026-09-28T14:07:14.9360202Z 
image	Construir imagem (também em pull requests)	2026-09-28T14:07:14.9360752Z Server: Docker Engine - Community
image	Construir imagem (também em pull requests)	2026-09-28T14:07:14.9361339Z  Engine:
image	Construir imagem (também em pull requests)	2026-09-28T14:07:14.9361811Z   Version:          28.0.4
image	Construir imagem (também em pull requests)	2026-09-28T14:07:14.9362409Z   API version:      1.48 (minimum version 1.24)
image	Construir imagem (também em pull requests)	2026-09-28T14:07:14.9363065Z   Go version:       go1.23.7
image	Construir imagem (também em pull requests)	2026-09-28T14:07:14.9363604Z   Git commit:       6430e49
image	Construir imagem (também em pull requests)	2026-09-28T14:07:14.9364179Z   Built:            Tue Mar 25 15:07:16 2025
image	Construir imagem (também em pull requests)	2026-09-28T14:07:14.9364761Z   OS/Arch:          linux/amd64
image	Construir imagem (também em pull requests)	2026-09-28T14:07:14.9365376Z   Experimental:     false
image	Construir imagem (também em pull requests)	2026-09-28T14:07:14.9365916Z  containerd:
image	Construir imagem (também em pull requests)	2026-09-28T14:07:14.9366448Z   Version:          v2.3.5
image	Construir imagem (também em pull requests)	2026-09-28T14:07:14.9367044Z   GitCommit:        1294c24a7da8e5a793ed378161673abe94118892
image	Construir imagem (também em pull requests)	2026-09-28T14:07:14.9367703Z  runc:
image	Construir imagem (também em pull requests)	2026-09-28T14:07:14.9368187Z   Version:          1.5.1
image	Construir imagem (também em pull requests)	2026-09-28T14:07:14.9368716Z   GitCommit:        v1.5.1-0-g8f2685a4
image	Construir imagem (também em pull requests)	2026-09-28T14:07:14.9369315Z  docker-init:
image	Construir imagem (também em pull requests)	2026-09-28T14:07:14.9369809Z   Version:          0.19.0
image	Construir imagem (também em pull requests)	2026-09-28T14:07:14.9370325Z   GitCommit:        de40ad0
image	Construir imagem (também em pull requests)	2026-09-28T14:07:14.9386562Z [command]/usr/bin/docker info
image	Construir imagem (também em pull requests)	2026-09-28T14:07:14.9815126Z Client: Docker Engine - Community
image	Construir imagem (também em pull requests)	2026-09-28T14:07:14.9816052Z  Version:    28.0.4
image	Construir imagem (também em pull requests)	2026-09-28T14:07:14.9816461Z  Context:    default
image	Construir imagem (também em pull requests)	2026-09-28T14:07:14.9816872Z  Debug Mode: false
image	Construir imagem (também em pull requests)	2026-09-28T14:07:14.9817330Z  Plugins:
image	Construir imagem (também em pull requests)	2026-09-28T14:07:14.9817757Z   buildx: Docker Buildx (Docker Inc.)
image	Construir imagem (também em pull requests)	2026-09-28T14:07:14.9818211Z     Version:  v0.37.1
image	Construir imagem (também em pull requests)	2026-09-28T14:07:14.9818683Z     Path:     /usr/libexec/docker/cli-plugins/docker-buildx
image	Construir imagem (também em pull requests)	2026-09-28T14:07:14.9819247Z   compose: Docker Compose (Docker Inc.)
image	Construir imagem (também em pull requests)	2026-09-28T14:07:14.9819880Z     Version:  v2.38.2
image	Construir imagem (também em pull requests)	2026-09-28T14:07:14.9820462Z     Path:     /usr/libexec/docker/cli-plugins/docker-compose
image	Construir imagem (também em pull requests)	2026-09-28T14:07:14.9821020Z 
image	Construir imagem (também em pull requests)	2026-09-28T14:07:14.9821373Z Server:
image	Construir imagem (também em pull requests)	2026-09-28T14:07:14.9821982Z  Containers: 1
image	Construir imagem (também em pull requests)	2026-09-28T14:07:14.9822424Z   Running: 1
image	Construir imagem (também em pull requests)	2026-09-28T14:07:14.9822803Z   Paused: 0
image	Construir imagem (também em pull requests)	2026-09-28T14:07:14.9823133Z   Stopped: 0
image	Construir imagem (também em pull requests)	2026-09-28T14:07:14.9823477Z  Images: 7
image	Construir imagem (também em pull requests)	2026-09-28T14:07:14.9823809Z  Server Version: 28.0.4
image	Construir imagem (também em pull requests)	2026-09-28T14:07:14.9824233Z  Storage Driver: overlay2
image	Construir imagem (também em pull requests)	2026-09-28T14:07:14.9824751Z   Backing Filesystem: extfs
image	Construir imagem (também em pull requests)	2026-09-28T14:07:14.9825249Z   Supports d_type: true
image	Construir imagem (também em pull requests)	2026-09-28T14:07:14.9825684Z   Using metacopy: false
image	Construir imagem (também em pull requests)	2026-09-28T14:07:14.9826509Z   Native Overlay Diff: false
image	Construir imagem (também em pull requests)	2026-09-28T14:07:14.9826942Z   userxattr: false
image	Construir imagem (também em pull requests)	2026-09-28T14:07:14.9827487Z  Logging Driver: json-file
image	Construir imagem (também em pull requests)	2026-09-28T14:07:14.9827898Z  Cgroup Driver: systemd
image	Construir imagem (também em pull requests)	2026-09-28T14:07:14.9828292Z  Cgroup Version: 2
image	Construir imagem (também em pull requests)	2026-09-28T14:07:14.9828694Z  Plugins:
image	Construir imagem (também em pull requests)	2026-09-28T14:07:14.9829171Z   Volume: local
image	Construir imagem (também em pull requests)	2026-09-28T14:07:14.9830251Z   Network: bridge host ipvlan macvlan null overlay
image	Construir imagem (também em pull requests)	2026-09-28T14:07:14.9831270Z   Log: awslogs fluentd gcplogs gelf journald json-file local splunk syslog
image	Construir imagem (também em pull requests)	2026-09-28T14:07:14.9831863Z  Swarm: inactive
image	Construir imagem (também em pull requests)	2026-09-28T14:07:14.9832358Z  Runtimes: io.containerd.runc.v2 runc
image	Construir imagem (também em pull requests)	2026-09-28T14:07:14.9832866Z  Default Runtime: runc
image	Construir imagem (também em pull requests)	2026-09-28T14:07:14.9833347Z  Init Binary: docker-init
image	Construir imagem (também em pull requests)	2026-09-28T14:07:14.9833863Z  containerd version: 1294c24a7da8e5a793ed378161673abe94118892
image	Construir imagem (também em pull requests)	2026-09-28T14:07:14.9834431Z  runc version: v1.5.1-0-g8f2685a4
image	Construir imagem (também em pull requests)	2026-09-28T14:07:14.9834958Z  init version: de40ad0
image	Construir imagem (também em pull requests)	2026-09-28T14:07:14.9835592Z  Security Options:
image	Construir imagem (também em pull requests)	2026-09-28T14:07:14.9836206Z   apparmor
image	Construir imagem (também em pull requests)	2026-09-28T14:07:14.9836710Z   seccomp
image	Construir imagem (também em pull requests)	2026-09-28T14:07:14.9837156Z    Profile: builtin
image	Construir imagem (também em pull requests)	2026-09-28T14:07:14.9837594Z   cgroupns
image	Construir imagem (também em pull requests)	2026-09-28T14:07:14.9837984Z  Kernel Version: 6.17.0-1022-azure
image	Construir imagem (também em pull requests)	2026-09-28T14:07:14.9839041Z  Operating System: Ubuntu 24.04.5 LTS
image	Construir imagem (também em pull requests)	2026-09-28T14:07:14.9839626Z  OSType: linux
image	Construir imagem (também em pull requests)	2026-09-28T14:07:14.9840044Z  Architecture: x86_64
image	Construir imagem (também em pull requests)	2026-09-28T14:07:14.9840510Z  CPUs: 4
image	Construir imagem (também em pull requests)	2026-09-28T14:07:14.9841070Z  Total Memory: 15.61GiB
image	Construir imagem (também em pull requests)	2026-09-28T14:07:14.9841778Z  Name: runnervmtr4k5
image	Construir imagem (também em pull requests)	2026-09-28T14:07:14.9842243Z  ID: bab1ddb9-e66f-4080-9fbf-9a64e0823a66
image	Construir imagem (também em pull requests)	2026-09-28T14:07:14.9842732Z  Docker Root Dir: /var/lib/docker
image	Construir imagem (também em pull requests)	2026-09-28T14:07:14.9843181Z  Debug Mode: false
image	Construir imagem (também em pull requests)	2026-09-28T14:07:14.9843566Z  Username: githubactions
image	Construir imagem (também em pull requests)	2026-09-28T14:07:14.9844023Z  Experimental: false
image	Construir imagem (também em pull requests)	2026-09-28T14:07:14.9844448Z  Insecure Registries:
image	Construir imagem (também em pull requests)	2026-09-28T14:07:14.9844940Z   ::1/128
image	Construir imagem (também em pull requests)	2026-09-28T14:07:14.9845274Z   127.0.0.0/8
image	Construir imagem (também em pull requests)	2026-09-28T14:07:14.9845665Z  Live Restore Enabled: false
image	Construir imagem (também em pull requests)	2026-09-28T14:07:14.9845975Z 
image	Construir imagem (também em pull requests)	2026-09-28T14:07:14.9846546Z ##[endgroup]
image	Construir imagem (também em pull requests)	2026-09-28T14:07:14.9847173Z ##[group]Proxy configuration
image	Construir imagem (também em pull requests)	2026-09-28T14:07:14.9847589Z No proxy configuration found
image	Construir imagem (também em pull requests)	2026-09-28T14:07:14.9848334Z ##[endgroup]
image	Construir imagem (também em pull requests)	2026-09-28T14:07:15.0393072Z ##[group]Buildx version
image	Construir imagem (também em pull requests)	2026-09-28T14:07:15.0415450Z [command]/usr/bin/docker buildx version
image	Construir imagem (também em pull requests)	2026-09-28T14:07:15.0834993Z github.com/docker/buildx v0.37.1 0b265a9f62db554fa9aba6dd19e1bd5704bc7d8a
image	Construir imagem (também em pull requests)	2026-09-28T14:07:15.0847724Z ##[endgroup]
image	Construir imagem (também em pull requests)	2026-09-28T14:07:15.0848540Z ##[group]Builder info
image	Construir imagem (também em pull requests)	2026-09-28T14:07:15.1626768Z {
image	Construir imagem (também em pull requests)	2026-09-28T14:07:15.1627156Z   "nodes": [
image	Construir imagem (também em pull requests)	2026-09-28T14:07:15.1627793Z     {
image	Construir imagem (também em pull requests)	2026-09-28T14:07:15.1628429Z       "name": "builder-d9c861de-ee7e-4507-af23-f0f19639b08e0",
image	Construir imagem (também em pull requests)	2026-09-28T14:07:15.1629345Z       "endpoint": "unix:///var/run/docker.sock",
image	Construir imagem (também em pull requests)	2026-09-28T14:07:15.1630010Z       "status": "running",
image	Construir imagem (também em pull requests)	2026-09-28T14:07:15.1631150Z       "buildkitd-flags": "--allow-insecure-entitlement security.insecure --allow-insecure-entitlement network.host",
image	Construir imagem (também em pull requests)	2026-09-28T14:07:15.1631901Z       "buildkit": "v0.32.2",
image	Construir imagem (também em pull requests)	2026-09-28T14:07:15.1632387Z       "platforms": "linux/amd64,linux/amd64/v2,linux/amd64/v3,linux/amd64/v4,linux/386",
image	Construir imagem (também em pull requests)	2026-09-28T14:07:15.1632845Z       "features": {
image	Construir imagem (também em pull requests)	2026-09-28T14:07:15.1633267Z         "Automatically load images to the Docker Engine image store": true,
image	Construir imagem (também em pull requests)	2026-09-28T14:07:15.1633735Z         "Cache export": true,
image	Construir imagem (também em pull requests)	2026-09-28T14:07:15.1634122Z         "Direct push": true,
image	Construir imagem (também em pull requests)	2026-09-28T14:07:15.1634473Z         "Docker exporter": true,
image	Construir imagem (também em pull requests)	2026-09-28T14:07:15.1634818Z         "Multi-platform build": true,
image	Construir imagem (também em pull requests)	2026-09-28T14:07:15.1635220Z         "OCI exporter": true
image	Construir imagem (também em pull requests)	2026-09-28T14:07:15.1635589Z       },
image	Construir imagem (também em pull requests)	2026-09-28T14:07:15.1635869Z       "labels": {
image	Construir imagem (também em pull requests)	2026-09-28T14:07:15.1636241Z         "org.mobyproject.buildkit.worker.executor": "oci",
image	Construir imagem (também em pull requests)	2026-09-28T14:07:15.1636697Z         "org.mobyproject.buildkit.worker.hostname": "a716b14d9148",
image	Construir imagem (também em pull requests)	2026-09-28T14:07:15.1637289Z         "org.mobyproject.buildkit.worker.network": "host",
image	Construir imagem (também em pull requests)	2026-09-28T14:07:15.1637766Z         "org.mobyproject.buildkit.worker.oci.process-mode": "sandbox",
image	Construir imagem (também em pull requests)	2026-09-28T14:07:15.1638578Z         "org.mobyproject.buildkit.worker.selinux.enabled": "false",
image	Construir imagem (também em pull requests)	2026-09-28T14:07:15.1639196Z         "org.mobyproject.buildkit.worker.snapshotter": "overlayfs"
image	Construir imagem (também em pull requests)	2026-09-28T14:07:15.1639614Z       },
image	Construir imagem (também em pull requests)	2026-09-28T14:07:15.1639942Z       "gcPolicy": [
image	Construir imagem (também em pull requests)	2026-09-28T14:07:15.1640355Z         {
image	Construir imagem (também em pull requests)	2026-09-28T14:07:15.1640944Z           "all": false,
image	Construir imagem (também em pull requests)	2026-09-28T14:07:15.1641262Z           "filter": [
image	Construir imagem (também em pull requests)	2026-09-28T14:07:15.1641697Z             "type==source.local type==exec.cachemount type==source.git.checkout"
image	Construir imagem (também em pull requests)	2026-09-28T14:07:15.1642163Z           ],
image	Construir imagem (também em pull requests)	2026-09-28T14:07:15.1642710Z           "keepDuration": "48h0m0s",
image	Construir imagem (também em pull requests)	2026-09-28T14:07:15.1643069Z           "maxUsedSpace": "488.3MiB"
image	Construir imagem (também em pull requests)	2026-09-28T14:07:15.1643474Z         },
image	Construir imagem (também em pull requests)	2026-09-28T14:07:15.1643841Z         {
image	Construir imagem (também em pull requests)	2026-09-28T14:07:15.1644192Z           "all": false,
image	Construir imagem (também em pull requests)	2026-09-28T14:07:15.1644628Z           "keepDuration": "1440h0m0s",
image	Construir imagem (também em pull requests)	2026-09-28T14:07:15.1645061Z           "reservedSpace": "9.313GiB",
image	Construir imagem (também em pull requests)	2026-09-28T14:07:15.1645542Z           "maxUsedSpace": "93.13GiB",
image	Construir imagem (também em pull requests)	2026-09-28T14:07:15.1646039Z           "minFreeSpace": "27.01GiB"
image	Construir imagem (também em pull requests)	2026-09-28T14:07:15.1646338Z         },
image	Construir imagem (também em pull requests)	2026-09-28T14:07:15.1646669Z         {
image	Construir imagem (também em pull requests)	2026-09-28T14:07:15.1646931Z           "all": false,
image	Construir imagem (também em pull requests)	2026-09-28T14:07:15.1647278Z           "reservedSpace": "9.313GiB",
image	Construir imagem (também em pull requests)	2026-09-28T14:07:15.1647653Z           "maxUsedSpace": "93.13GiB",
image	Construir imagem (também em pull requests)	2026-09-28T14:07:15.1648696Z           "minFreeSpace": "27.01GiB"
image	Construir imagem (também em pull requests)	2026-09-28T14:07:15.1649219Z         },
image	Construir imagem (também em pull requests)	2026-09-28T14:07:15.1649497Z         {
image	Construir imagem (também em pull requests)	2026-09-28T14:07:15.1649824Z           "all": true,
image	Construir imagem (também em pull requests)	2026-09-28T14:07:15.1650187Z           "reservedSpace": "9.313GiB",
image	Construir imagem (também em pull requests)	2026-09-28T14:07:15.1650716Z           "maxUsedSpace": "93.13GiB",
image	Construir imagem (também em pull requests)	2026-09-28T14:07:15.1651259Z           "minFreeSpace": "27.01GiB"
image	Construir imagem (também em pull requests)	2026-09-28T14:07:15.1651647Z         }
image	Construir imagem (também em pull requests)	2026-09-28T14:07:15.1651989Z       ]
image	Construir imagem (também em pull requests)	2026-09-28T14:07:15.1652279Z     }
image	Construir imagem (também em pull requests)	2026-09-28T14:07:15.1652504Z   ],
image	Construir imagem (também em pull requests)	2026-09-28T14:07:15.1652890Z   "name": "builder-d9c861de-ee7e-4507-af23-f0f19639b08e",
image	Construir imagem (também em pull requests)	2026-09-28T14:07:15.1653275Z   "driver": "docker-container",
image	Construir imagem (também em pull requests)	2026-09-28T14:07:15.1653589Z   "lastActivity": "2026-09-28T14:07:13.000Z"
image	Construir imagem (também em pull requests)	2026-09-28T14:07:15.1653925Z }
image	Construir imagem (também em pull requests)	2026-09-28T14:07:15.1654451Z ##[endgroup]
image	Construir imagem (também em pull requests)	2026-09-28T14:07:15.2844048Z [command]/usr/bin/docker buildx build --build-arg APP_VERSION=5b00e1eff60e82993258fdec04263a57fb462e49 --cache-from type=gha --cache-to type=gha,mode=max --iidfile /home/runner/work/_temp/docker-actions-toolkit-Sbqzly/build-iidfile-03d2d6ec1f.txt --label org.opencontainers.image.source=https://github.com/Kalicon/ecohospital-esg-cicd --tag ghcr.io/kalicon/ecohospital-esg-cicd:5b00e1eff60e82993258fdec04263a57fb462e49 --load --metadata-file /home/runner/work/_temp/docker-actions-toolkit-Sbqzly/build-metadata-1037063538.json .
image	Construir imagem (também em pull requests)	2026-09-28T14:07:15.5600970Z #0 building with "builder-d9c861de-ee7e-4507-af23-f0f19639b08e" instance using docker-container driver
image	Construir imagem (também em pull requests)	2026-09-28T14:07:15.5601585Z 
image	Construir imagem (também em pull requests)	2026-09-28T14:07:15.5601756Z #1 [internal] load build definition from Dockerfile
image	Construir imagem (também em pull requests)	2026-09-28T14:07:15.5602170Z #1 transferring dockerfile: 1.03kB done
image	Construir imagem (também em pull requests)	2026-09-28T14:07:15.5602536Z #1 DONE 0.0s
image	Construir imagem (também em pull requests)	2026-09-28T14:07:15.5602675Z 
image	Construir imagem (também em pull requests)	2026-09-28T14:07:15.5602948Z #2 resolve image config for docker-image://docker.io/docker/dockerfile:1
image	Construir imagem (também em pull requests)	2026-09-28T14:07:15.7426949Z #2 ...
image	Construir imagem (também em pull requests)	2026-09-28T14:07:15.7427443Z 
image	Construir imagem (também em pull requests)	2026-09-28T14:07:15.7427901Z #3 [auth] docker/dockerfile:pull token for registry-1.docker.io
image	Construir imagem (também em pull requests)	2026-09-28T14:07:15.7428374Z #3 DONE 0.0s
image	Construir imagem (também em pull requests)	2026-09-28T14:07:15.8929930Z 
image	Construir imagem (também em pull requests)	2026-09-28T14:07:15.8931282Z #2 resolve image config for docker-image://docker.io/docker/dockerfile:1
image	Construir imagem (também em pull requests)	2026-09-28T14:07:16.1512436Z #2 DONE 0.7s
image	Construir imagem (também em pull requests)	2026-09-28T14:07:16.3124925Z 
image	Construir imagem (também em pull requests)	2026-09-28T14:07:16.3126266Z #4 docker-image://docker.io/docker/dockerfile:1@sha256:ecfaec9ed6d810b56388c508f4121597bfbba70d41a6dfeee4d8cad5f295fc32
image	Construir imagem (também em pull requests)	2026-09-28T14:07:16.3127504Z #4 resolve docker.io/docker/dockerfile:1@sha256:ecfaec9ed6d810b56388c508f4121597bfbba70d41a6dfeee4d8cad5f295fc32 done
image	Construir imagem (também em pull requests)	2026-09-28T14:07:16.3147151Z #4 sha256:9f624ef51ad55db0ea52d755cc777566386156106fbb4f465eecb22c67ac55ed 14.14MB / 14.14MB 0.2s
image	Construir imagem (também em pull requests)	2026-09-28T14:07:16.4648738Z #4 sha256:9f624ef51ad55db0ea52d755cc777566386156106fbb4f465eecb22c67ac55ed 14.14MB / 14.14MB 0.2s done
image	Construir imagem (também em pull requests)	2026-09-28T14:07:16.4649774Z #4 extracting sha256:9f624ef51ad55db0ea52d755cc777566386156106fbb4f465eecb22c67ac55ed 0.1s done
image	Construir imagem (também em pull requests)	2026-09-28T14:07:16.4650433Z #4 DONE 0.3s
image	Construir imagem (também em pull requests)	2026-09-28T14:07:16.5662443Z 
image	Construir imagem (também em pull requests)	2026-09-28T14:07:16.5663360Z #5 [auth] library/maven:pull token for registry-1.docker.io
image	Construir imagem (também em pull requests)	2026-09-28T14:07:16.7724760Z #5 DONE 0.0s
image	Construir imagem (também em pull requests)	2026-09-28T14:07:16.7725082Z 
image	Construir imagem (também em pull requests)	2026-09-28T14:07:16.7725322Z #6 [auth] library/eclipse-temurin:pull token for registry-1.docker.io
image	Construir imagem (também em pull requests)	2026-09-28T14:07:16.7725777Z #6 DONE 0.0s
image	Construir imagem (também em pull requests)	2026-09-28T14:07:16.7725963Z 
image	Construir imagem (também em pull requests)	2026-09-28T14:07:16.7726249Z #7 [internal] load metadata for docker.io/library/eclipse-temurin:17-jre-jammy
image	Construir imagem (também em pull requests)	2026-09-28T14:07:17.0951487Z #7 ...
image	Construir imagem (também em pull requests)	2026-09-28T14:07:17.0952142Z 
image	Construir imagem (também em pull requests)	2026-09-28T14:07:17.0952523Z #8 [internal] load metadata for docker.io/library/maven:3.9-eclipse-temurin-17
image	Construir imagem (também em pull requests)	2026-09-28T14:07:17.0954499Z #8 DONE 0.6s
image	Construir imagem (também em pull requests)	2026-09-28T14:07:17.2954228Z 
image	Construir imagem (também em pull requests)	2026-09-28T14:07:17.2955755Z #7 [internal] load metadata for docker.io/library/eclipse-temurin:17-jre-jammy
image	Construir imagem (também em pull requests)	2026-09-28T14:07:17.2956518Z #7 DONE 0.6s
image	Construir imagem (também em pull requests)	2026-09-28T14:07:17.2957082Z 
image	Construir imagem (também em pull requests)	2026-09-28T14:07:17.2957724Z #9 [internal] load .dockerignore
image	Construir imagem (também em pull requests)	2026-09-28T14:07:17.2958460Z #9 transferring context: 156B done
image	Construir imagem (também em pull requests)	2026-09-28T14:07:17.2958953Z #9 DONE 0.0s
image	Construir imagem (também em pull requests)	2026-09-28T14:07:17.2959283Z 
image	Construir imagem (também em pull requests)	2026-09-28T14:07:17.2959660Z #10 importing cache manifest from gha:5278255119570797830
image	Construir imagem (também em pull requests)	2026-09-28T14:07:17.4550794Z #10 ...
image	Construir imagem (também em pull requests)	2026-09-28T14:07:17.4551097Z 
image	Construir imagem (também em pull requests)	2026-09-28T14:07:17.4551474Z #11 [internal] load build context
image	Construir imagem (também em pull requests)	2026-09-28T14:07:17.4551833Z #11 DONE 0.0s
image	Construir imagem (também em pull requests)	2026-09-28T14:07:17.4551979Z 
image	Construir imagem (também em pull requests)	2026-09-28T14:07:17.4552468Z #12 [build 1/8] FROM docker.io/library/maven:3.9-eclipse-temurin-17@sha256:f1ab639371711ac150c8e344bff7d39d8161c17a531b5dd653d3fa03af554807
image	Construir imagem (também em pull requests)	2026-09-28T14:07:17.4553376Z #12 resolve docker.io/library/maven:3.9-eclipse-temurin-17@sha256:f1ab639371711ac150c8e344bff7d39d8161c17a531b5dd653d3fa03af554807 done
image	Construir imagem (também em pull requests)	2026-09-28T14:07:17.4554101Z #12 DONE 0.0s
image	Construir imagem (também em pull requests)	2026-09-28T14:07:17.4554271Z 
image	Construir imagem (também em pull requests)	2026-09-28T14:07:17.4554914Z #13 [runtime 1/4] FROM docker.io/library/eclipse-temurin:17-jre-jammy@sha256:97137382c6f0c30427d9b7c44ad8b2d55ac823b0768c171d81a643ed219023c5
image	Construir imagem (também em pull requests)	2026-09-28T14:07:17.4556056Z #13 resolve docker.io/library/eclipse-temurin:17-jre-jammy@sha256:97137382c6f0c30427d9b7c44ad8b2d55ac823b0768c171d81a643ed219023c5 done
image	Construir imagem (também em pull requests)	2026-09-28T14:07:17.4556648Z #13 DONE 0.0s
image	Construir imagem (também em pull requests)	2026-09-28T14:07:17.6052283Z 
image	Construir imagem (também em pull requests)	2026-09-28T14:07:17.6053208Z #10 importing cache manifest from gha:5278255119570797830
image	Construir imagem (também em pull requests)	2026-09-28T14:07:17.6810779Z #10 DONE 0.4s
image	Construir imagem (também em pull requests)	2026-09-28T14:07:17.8462914Z 
image	Construir imagem (também em pull requests)	2026-09-28T14:07:17.8463920Z #11 [internal] load build context
image	Construir imagem (também em pull requests)	2026-09-28T14:07:17.8464528Z #11 transferring context: 146.11kB done
image	Construir imagem (também em pull requests)	2026-09-28T14:07:17.8465344Z #11 DONE 0.0s
image	Construir imagem (também em pull requests)	2026-09-28T14:07:17.8465645Z 
image	Construir imagem (também em pull requests)	2026-09-28T14:07:17.8465852Z #14 [runtime 3/4] WORKDIR /app
image	Construir imagem (também em pull requests)	2026-09-28T14:07:17.8466349Z #14 CACHED
image	Construir imagem (também em pull requests)	2026-09-28T14:07:17.8466512Z 
image	Construir imagem (também em pull requests)	2026-09-28T14:07:17.8466686Z #15 [build 2/8] WORKDIR /build
image	Construir imagem (também em pull requests)	2026-09-28T14:07:17.8467019Z #15 CACHED
image	Construir imagem (também em pull requests)	2026-09-28T14:07:17.8467152Z 
image	Construir imagem (também em pull requests)	2026-09-28T14:07:17.8467301Z #16 [build 3/8] COPY pom.xml ./
image	Construir imagem (também em pull requests)	2026-09-28T14:07:17.8467614Z #16 CACHED
image	Construir imagem (também em pull requests)	2026-09-28T14:07:17.8467764Z 
image	Construir imagem (também em pull requests)	2026-09-28T14:07:17.8467899Z #17 [build 4/8] COPY src/main ./src/main
image	Construir imagem (também em pull requests)	2026-09-28T14:07:17.8468226Z #17 CACHED
image	Construir imagem (também em pull requests)	2026-09-28T14:07:17.8468378Z 
image	Construir imagem (também em pull requests)	2026-09-28T14:07:17.8468526Z #18 [build 5/8] COPY src/test ./src/test
image	Construir imagem (também em pull requests)	2026-09-28T14:07:17.8468833Z #18 CACHED
image	Construir imagem (também em pull requests)	2026-09-28T14:07:17.8469090Z 
image	Construir imagem (também em pull requests)	2026-09-28T14:07:17.8469263Z #19 [build 6/8] COPY public ./public
image	Construir imagem (também em pull requests)	2026-09-28T14:07:17.8469580Z #19 CACHED
image	Construir imagem (também em pull requests)	2026-09-28T14:07:17.8469698Z 
image	Construir imagem (também em pull requests)	2026-09-28T14:07:17.8469908Z #20 [build 7/8] COPY data/esg_dataset.json ./data/esg_dataset.json
image	Construir imagem (também em pull requests)	2026-09-28T14:07:17.8470272Z #20 CACHED
image	Construir imagem (também em pull requests)	2026-09-28T14:07:17.8470453Z 
image	Construir imagem (também em pull requests)	2026-09-28T14:07:17.8470837Z #21 [build 8/8] RUN mvn -B -ntp verify
image	Construir imagem (também em pull requests)	2026-09-28T14:07:17.8471202Z #21 CACHED
image	Construir imagem (também em pull requests)	2026-09-28T14:07:17.8471346Z 
image	Construir imagem (também em pull requests)	2026-09-28T14:07:17.8472098Z #22 [runtime 2/4] RUN apt-get update && apt-get install -y --no-install-recommends curl     && rm -rf /var/lib/apt/lists/*     && groupadd --gid 10001 esg     && useradd --uid 10001 --gid esg --no-create-home esg     && mkdir -p /app/data && chown -R esg:esg /app
image	Construir imagem (também em pull requests)	2026-09-28T14:07:17.8473577Z #22 CACHED
image	Construir imagem (também em pull requests)	2026-09-28T14:07:17.8473699Z 
image	Construir imagem (também em pull requests)	2026-09-28T14:07:17.8473951Z #23 [runtime 4/4] COPY --from=build --chown=esg:esg /build/target/esg-app.jar /app/app.jar
image	Construir imagem (também em pull requests)	2026-09-28T14:07:17.8685377Z #23 CACHED
image	Construir imagem (também em pull requests)	2026-09-28T14:07:18.0293386Z 
image	Construir imagem (também em pull requests)	2026-09-28T14:07:18.0294211Z #24 exporting to docker image format
image	Construir imagem (também em pull requests)	2026-09-28T14:07:18.0294852Z #24 exporting layers done
image	Construir imagem (também em pull requests)	2026-09-28T14:07:18.0295390Z #24 exporting manifest sha256:0167175c5c184394e9bd1f1d30921d5ae238d5cbe73ee583949e46c9763f0dd4 done
image	Construir imagem (também em pull requests)	2026-09-28T14:07:23.3322507Z #24 exporting config sha256:f109428ac825ab3ad02538fb397e49b2ebcaa68947e4d44c060b6d84cc76687d done
image	Construir imagem (também em pull requests)	2026-09-28T14:07:23.3323267Z #24 ...
image	Construir imagem (também em pull requests)	2026-09-28T14:07:23.3323641Z 
image	Construir imagem (também em pull requests)	2026-09-28T14:07:23.3324001Z #23 [runtime 4/4] COPY --from=build --chown=esg:esg /build/target/esg-app.jar /app/app.jar
image	Construir imagem (também em pull requests)	2026-09-28T14:07:23.3324889Z #23 sha256:0daf48a316c7745372ffcb9396951b330a22df7fbd2752a9ad05750efbb33ae4 21.34MB / 21.34MB 2.0s done
image	Construir imagem (também em pull requests)	2026-09-28T14:07:23.3325632Z #23 sha256:7efdfff802089e5672763eaaa12b49fb3551a64311ed552a0905bd616d7ab440 159B / 159B 0.2s done
image	Construir imagem (também em pull requests)	2026-09-28T14:07:23.3326525Z #23 sha256:578a92f1fad0d0d855eaa30b7cbd35f8a8d381413fb0ce57f6ba8b556a7d8a76 2.46kB / 2.46kB 0.2s done
image	Construir imagem (também em pull requests)	2026-09-28T14:07:23.3327356Z #23 sha256:20c3783cc497b5b0df1fc5f92bd64c3d2fbb24057c88692c8fda205b6ea8a2f2 29.75MB / 29.75MB 2.4s done
image	Construir imagem (também em pull requests)	2026-09-28T14:07:23.3328517Z #23 sha256:283c139709fe7bcd89a1cc7c302b901b0d9729aaa0536d1eaa8d46d48c8e9cd6 12.58MB / 16.11MB 5.3s
image	Construir imagem (também em pull requests)	2026-09-28T14:07:23.3329274Z #23 sha256:55961032bbfae8434221ad0a485be57cde39680632ed83602856790d30df4ff1 4.70kB / 4.70kB 0.2s done
image	Construir imagem (também em pull requests)	2026-09-28T14:07:23.3330001Z #23 sha256:4f4fb700ef54461cfa02571ae0db9a0dc1e0cdb5577484a6d75e68dc38e8acc1 32B / 32B 0.2s done
image	Construir imagem (também em pull requests)	2026-09-28T14:07:23.3330945Z #23 sha256:71f9afa6775117e2e3d8d347cdc35c7ce4d32d22852ff1e8bbda497f2c4c61c6 29.36MB / 47.52MB 4.7s
image	Construir imagem (também em pull requests)	2026-09-28T14:07:23.4811348Z #23 sha256:283c139709fe7bcd89a1cc7c302b901b0d9729aaa0536d1eaa8d46d48c8e9cd6 13.63MB / 16.11MB 5.4s
image	Construir imagem (também em pull requests)	2026-09-28T14:07:23.7818356Z #23 sha256:283c139709fe7bcd89a1cc7c302b901b0d9729aaa0536d1eaa8d46d48c8e9cd6 14.68MB / 16.11MB 5.7s
image	Construir imagem (também em pull requests)	2026-09-28T14:07:23.7819489Z #23 sha256:71f9afa6775117e2e3d8d347cdc35c7ce4d32d22852ff1e8bbda497f2c4c61c6 32.51MB / 47.52MB 5.1s
image	Construir imagem (também em pull requests)	2026-09-28T14:07:24.0818664Z #23 sha256:283c139709fe7bcd89a1cc7c302b901b0d9729aaa0536d1eaa8d46d48c8e9cd6 15.73MB / 16.11MB 6.0s
image	Construir imagem (também em pull requests)	2026-09-28T14:07:24.1875805Z #23 sha256:283c139709fe7bcd89a1cc7c302b901b0d9729aaa0536d1eaa8d46d48c8e9cd6 16.11MB / 16.11MB 6.1s done
image	Construir imagem (também em pull requests)	2026-09-28T14:07:24.1876723Z #23 sha256:71f9afa6775117e2e3d8d347cdc35c7ce4d32d22852ff1e8bbda497f2c4c61c6 36.70MB / 47.52MB 5.6s
image	Construir imagem (também em pull requests)	2026-09-28T14:07:24.5384085Z #23 sha256:71f9afa6775117e2e3d8d347cdc35c7ce4d32d22852ff1e8bbda497f2c4c61c6 39.85MB / 47.52MB 6.0s
image	Construir imagem (também em pull requests)	2026-09-28T14:07:24.9885461Z #23 sha256:71f9afa6775117e2e3d8d347cdc35c7ce4d32d22852ff1e8bbda497f2c4c61c6 42.99MB / 47.52MB 6.5s
image	Construir imagem (também em pull requests)	2026-09-28T14:07:25.4383201Z #23 sha256:71f9afa6775117e2e3d8d347cdc35c7ce4d32d22852ff1e8bbda497f2c4c61c6 47.19MB / 47.52MB 6.9s
image	Construir imagem (também em pull requests)	2026-09-28T14:07:25.7347207Z #23 sha256:71f9afa6775117e2e3d8d347cdc35c7ce4d32d22852ff1e8bbda497f2c4c61c6 47.52MB / 47.52MB 7.2s done
image	Construir imagem (também em pull requests)	2026-09-28T14:07:25.7347854Z #23 DONE 8.0s
image	Construir imagem (também em pull requests)	2026-09-28T14:07:25.7348007Z 
image	Construir imagem (também em pull requests)	2026-09-28T14:07:25.7348341Z #24 exporting to docker image format
image	Construir imagem (também em pull requests)	2026-09-28T14:07:25.8868058Z #24 sending tarball
image	Construir imagem (também em pull requests)	2026-09-28T14:07:29.9342479Z #24 sending tarball 4.0s done
image	Construir imagem (também em pull requests)	2026-09-28T14:07:29.9343165Z #24 DONE 11.9s
image	Construir imagem (também em pull requests)	2026-09-28T14:07:29.9343391Z 
image	Construir imagem (também em pull requests)	2026-09-28T14:07:29.9343819Z #25 importing to docker
image	Construir imagem (também em pull requests)	2026-09-28T14:07:29.9344395Z #25 loading layer d5878fe0c5eb 16.11MB / 16.11MB 3.5s done
image	Construir imagem (também em pull requests)	2026-09-28T14:07:29.9344824Z #25 loading layer 47cdf397e38d 47.52MB / 47.52MB 1.7s done
image	Construir imagem (também em pull requests)	2026-09-28T14:07:29.9345304Z #25 loading layer fada8f6cd3ba 159B / 159B 0.3s done
image	Construir imagem (também em pull requests)	2026-09-28T14:07:29.9345706Z #25 loading layer 3369dc194fd5 2.46kB / 2.46kB 0.3s done
image	Construir imagem (também em pull requests)	2026-09-28T14:07:29.9346123Z #25 loading layer deb90161a20d 4.70kB / 4.70kB 0.3s done
image	Construir imagem (também em pull requests)	2026-09-28T14:07:29.9346963Z #25 loading layer 5f70bf18a086 32B / 32B 0.3s done
image	Construir imagem (também em pull requests)	2026-09-28T14:07:29.9347391Z #25 loading layer 93575436d199 21.34MB / 21.34MB 0.3s done
image	Construir imagem (também em pull requests)	2026-09-28T14:07:29.9347769Z #25 DONE 3.5s
image	Construir imagem (também em pull requests)	2026-09-28T14:07:29.9347990Z 
image	Construir imagem (também em pull requests)	2026-09-28T14:07:29.9348162Z #26 exporting to GitHub Actions Cache
image	Construir imagem (também em pull requests)	2026-09-28T14:07:29.9348545Z #26 preparing build cache for export
image	Construir imagem (também em pull requests)	2026-09-28T14:07:30.0393422Z #26 preparing build cache for export 0.3s done
image	Construir imagem (também em pull requests)	2026-09-28T14:07:30.0394359Z #26 sending cache export
image	Construir imagem (também em pull requests)	2026-09-28T14:07:32.3966295Z #26 sending cache export 2.4s done
image	Construir imagem (também em pull requests)	2026-09-28T14:07:32.3967900Z #26 DONE 2.6s
image	Construir imagem (também em pull requests)	2026-09-28T14:07:32.4212779Z 
image	Construir imagem (também em pull requests)	2026-09-28T14:07:32.4213494Z #27 resolving provenance for metadata file
image	Construir imagem (também em pull requests)	2026-09-28T14:07:32.4213911Z #27 DONE 0.0s
image	Construir imagem (também em pull requests)	2026-09-28T14:07:32.4271564Z ##[group]ImageID
image	Construir imagem (também em pull requests)	2026-09-28T14:07:32.4272267Z sha256:f109428ac825ab3ad02538fb397e49b2ebcaa68947e4d44c060b6d84cc76687d
image	Construir imagem (também em pull requests)	2026-09-28T14:07:32.4273268Z ##[endgroup]
image	Construir imagem (também em pull requests)	2026-09-28T14:07:32.4273875Z ##[group]Digest
image	Construir imagem (também em pull requests)	2026-09-28T14:07:32.4276675Z sha256:0167175c5c184394e9bd1f1d30921d5ae238d5cbe73ee583949e46c9763f0dd4
image	Construir imagem (também em pull requests)	2026-09-28T14:07:32.4302527Z ##[endgroup]
image	Construir imagem (também em pull requests)	2026-09-28T14:07:32.4303537Z ##[group]Metadata
image	Construir imagem (também em pull requests)	2026-09-28T14:07:32.4310413Z ::stop-commands::***
image	Construir imagem (também em pull requests)	2026-09-28T14:07:32.4311452Z {
image	Construir imagem (também em pull requests)	2026-09-28T14:07:32.4311893Z   "buildx.build.provenance": {
image	Construir imagem (também em pull requests)	2026-09-28T14:07:32.4312297Z     "builder": {
image	Construir imagem (também em pull requests)	2026-09-28T14:07:32.4312617Z       "id": ""
image	Construir imagem (também em pull requests)	2026-09-28T14:07:32.4313022Z     },
image	Construir imagem (também em pull requests)	2026-09-28T14:07:32.4313754Z     "buildType": "https://mobyproject.org/buildkit@v1",
image	Construir imagem (também em pull requests)	2026-09-28T14:07:32.4314291Z     "materials": [
image	Construir imagem (também em pull requests)	2026-09-28T14:07:32.4314654Z       {
image	Construir imagem (também em pull requests)	2026-09-28T14:07:32.4315020Z         "uri": "pkg:docker/docker/dockerfile@1",
image	Construir imagem (também em pull requests)	2026-09-28T14:07:32.4315516Z         "digest": {
image	Construir imagem (também em pull requests)	2026-09-28T14:07:32.4316032Z           "sha256": "ecfaec9ed6d810b56388c508f4121597bfbba70d41a6dfeee4d8cad5f295fc32"
image	Construir imagem (também em pull requests)	2026-09-28T14:07:32.4316666Z         }
image	Construir imagem (também em pull requests)	2026-09-28T14:07:32.4316983Z       },
image	Construir imagem (também em pull requests)	2026-09-28T14:07:32.4317277Z       {
image	Construir imagem (também em pull requests)	2026-09-28T14:07:32.4317777Z         "uri": "pkg:docker/eclipse-temurin@17-jre-jammy?platform=linux%2Famd64",
image	Construir imagem (também em pull requests)	2026-09-28T14:07:32.4318303Z         "digest": {
image	Construir imagem (também em pull requests)	2026-09-28T14:07:32.4318787Z           "sha256": "97137382c6f0c30427d9b7c44ad8b2d55ac823b0768c171d81a643ed219023c5"
image	Construir imagem (também em pull requests)	2026-09-28T14:07:32.4319365Z         }
image	Construir imagem (também em pull requests)	2026-09-28T14:07:32.4319666Z       },
image	Construir imagem (também em pull requests)	2026-09-28T14:07:32.4320036Z       {
image	Construir imagem (também em pull requests)	2026-09-28T14:07:32.4320493Z         "uri": "pkg:docker/maven@3.9-eclipse-temurin-17?platform=linux%2Famd64",
image	Construir imagem (também em pull requests)	2026-09-28T14:07:32.4321448Z         "digest": {
image	Construir imagem (também em pull requests)	2026-09-28T14:07:32.4321980Z           "sha256": "f1ab639371711ac150c8e344bff7d39d8161c17a531b5dd653d3fa03af554807"
image	Construir imagem (também em pull requests)	2026-09-28T14:07:32.4322407Z         }
image	Construir imagem (também em pull requests)	2026-09-28T14:07:32.4322742Z       }
image	Construir imagem (também em pull requests)	2026-09-28T14:07:32.4323016Z     ],
image	Construir imagem (também em pull requests)	2026-09-28T14:07:32.4323281Z     "invocation": {
image	Construir imagem (também em pull requests)	2026-09-28T14:07:32.4323566Z       "configSource": {
image	Construir imagem (também em pull requests)	2026-09-28T14:07:32.4323858Z         "entryPoint": "Dockerfile"
image	Construir imagem (também em pull requests)	2026-09-28T14:07:32.4324252Z       },
image	Construir imagem (também em pull requests)	2026-09-28T14:07:32.4324511Z       "parameters": {
image	Construir imagem (também em pull requests)	2026-09-28T14:07:32.4324887Z         "frontend": "gateway.v0",
image	Construir imagem (também em pull requests)	2026-09-28T14:07:32.4325287Z         "args": {
image	Construir imagem (também em pull requests)	2026-09-28T14:07:32.4325654Z           "build-arg:APP_VERSION": "5b00e1eff60e82993258fdec04263a57fb462e49",
image	Construir imagem (também em pull requests)	2026-09-28T14:07:32.4326076Z           "cmdline": "docker/dockerfile:1",
image	Construir imagem (também em pull requests)	2026-09-28T14:07:32.4326591Z           "label:org.opencontainers.image.source": "https://github.com/Kalicon/ecohospital-esg-cicd",
image	Construir imagem (também em pull requests)	2026-09-28T14:07:32.4327079Z           "source": "docker/dockerfile:1"
image	Construir imagem (também em pull requests)	2026-09-28T14:07:32.4327397Z         },
image	Construir imagem (também em pull requests)	2026-09-28T14:07:32.4327662Z         "locals": [
image	Construir imagem (também em pull requests)	2026-09-28T14:07:32.4327931Z           {
image	Construir imagem (também em pull requests)	2026-09-28T14:07:32.4328180Z             "name": "context"
image	Construir imagem (também em pull requests)	2026-09-28T14:07:32.4328489Z           },
image	Construir imagem (também em pull requests)	2026-09-28T14:07:32.4328744Z           {
image	Construir imagem (também em pull requests)	2026-09-28T14:07:32.4329014Z             "name": "dockerfile"
image	Construir imagem (também em pull requests)	2026-09-28T14:07:32.4329309Z           }
image	Construir imagem (também em pull requests)	2026-09-28T14:07:32.4329547Z         ],
image	Construir imagem (também em pull requests)	2026-09-28T14:07:32.4329772Z         "root": {
image	Construir imagem (também em pull requests)	2026-09-28T14:07:32.4330060Z           "configSource": {
image	Construir imagem (também em pull requests)	2026-09-28T14:07:32.4330399Z             "path": "Dockerfile"
image	Construir imagem (também em pull requests)	2026-09-28T14:07:32.4331171Z           },
image	Construir imagem (também em pull requests)	2026-09-28T14:07:32.4331511Z           "request": {
image	Construir imagem (também em pull requests)	2026-09-28T14:07:32.4332150Z             "args": {
image	Construir imagem (também em pull requests)	2026-09-28T14:07:32.4332752Z               "build-arg:APP_VERSION": "5b00e1eff60e82993258fdec04263a57fb462e49",
image	Construir imagem (também em pull requests)	2026-09-28T14:07:32.4333396Z               "label:org.opencontainers.image.source": "https://github.com/Kalicon/ecohospital-esg-cicd",
image	Construir imagem (também em pull requests)	2026-09-28T14:07:32.4334082Z               "vcs:localdir:context": ".",
image	Construir imagem (também em pull requests)	2026-09-28T14:07:32.4334481Z               "vcs:localdir:dockerfile": ".",
image	Construir imagem (também em pull requests)	2026-09-28T14:07:32.4334840Z               "vcs:revision": "5b00e1eff60e82993258fdec04263a57fb462e49",
image	Construir imagem (também em pull requests)	2026-09-28T14:07:32.4335305Z               "vcs:source": "https://github.com/Kalicon/ecohospital-esg-cicd"
image	Construir imagem (também em pull requests)	2026-09-28T14:07:32.4335702Z             }
image	Construir imagem (também em pull requests)	2026-09-28T14:07:32.4335999Z           }
image	Construir imagem (também em pull requests)	2026-09-28T14:07:32.4336264Z         },
image	Construir imagem (também em pull requests)	2026-09-28T14:07:32.4336530Z         "compatibilityVersion": 30
image	Construir imagem (também em pull requests)	2026-09-28T14:07:32.4336900Z       },
image	Construir imagem (também em pull requests)	2026-09-28T14:07:32.4337166Z       "environment": {
image	Construir imagem (também em pull requests)	2026-09-28T14:07:32.4337478Z         "github_actor": "Kalicon",
image	Construir imagem (também em pull requests)	2026-09-28T14:07:32.4337854Z         "github_actor_id": "216019873",
image	Construir imagem (também em pull requests)	2026-09-28T14:07:32.4338183Z         "github_event_name": "push",
image	Construir imagem (também em pull requests)	2026-09-28T14:07:32.4338565Z         "github_event_payload": {
image	Construir imagem (também em pull requests)	2026-09-28T14:07:32.4338932Z           "after": "5b00e1eff60e82993258fdec04263a57fb462e49",
image	Construir imagem (também em pull requests)	2026-09-28T14:07:32.4339312Z           "base_ref": null,
image	Construir imagem (também em pull requests)	2026-09-28T14:07:32.4339836Z           "before": "6159371fb0a1a30fea8be03a87b404817cac85da",
image	Construir imagem (também em pull requests)	2026-09-28T14:07:32.4340395Z           "commits": [
image	Construir imagem (também em pull requests)	2026-09-28T14:07:32.4340962Z             {
image	Construir imagem (também em pull requests)	2026-09-28T14:07:32.4341248Z               "author": {
image	Construir imagem (também em pull requests)	2026-09-28T14:07:32.4341619Z                 "email": "216019873+Kalicon@users.noreply.github.com",
image	Construir imagem (também em pull requests)	2026-09-28T14:07:32.4342043Z                 "name": "Kalicon Amorim",
image	Construir imagem (também em pull requests)	2026-09-28T14:07:32.4342387Z                 "username": "Kalicon"
image	Construir imagem (também em pull requests)	2026-09-28T14:07:32.4342778Z               },
image	Construir imagem (também em pull requests)	2026-09-28T14:07:32.4343062Z               "committer": {
image	Construir imagem (também em pull requests)	2026-09-28T14:07:32.4343430Z                 "email": "216019873+Kalicon@users.noreply.github.com",
image	Construir imagem (também em pull requests)	2026-09-28T14:07:32.4343825Z                 "name": "Kalicon Amorim",
image	Construir imagem (também em pull requests)	2026-09-28T14:07:32.4344164Z                 "username": "Kalicon"
image	Construir imagem (também em pull requests)	2026-09-28T14:07:32.4344514Z               },
image	Construir imagem (também em pull requests)	2026-09-28T14:07:32.4344830Z               "distinct": true,
image	Construir imagem (também em pull requests)	2026-09-28T14:07:32.4345185Z               "id": "5b00e1eff60e82993258fdec04263a57fb462e49",
image	Construir imagem (também em pull requests)	2026-09-28T14:07:32.4345698Z               "message": "Atualiza Actions e prepara deploy Docker em dois ambientes no PC",
image	Construir imagem (também em pull requests)	2026-09-28T14:07:32.4346178Z               "timestamp": "2026-09-28T11:04:50-03:00",
image	Construir imagem (também em pull requests)	2026-09-28T14:07:32.4346621Z               "tree_id": "2e6caf663ee34c3e1a2dc004d59de69043fbbded",
image	Construir imagem (também em pull requests)	2026-09-28T14:07:32.4347555Z               "url": "https://github.com/Kalicon/ecohospital-esg-cicd/commit/5b00e1eff60e82993258fdec04263a57fb462e49"
image	Construir imagem (também em pull requests)	2026-09-28T14:07:32.4348356Z             }
image	Construir imagem (também em pull requests)	2026-09-28T14:07:32.4348697Z           ],
image	Construir imagem (também em pull requests)	2026-09-28T14:07:32.4349283Z           "compare": "https://github.com/Kalicon/ecohospital-esg-cicd/compare/6159371fb0a1...5b00e1eff60e",
image	Construir imagem (também em pull requests)	2026-09-28T14:07:32.4350090Z           "created": false,
image	Construir imagem (também em pull requests)	2026-09-28T14:07:32.4350849Z           "deleted": false,
image	Construir imagem (também em pull requests)	2026-09-28T14:07:32.4351287Z           "forced": false,
image	Construir imagem (também em pull requests)	2026-09-28T14:07:32.4351709Z           "head_commit": {
image	Construir imagem (também em pull requests)	2026-09-28T14:07:32.4352151Z             "author": {
image	Construir imagem (também em pull requests)	2026-09-28T14:07:32.4352665Z               "email": "216019873+Kalicon@users.noreply.github.com",
image	Construir imagem (também em pull requests)	2026-09-28T14:07:32.4353224Z               "name": "Kalicon Amorim",
image	Construir imagem (também em pull requests)	2026-09-28T14:07:32.4353693Z               "username": "Kalicon"
image	Construir imagem (também em pull requests)	2026-09-28T14:07:32.4354092Z             },
image	Construir imagem (também em pull requests)	2026-09-28T14:07:32.4354458Z             "committer": {
image	Construir imagem (também em pull requests)	2026-09-28T14:07:32.4354971Z               "email": "216019873+Kalicon@users.noreply.github.com",
image	Construir imagem (também em pull requests)	2026-09-28T14:07:32.4355520Z               "name": "Kalicon Amorim",
image	Construir imagem (também em pull requests)	2026-09-28T14:07:32.4355963Z               "username": "Kalicon"
image	Construir imagem (também em pull requests)	2026-09-28T14:07:32.4356500Z             },
image	Construir imagem (também em pull requests)	2026-09-28T14:07:32.4356927Z             "distinct": true,
image	Construir imagem (também em pull requests)	2026-09-28T14:07:32.4357619Z             "id": "5b00e1eff60e82993258fdec04263a57fb462e49",
image	Construir imagem (também em pull requests)	2026-09-28T14:07:32.4358315Z             "message": "Atualiza Actions e prepara deploy Docker em dois ambientes no PC",
image	Construir imagem (também em pull requests)	2026-09-28T14:07:32.4358974Z             "timestamp": "2026-09-28T11:04:50-03:00",
image	Construir imagem (também em pull requests)	2026-09-28T14:07:32.4359574Z             "tree_id": "2e6caf663ee34c3e1a2dc004d59de69043fbbded",
image	Construir imagem (também em pull requests)	2026-09-28T14:07:32.4360509Z             "url": "https://github.com/Kalicon/ecohospital-esg-cicd/commit/5b00e1eff60e82993258fdec04263a57fb462e49"
image	Construir imagem (também em pull requests)	2026-09-28T14:07:32.4361426Z           },
image	Construir imagem (também em pull requests)	2026-09-28T14:07:32.4361783Z           "pusher": {
image	Construir imagem (também em pull requests)	2026-09-28T14:07:32.4362185Z             "email": "kalicon.amorim@hotmail.com",
image	Construir imagem (também em pull requests)	2026-09-28T14:07:32.4362712Z             "name": "Kalicon"
image	Construir imagem (também em pull requests)	2026-09-28T14:07:32.4363127Z           },
image	Construir imagem (também em pull requests)	2026-09-28T14:07:32.4363712Z           "ref": "refs/heads/main",
image	Construir imagem (também em pull requests)	2026-09-28T14:07:32.4364191Z           "repository": {
image	Construir imagem (também em pull requests)	2026-09-28T14:07:32.4364662Z             "allow_forking": true,
image	Construir imagem (também em pull requests)	2026-09-28T14:07:32.4365474Z             "archive_url": "https://api.github.com/repos/Kalicon/ecohospital-esg-cicd/{archive_format}{/ref}",
image	Construir imagem (também em pull requests)	2026-09-28T14:07:32.4366251Z             "archived": false,
image	Construir imagem (também em pull requests)	2026-09-28T14:07:32.4366977Z             "assignees_url": "https://api.github.com/repos/Kalicon/ecohospital-esg-cicd/assignees{/user}",
image	Construir imagem (também em pull requests)	2026-09-28T14:07:32.4367953Z             "blobs_url": "https://api.github.com/repos/Kalicon/ecohospital-esg-cicd/git/blobs{/sha}",
image	Construir imagem (também em pull requests)	2026-09-28T14:07:32.4369122Z             "branches_url": "https://api.github.com/repos/Kalicon/ecohospital-esg-cicd/branches{/branch}",
image	Construir imagem (também em pull requests)	2026-09-28T14:07:32.4370075Z             "clone_url": "https://github.com/Kalicon/ecohospital-esg-cicd.git",
image	Construir imagem (também em pull requests)	2026-09-28T14:07:32.4371143Z             "collaborators_url": "https://api.github.com/repos/Kalicon/ecohospital-esg-cicd/collaborators{/collaborator}",
image	Construir imagem (também em pull requests)	2026-09-28T14:07:32.4372377Z             "comments_url": "https://api.github.com/repos/Kalicon/ecohospital-esg-cicd/comments{/number}",
image	Construir imagem (também em pull requests)	2026-09-28T14:07:32.4373142Z             "commits_url": "https://api.github.com/repos/Kalicon/ecohospital-esg-cicd/commits{/sha}",
image	Construir imagem (também em pull requests)	2026-09-28T14:07:32.4373918Z             "compare_url": "https://api.github.com/repos/Kalicon/ecohospital-esg-cicd/compare/{base}...{head}",
image	Construir imagem (também em pull requests)	2026-09-28T14:07:32.4374583Z             "contents_url": "https://api.github.com/repos/Kalicon/ecohospital-esg-cicd/contents/{+path}",
image	Construir imagem (também em pull requests)	2026-09-28T14:07:32.4375259Z             "contributors_url": "https://api.github.com/repos/Kalicon/ecohospital-esg-cicd/contributors",
image	Construir imagem (também em pull requests)	2026-09-28T14:07:32.4375775Z             "created_at": 1790604030,
image	Construir imagem (também em pull requests)	2026-09-28T14:07:32.4376095Z             "default_branch": "main",
image	Construir imagem (também em pull requests)	2026-09-28T14:07:32.4376665Z             "deployments_url": "https://api.github.com/repos/Kalicon/ecohospital-esg-cicd/deployments",
image	Construir imagem (também em pull requests)	2026-09-28T14:07:32.4377631Z             "description": "EcoHospital Smart: Java Spring Boot, Docker e CI/CD acadêmico com staging e produção",
image	Construir imagem (também em pull requests)	2026-09-28T14:07:32.4378186Z             "disabled": false,
image	Construir imagem (também em pull requests)	2026-09-28T14:07:32.4378639Z             "downloads_url": "https://api.github.com/repos/Kalicon/ecohospital-esg-cicd/downloads",
image	Construir imagem (também em pull requests)	2026-09-28T14:07:32.4379234Z             "events_url": "https://api.github.com/repos/Kalicon/ecohospital-esg-cicd/events",
image	Construir imagem (também em pull requests)	2026-09-28T14:07:32.4379779Z             "fork": false,
image	Construir imagem (também em pull requests)	2026-09-28T14:07:32.4380075Z             "forks": 0,
image	Construir imagem (também em pull requests)	2026-09-28T14:07:32.4380385Z             "forks_count": 0,
image	Construir imagem (também em pull requests)	2026-09-28T14:07:32.4381118Z             "forks_url": "https://api.github.com/repos/Kalicon/ecohospital-esg-cicd/forks",
image	Construir imagem (também em pull requests)	2026-09-28T14:07:32.4381736Z             "full_name": "Kalicon/ecohospital-esg-cicd",
image	Construir imagem (também em pull requests)	2026-09-28T14:07:32.4382361Z             "git_commits_url": "https://api.github.com/repos/Kalicon/ecohospital-esg-cicd/git/commits{/sha}",
image	Construir imagem (também em pull requests)	2026-09-28T14:07:32.4383012Z             "git_refs_url": "https://api.github.com/repos/Kalicon/ecohospital-esg-cicd/git/refs{/sha}",
image	Construir imagem (também em pull requests)	2026-09-28T14:07:32.4383655Z             "git_tags_url": "https://api.github.com/repos/Kalicon/ecohospital-esg-cicd/git/tags{/sha}",
image	Construir imagem (também em pull requests)	2026-09-28T14:07:32.4384210Z             "git_url": "git://github.com/Kalicon/ecohospital-esg-cicd.git",
image	Construir imagem (também em pull requests)	2026-09-28T14:07:32.4384754Z             "has_discussions": false,
image	Construir imagem (também em pull requests)	2026-09-28T14:07:32.4385187Z             "has_downloads": true,
image	Construir imagem (também em pull requests)	2026-09-28T14:07:32.4385512Z             "has_issues": true,
image	Construir imagem (também em pull requests)	2026-09-28T14:07:32.4385919Z             "has_pages": false,
image	Construir imagem (também em pull requests)	2026-09-28T14:07:32.4386239Z             "has_projects": true,
image	Construir imagem (também em pull requests)	2026-09-28T14:07:32.4386555Z             "has_pull_requests": true,
image	Construir imagem (também em pull requests)	2026-09-28T14:07:32.4386947Z             "has_wiki": true,
image	Construir imagem (também em pull requests)	2026-09-28T14:07:32.4387285Z             "homepage": null,
image	Construir imagem (também em pull requests)	2026-09-28T14:07:32.4387728Z             "hooks_url": "https://api.github.com/repos/Kalicon/ecohospital-esg-cicd/hooks",
image	Construir imagem (também em pull requests)	2026-09-28T14:07:32.4388263Z             "html_url": "https://github.com/Kalicon/ecohospital-esg-cicd",
image	Construir imagem (também em pull requests)	2026-09-28T14:07:32.4388662Z             "id": 1392867924,
image	Construir imagem (também em pull requests)	2026-09-28T14:07:32.4389022Z             "is_template": false,
image	Construir imagem (também em pull requests)	2026-09-28T14:07:32.4389576Z             "issue_comment_url": "https://api.github.com/repos/Kalicon/ecohospital-esg-cicd/issues/comments{/number}",
image	Construir imagem (também em pull requests)	2026-09-28T14:07:32.4390300Z             "issue_events_url": "https://api.github.com/repos/Kalicon/ecohospital-esg-cicd/issues/events{/number}",
image	Construir imagem (também em pull requests)	2026-09-28T14:07:32.4391221Z             "issues_url": "https://api.github.com/repos/Kalicon/ecohospital-esg-cicd/issues{/number}",
image	Construir imagem (também em pull requests)	2026-09-28T14:07:32.4391846Z             "keys_url": "https://api.github.com/repos/Kalicon/ecohospital-esg-cicd/keys{/key_id}",
image	Construir imagem (também em pull requests)	2026-09-28T14:07:32.4392574Z             "labels_url": "https://api.github.com/repos/Kalicon/ecohospital-esg-cicd/labels{/name}",
image	Construir imagem (também em pull requests)	2026-09-28T14:07:32.4393099Z             "language": "JavaScript",
image	Construir imagem (também em pull requests)	2026-09-28T14:07:32.4393587Z             "languages_url": "https://api.github.com/repos/Kalicon/ecohospital-esg-cicd/languages",
image	Construir imagem (também em pull requests)	2026-09-28T14:07:32.4394064Z             "license": null,
image	Construir imagem (também em pull requests)	2026-09-28T14:07:32.4394390Z             "master_branch": "main",
image	Construir imagem (também em pull requests)	2026-09-28T14:07:32.4394865Z             "merges_url": "https://api.github.com/repos/Kalicon/ecohospital-esg-cicd/merges",
image	Construir imagem (também em pull requests)	2026-09-28T14:07:32.4395532Z             "milestones_url": "https://api.github.com/repos/Kalicon/ecohospital-esg-cicd/milestones{/number}",
image	Construir imagem (também em pull requests)	2026-09-28T14:07:32.4396199Z             "mirror_url": null,
image	Construir imagem (também em pull requests)	2026-09-28T14:07:32.4396532Z             "name": "ecohospital-esg-cicd",
image	Construir imagem (também em pull requests)	2026-09-28T14:07:32.4396894Z             "node_id": "R_kgDOUwV6VA",
image	Construir imagem (também em pull requests)	2026-09-28T14:07:32.4397511Z             "notifications_url": "https://api.github.com/repos/Kalicon/ecohospital-esg-cicd/notifications{?since,all,participating}",
image	Construir imagem (também em pull requests)	2026-09-28T14:07:32.4398146Z             "open_issues": 0,
image	Construir imagem (também em pull requests)	2026-09-28T14:07:32.4398476Z             "open_issues_count": 0,
image	Construir imagem (também em pull requests)	2026-09-28T14:07:32.4398815Z             "owner": {
image	Construir imagem (também em pull requests)	2026-09-28T14:07:32.4399205Z               "avatar_url": "https://avatars.githubusercontent.com/u/216019873?v=4",
image	Construir imagem (também em pull requests)	2026-09-28T14:07:32.4399705Z               "email": "kalicon.amorim@hotmail.com",
image	Construir imagem (também em pull requests)	2026-09-28T14:07:32.4400150Z               "events_url": "https://api.github.com/users/Kalicon/events{/privacy}",
image	Construir imagem (também em pull requests)	2026-09-28T14:07:32.4400867Z               "followers_url": "https://api.github.com/users/Kalicon/followers",
image	Construir imagem (também em pull requests)	2026-09-28T14:07:32.4401454Z               "following_url": "https://api.github.com/users/Kalicon/following{/other_user}",
image	Construir imagem (também em pull requests)	2026-09-28T14:07:32.4401984Z               "gists_url": "https://api.github.com/users/Kalicon/gists{/gist_id}",
image	Construir imagem (também em pull requests)	2026-09-28T14:07:32.4402440Z               "gravatar_id": "",
image	Construir imagem (também em pull requests)	2026-09-28T14:07:32.4402800Z               "html_url": "https://github.com/Kalicon",
image	Construir imagem (também em pull requests)	2026-09-28T14:07:32.4403221Z               "id": 216019873,
image	Construir imagem (também em pull requests)	2026-09-28T14:07:32.4403555Z               "login": "Kalicon",
image	Construir imagem (também em pull requests)	2026-09-28T14:07:32.4403859Z               "name": "Kalicon",
image	Construir imagem (também em pull requests)	2026-09-28T14:07:32.4404212Z               "node_id": "U_kgDODOAzoQ",
image	Construir imagem (também em pull requests)	2026-09-28T14:07:32.4404637Z               "organizations_url": "https://api.github.com/users/Kalicon/orgs",
image	Construir imagem (também em pull requests)	2026-09-28T14:07:32.4405181Z               "received_events_url": "https://api.github.com/users/Kalicon/received_events",
image	Construir imagem (também em pull requests)	2026-09-28T14:07:32.4405779Z               "repos_url": "https://api.github.com/users/Kalicon/repos",
image	Construir imagem (também em pull requests)	2026-09-28T14:07:32.4406246Z               "site_admin": false,
image	Construir imagem (também em pull requests)	2026-09-28T14:07:32.4406712Z               "starred_url": "https://api.github.com/users/Kalicon/starred{/owner}{/repo}",
image	Construir imagem (também em pull requests)	2026-09-28T14:07:32.4407271Z               "subscriptions_url": "https://api.github.com/users/Kalicon/subscriptions",
image	Construir imagem (também em pull requests)	2026-09-28T14:07:32.4407722Z               "type": "User",
image	Construir imagem (também em pull requests)	2026-09-28T14:07:32.4408138Z               "url": "https://api.github.com/users/Kalicon",
image	Construir imagem (também em pull requests)	2026-09-28T14:07:32.4408508Z               "user_view_type": "public"
image	Construir imagem (também em pull requests)	2026-09-28T14:07:32.4408856Z             },
image	Construir imagem (também em pull requests)	2026-09-28T14:07:32.4409137Z             "private": false,
image	Construir imagem (também em pull requests)	2026-09-28T14:07:32.4409469Z             "pull_request_creation_policy": "all",
image	Construir imagem (também em pull requests)	2026-09-28T14:07:32.4410048Z             "pulls_url": "https://api.github.com/repos/Kalicon/ecohospital-esg-cicd/pulls{/number}",
image	Construir imagem (também em pull requests)	2026-09-28T14:07:32.4410512Z             "pushed_at": 1790604360,
image	Construir imagem (também em pull requests)	2026-09-28T14:07:32.4411369Z             "releases_url": "https://api.github.com/repos/Kalicon/ecohospital-esg-cicd/releases{/id}",
image	Construir imagem (também em pull requests)	2026-09-28T14:07:32.4411999Z             "size": 0,
image	Construir imagem (também em pull requests)	2026-09-28T14:07:32.4412370Z             "ssh_url": "git@github.com:Kalicon/ecohospital-esg-cicd.git",
image	Construir imagem (também em pull requests)	2026-09-28T14:07:32.4412813Z             "stargazers": 0,
image	Construir imagem (também em pull requests)	2026-09-28T14:07:32.4413146Z             "stargazers_count": 0,
image	Construir imagem (também em pull requests)	2026-09-28T14:07:32.4413638Z             "stargazers_url": "https://api.github.com/repos/Kalicon/ecohospital-esg-cicd/stargazers",
image	Construir imagem (também em pull requests)	2026-09-28T14:07:32.4414460Z             "statuses_url": "https://api.github.com/repos/Kalicon/ecohospital-esg-cicd/statuses/{sha}",
image	Construir imagem (também em pull requests)	2026-09-28T14:07:32.4415214Z             "subscribers_url": "https://api.github.com/repos/Kalicon/ecohospital-esg-cicd/subscribers",
image	Construir imagem (também em pull requests)	2026-09-28T14:07:32.4415874Z             "subscription_url": "https://api.github.com/repos/Kalicon/ecohospital-esg-cicd/subscription",
image	Construir imagem (também em pull requests)	2026-09-28T14:07:32.4416463Z             "svn_url": "https://github.com/Kalicon/ecohospital-esg-cicd",
image	Construir imagem (também em pull requests)	2026-09-28T14:07:32.4417013Z             "tags_url": "https://api.github.com/repos/Kalicon/ecohospital-esg-cicd/tags",
image	Construir imagem (também em pull requests)	2026-09-28T14:07:32.4417584Z             "teams_url": "https://api.github.com/repos/Kalicon/ecohospital-esg-cicd/teams",
image	Construir imagem (também em pull requests)	2026-09-28T14:07:32.4418054Z             "topics": [],
image	Construir imagem (também em pull requests)	2026-09-28T14:07:32.4418523Z             "trees_url": "https://api.github.com/repos/Kalicon/ecohospital-esg-cicd/git/trees{/sha}",
image	Construir imagem (também em pull requests)	2026-09-28T14:07:32.4419050Z             "updated_at": "2026-09-28T14:01:40Z",
image	Construir imagem (também em pull requests)	2026-09-28T14:07:32.4419508Z             "url": "https://api.github.com/repos/Kalicon/ecohospital-esg-cicd",
image	Construir imagem (também em pull requests)	2026-09-28T14:07:32.4419945Z             "visibility": "public",
image	Construir imagem (também em pull requests)	2026-09-28T14:07:32.4420294Z             "watchers": 0,
image	Construir imagem (também em pull requests)	2026-09-28T14:07:32.4420774Z             "watchers_count": 0,
image	Construir imagem (também em pull requests)	2026-09-28T14:07:32.4421162Z             "web_commit_signoff_required": false
image	Construir imagem (também em pull requests)	2026-09-28T14:07:32.4421543Z           },
image	Construir imagem (também em pull requests)	2026-09-28T14:07:32.4421839Z           "sender": {
image	Construir imagem (também em pull requests)	2026-09-28T14:07:32.4422236Z             "avatar_url": "https://avatars.githubusercontent.com/u/216019873?v=4",
image	Construir imagem (também em pull requests)	2026-09-28T14:07:32.4422789Z             "events_url": "https://api.github.com/users/Kalicon/events{/privacy}",
image	Construir imagem (também em pull requests)	2026-09-28T14:07:32.4423308Z             "followers_url": "https://api.github.com/users/Kalicon/followers",
image	Construir imagem (também em pull requests)	2026-09-28T14:07:32.4423897Z             "following_url": "https://api.github.com/users/Kalicon/following{/other_user}",
image	Construir imagem (também em pull requests)	2026-09-28T14:07:32.4424455Z             "gists_url": "https://api.github.com/users/Kalicon/gists{/gist_id}",
image	Construir imagem (também em pull requests)	2026-09-28T14:07:32.4424879Z             "gravatar_id": "",
image	Construir imagem (também em pull requests)	2026-09-28T14:07:32.4425245Z             "html_url": "https://github.com/Kalicon",
image	Construir imagem (também em pull requests)	2026-09-28T14:07:32.4425602Z             "id": 216019873,
image	Construir imagem (também em pull requests)	2026-09-28T14:07:32.4425960Z             "login": "Kalicon",
image	Construir imagem (também em pull requests)	2026-09-28T14:07:32.4426303Z             "node_id": "U_kgDODOAzoQ",
image	Construir imagem (também em pull requests)	2026-09-28T14:07:32.4426723Z             "organizations_url": "https://api.github.com/users/Kalicon/orgs",
image	Construir imagem (também em pull requests)	2026-09-28T14:07:32.4427265Z             "received_events_url": "https://api.github.com/users/Kalicon/received_events",
image	Construir imagem (também em pull requests)	2026-09-28T14:07:32.4427768Z             "repos_url": "https://api.github.com/users/Kalicon/repos",
image	Construir imagem (também em pull requests)	2026-09-28T14:07:32.4428278Z             "site_admin": false,
image	Construir imagem (também em pull requests)	2026-09-28T14:07:32.4428740Z             "starred_url": "https://api.github.com/users/Kalicon/starred{/owner}{/repo}",
image	Construir imagem (também em pull requests)	2026-09-28T14:07:32.4429298Z             "subscriptions_url": "https://api.github.com/users/Kalicon/subscriptions",
image	Construir imagem (também em pull requests)	2026-09-28T14:07:32.4429767Z             "type": "User",
image	Construir imagem (também em pull requests)	2026-09-28T14:07:32.4430120Z             "url": "https://api.github.com/users/Kalicon",
image	Construir imagem (também em pull requests)	2026-09-28T14:07:32.4430518Z             "user_view_type": "public"
image	Construir imagem (também em pull requests)	2026-09-28T14:07:32.4431138Z           }
image	Construir imagem (também em pull requests)	2026-09-28T14:07:32.4431410Z         },
image	Construir imagem (também em pull requests)	2026-09-28T14:07:32.4431700Z         "github_job": "image",
image	Construir imagem (também em pull requests)	2026-09-28T14:07:32.4432028Z         "github_ref": "refs/heads/main",
image	Construir imagem (também em pull requests)	2026-09-28T14:07:32.4432384Z         "github_ref_name": "main",
image	Construir imagem (também em pull requests)	2026-09-28T14:07:32.4432751Z         "github_ref_protected": "false",
image	Construir imagem (também em pull requests)	2026-09-28T14:07:32.4433128Z         "github_ref_type": "branch",
image	Construir imagem (também em pull requests)	2026-09-28T14:07:32.4433534Z         "github_repository": "Kalicon/ecohospital-esg-cicd",
image	Construir imagem (também em pull requests)	2026-09-28T14:07:32.4433937Z         "github_repository_id": "1392867924",
image	Construir imagem (também em pull requests)	2026-09-28T14:07:32.4434335Z         "github_repository_owner": "Kalicon",
image	Construir imagem (também em pull requests)	2026-09-28T14:07:32.4434700Z         "github_repository_owner_id": "216019873",
image	Construir imagem (também em pull requests)	2026-09-28T14:07:32.4435093Z         "github_run_attempt": "1",
image	Construir imagem (também em pull requests)	2026-09-28T14:07:32.4435432Z         "github_run_id": "36433415005",
image	Construir imagem (também em pull requests)	2026-09-28T14:07:32.4435775Z         "github_run_number": "2",
image	Construir imagem (também em pull requests)	2026-09-28T14:07:32.4436203Z         "github_runner_arch": "X64",
image	Construir imagem (também em pull requests)	2026-09-28T14:07:32.4436569Z         "github_runner_environment": "github-hosted",
image	Construir imagem (também em pull requests)	2026-09-28T14:07:32.4436934Z         "github_runner_image_os": "ubuntu24",
image	Construir imagem (também em pull requests)	2026-09-28T14:07:32.4437377Z         "github_runner_image_version": "20260920.314.1",
image	Construir imagem (também em pull requests)	2026-09-28T14:07:32.4437772Z         "github_runner_name": "GitHub Actions 1000000261",
image	Construir imagem (também em pull requests)	2026-09-28T14:07:32.4438181Z         "github_runner_os": "Linux",
image	Construir imagem (também em pull requests)	2026-09-28T14:07:32.4438621Z         "github_runner_tracking_id": "github_85b42691-e585-45b1-bf9c-c67c99cfe7a7",
image	Construir imagem (também em pull requests)	2026-09-28T14:07:32.4439106Z         "github_server_url": "https://github.com",
image	Construir imagem (também em pull requests)	2026-09-28T14:07:32.4439535Z         "github_triggering_actor": "Kalicon",
image	Construir imagem (também em pull requests)	2026-09-28T14:07:32.4439950Z         "github_workflow": "EcoHospital CI/CD",
image	Construir imagem (também em pull requests)	2026-09-28T14:07:32.4440515Z         "github_workflow_ref": "Kalicon/ecohospital-esg-cicd/.github/workflows/ci-cd.yml@refs/heads/main",
image	Construir imagem (também em pull requests)	2026-09-28T14:07:32.4441195Z         "github_workflow_sha": "5b00e1eff60e82993258fdec04263a57fb462e49",
image	Construir imagem (também em pull requests)	2026-09-28T14:07:32.4441585Z         "platform": "linux/amd64"
image	Construir imagem (também em pull requests)	2026-09-28T14:07:32.4441910Z       }
image	Construir imagem (também em pull requests)	2026-09-28T14:07:32.4442205Z     }
image	Construir imagem (também em pull requests)	2026-09-28T14:07:32.4442457Z   },
image	Construir imagem (também em pull requests)	2026-09-28T14:07:32.4443011Z   "buildx.build.ref": "builder-d9c861de-ee7e-4507-af23-f0f19639b08e/builder-d9c861de-ee7e-4507-af23-f0f19639b08e0/rr4fav7a3sxeox3h8o8mm5jm5",
image	Construir imagem (também em pull requests)	2026-09-28T14:07:32.4443859Z   "containerimage.config.digest": "sha256:f109428ac825ab3ad02538fb397e49b2ebcaa68947e4d44c060b6d84cc76687d",
image	Construir imagem (também em pull requests)	2026-09-28T14:07:32.4444452Z   "containerimage.descriptor": {
image	Construir imagem (também em pull requests)	2026-09-28T14:07:32.4444916Z     "mediaType": "application/vnd.oci.image.manifest.v1+json",
image	Construir imagem (também em pull requests)	2026-09-28T14:07:32.4445456Z     "digest": "sha256:0167175c5c184394e9bd1f1d30921d5ae238d5cbe73ee583949e46c9763f0dd4",
image	Construir imagem (também em pull requests)	2026-09-28T14:07:32.4445914Z     "size": 1814,
image	Construir imagem (também em pull requests)	2026-09-28T14:07:32.4446185Z     "annotations": {
image	Construir imagem (também em pull requests)	2026-09-28T14:07:32.4446584Z       "org.opencontainers.image.created": "2026-09-28T14:07:17Z"
image	Construir imagem (também em pull requests)	2026-09-28T14:07:32.4446994Z     },
image	Construir imagem (também em pull requests)	2026-09-28T14:07:32.4447311Z     "platform": {
image	Construir imagem (também em pull requests)	2026-09-28T14:07:32.4447603Z       "architecture": "amd64",
image	Construir imagem (também em pull requests)	2026-09-28T14:07:32.4447897Z       "os": "linux"
image	Construir imagem (também em pull requests)	2026-09-28T14:07:32.4448205Z     }
image	Construir imagem (também em pull requests)	2026-09-28T14:07:32.4448752Z   },
image	Construir imagem (também em pull requests)	2026-09-28T14:07:32.4449198Z   "containerimage.digest": "sha256:0167175c5c184394e9bd1f1d30921d5ae238d5cbe73ee583949e46c9763f0dd4",
image	Construir imagem (também em pull requests)	2026-09-28T14:07:32.4449930Z   "image.name": "ghcr.io/kalicon/ecohospital-esg-cicd:5b00e1eff60e82993258fdec04263a57fb462e49"
image	Construir imagem (também em pull requests)	2026-09-28T14:07:32.4450406Z }
image	Construir imagem (também em pull requests)	2026-09-28T14:07:32.4451384Z ::***::
image	Construir imagem (também em pull requests)	2026-09-28T14:07:32.4451874Z ##[endgroup]
image	Construir imagem (também em pull requests)	2026-09-28T14:07:32.4452501Z ##[group]Reference
image	Construir imagem (também em pull requests)	2026-09-28T14:07:32.4453046Z builder-d9c861de-ee7e-4507-af23-f0f19639b08e/builder-d9c861de-ee7e-4507-af23-f0f19639b08e0/rr4fav7a3sxeox3h8o8mm5jm5
image	Construir imagem (também em pull requests)	2026-09-28T14:07:32.4453868Z ##[endgroup]
image	Construir imagem (também em pull requests)	2026-09-28T14:07:32.4454378Z ##[group]Check build summary support
image	Construir imagem (também em pull requests)	2026-09-28T14:07:32.4454913Z Build summary supported!
image	Construir imagem (também em pull requests)	2026-09-28T14:07:32.4455415Z ##[endgroup]
image	Testar imagem, usuário, volume e healthcheck	﻿2026-09-28T14:07:32.4522356Z ##[group]Run set -euo pipefail
image	Testar imagem, usuário, volume e healthcheck	2026-09-28T14:07:32.4522865Z ^[[36;1mset -euo pipefail^[[0m
image	Testar imagem, usuário, volume e healthcheck	2026-09-28T14:07:32.4523431Z ^[[36;1mtrap 'docker rm -f esg-smoke >/dev/null 2>&1 || true; docker volume rm esg-smoke-data >/dev/null 2>&1 || true' EXIT^[[0m
image	Testar imagem, usuário, volume e healthcheck	2026-09-28T14:07:32.4524266Z ^[[36;1mdocker run -d --name esg-smoke -p 127.0.0.1:18080:8080 -e APP_ENV=ci -v esg-smoke-data:/app/data "$IMAGE"^[[0m
image	Testar imagem, usuário, volume e healthcheck	2026-09-28T14:07:32.4524827Z ^[[36;1mfor attempt in $(seq 1 60); do^[[0m
image	Testar imagem, usuário, volume e healthcheck	2026-09-28T14:07:32.4525279Z ^[[36;1m  state=$(docker inspect --format '{{.State.Health.Status}}' esg-smoke)^[[0m
image	Testar imagem, usuário, volume e healthcheck	2026-09-28T14:07:32.4525753Z ^[[36;1m  [[ "$state" == healthy ]] && break^[[0m
image	Testar imagem, usuário, volume e healthcheck	2026-09-28T14:07:32.4526182Z ^[[36;1m  [[ "$state" == unhealthy ]] && { docker logs esg-smoke; exit 1; }^[[0m
image	Testar imagem, usuário, volume e healthcheck	2026-09-28T14:07:32.4526645Z ^[[36;1m  sleep 2^[[0m
image	Testar imagem, usuário, volume e healthcheck	2026-09-28T14:07:32.4526944Z ^[[36;1mdone^[[0m
image	Testar imagem, usuário, volume e healthcheck	2026-09-28T14:07:32.4527365Z ^[[36;1m[[ "$(docker inspect --format '{{.State.Health.Status}}' esg-smoke)" == healthy ]]^[[0m
image	Testar imagem, usuário, volume e healthcheck	2026-09-28T14:07:32.4527879Z ^[[36;1m[[ "$(docker exec esg-smoke id -u)" == 10001 ]]^[[0m
image	Testar imagem, usuário, volume e healthcheck	2026-09-28T14:07:32.4528507Z ^[[36;1mmkdir -p evidence^[[0m
image	Testar imagem, usuário, volume e healthcheck	2026-09-28T14:07:32.4529012Z ^[[36;1mcurl --fail --silent http://localhost:18080/health > evidence/container-health.json^[[0m
image	Testar imagem, usuário, volume e healthcheck	2026-09-28T14:07:32.4529534Z ^[[36;1mpython3 - <<'PY'^[[0m
image	Testar imagem, usuário, volume e healthcheck	2026-09-28T14:07:32.4529851Z ^[[36;1mimport json, os^[[0m
image	Testar imagem, usuário, volume e healthcheck	2026-09-28T14:07:32.4530221Z ^[[36;1mwith open('evidence/container-health.json') as f:^[[0m
image	Testar imagem, usuário, volume e healthcheck	2026-09-28T14:07:32.4530788Z ^[[36;1m    data = json.load(f)^[[0m
image	Testar imagem, usuário, volume e healthcheck	2026-09-28T14:07:32.4531297Z ^[[36;1massert data == {'status': 'UP', 'environment': 'ci', 'version': os.environ['GITHUB_SHA']}, data^[[0m
image	Testar imagem, usuário, volume e healthcheck	2026-09-28T14:07:32.4531818Z ^[[36;1mPY^[[0m
image	Testar imagem, usuário, volume e healthcheck	2026-09-28T14:07:32.4532250Z ^[[36;1mcurl --fail --silent -X POST http://localhost:18080/api/telemetria/simular >/dev/null^[[0m
image	Testar imagem, usuário, volume e healthcheck	2026-09-28T14:07:32.4532761Z ^[[36;1mdocker restart esg-smoke^[[0m
image	Testar imagem, usuário, volume e healthcheck	2026-09-28T14:07:32.4533114Z ^[[36;1msleep 5^[[0m
image	Testar imagem, usuário, volume e healthcheck	2026-09-28T14:07:32.4533437Z ^[[36;1mfor attempt in $(seq 1 30); do^[[0m
image	Testar imagem, usuário, volume e healthcheck	2026-09-28T14:07:32.4533976Z ^[[36;1m  curl --fail --silent http://localhost:18080/api/kpis > evidence/container-kpis.json && break^[[0m
image	Testar imagem, usuário, volume e healthcheck	2026-09-28T14:07:32.4534494Z ^[[36;1m  sleep 2^[[0m
image	Testar imagem, usuário, volume e healthcheck	2026-09-28T14:07:32.4534817Z ^[[36;1mdone^[[0m
image	Testar imagem, usuário, volume e healthcheck	2026-09-28T14:07:32.4535107Z ^[[36;1mpython3 - <<'PY'^[[0m
image	Testar imagem, usuário, volume e healthcheck	2026-09-28T14:07:32.4535447Z ^[[36;1mimport json^[[0m
image	Testar imagem, usuário, volume e healthcheck	2026-09-28T14:07:32.4535789Z ^[[36;1mwith open('evidence/container-kpis.json') as f:^[[0m
image	Testar imagem, usuário, volume e healthcheck	2026-09-28T14:07:32.4536218Z ^[[36;1m    data = json.load(f)^[[0m
image	Testar imagem, usuário, volume e healthcheck	2026-09-28T14:07:32.4536609Z ^[[36;1massert data['totalLeiturasIot'] == 11, data^[[0m
image	Testar imagem, usuário, volume e healthcheck	2026-09-28T14:07:32.4536964Z ^[[36;1mPY^[[0m
image	Testar imagem, usuário, volume e healthcheck	2026-09-28T14:07:32.4577379Z shell: /usr/bin/bash --noprofile --norc -e -o pipefail {0}
image	Testar imagem, usuário, volume e healthcheck	2026-09-28T14:07:32.4577883Z env:
image	Testar imagem, usuário, volume e healthcheck	2026-09-28T14:07:32.4578378Z   IMAGE: ghcr.io/kalicon/ecohospital-esg-cicd:5b00e1eff60e82993258fdec04263a57fb462e49
image	Testar imagem, usuário, volume e healthcheck	2026-09-28T14:07:32.4578885Z ##[endgroup]
image	Testar imagem, usuário, volume e healthcheck	2026-09-28T14:07:32.4982036Z 36355dafe3a0ce341156d65d80d53761dad106ee3d90b03fd9a2321ea3014f68
image	Testar imagem, usuário, volume e healthcheck	2026-09-28T14:07:39.0680522Z esg-smoke
image	Autenticar no GHCR	﻿2026-09-28T14:07:44.4055790Z ##[group]Run docker/login-action@v4
image	Autenticar no GHCR	2026-09-28T14:07:44.4056177Z with:
image	Autenticar no GHCR	2026-09-28T14:07:44.4056433Z   registry: ghcr.io
image	Autenticar no GHCR	2026-09-28T14:07:44.4056722Z   username: Kalicon
image	Autenticar no GHCR	2026-09-28T14:07:44.4058890Z   password: ***
image	Autenticar no GHCR	2026-09-28T14:07:44.4059182Z   logout: true
image	Autenticar no GHCR	2026-09-28T14:07:44.4059444Z env:
image	Autenticar no GHCR	2026-09-28T14:07:44.4059821Z   IMAGE: ghcr.io/kalicon/ecohospital-esg-cicd:5b00e1eff60e82993258fdec04263a57fb462e49
image	Autenticar no GHCR	2026-09-28T14:07:44.4060345Z ##[endgroup]
image	Autenticar no GHCR	2026-09-28T14:07:44.5830441Z Logging into ghcr.io...
image	Autenticar no GHCR	2026-09-28T14:07:45.2325974Z Login Succeeded!
image	Publicar imagem testada e obter digest imutável	﻿2026-09-28T14:07:45.2425412Z ##[group]Run docker push "$IMAGE"
image	Publicar imagem testada e obter digest imutável	2026-09-28T14:07:45.2425861Z ^[[36;1mdocker push "$IMAGE"^[[0m
image	Publicar imagem testada e obter digest imutável	2026-09-28T14:07:45.2426320Z ^[[36;1mreference=$(docker inspect --format '{{index .RepoDigests 0}}' "$IMAGE")^[[0m
image	Publicar imagem testada e obter digest imutável	2026-09-28T14:07:45.2426830Z ^[[36;1m[[ "$reference" == ghcr.io/*@sha256:* ]]^[[0m
image	Publicar imagem testada e obter digest imutável	2026-09-28T14:07:45.2427251Z ^[[36;1mecho "reference=$reference" >> "$GITHUB_OUTPUT"^[[0m
image	Publicar imagem testada e obter digest imutável	2026-09-28T14:07:45.2464936Z shell: /usr/bin/bash -e {0}
image	Publicar imagem testada e obter digest imutável	2026-09-28T14:07:45.2465314Z env:
image	Publicar imagem testada e obter digest imutável	2026-09-28T14:07:45.2465865Z   IMAGE: ghcr.io/kalicon/ecohospital-esg-cicd:5b00e1eff60e82993258fdec04263a57fb462e49
image	Publicar imagem testada e obter digest imutável	2026-09-28T14:07:45.2466363Z ##[endgroup]
image	Publicar imagem testada e obter digest imutável	2026-09-28T14:07:45.2960297Z The push refers to repository [ghcr.io/kalicon/ecohospital-esg-cicd]
image	Publicar imagem testada e obter digest imutável	2026-09-28T14:07:45.4752793Z 93575436d199: Preparing
image	Publicar imagem testada e obter digest imutável	2026-09-28T14:07:45.4753436Z 5f70bf18a086: Preparing
image	Publicar imagem testada e obter digest imutável	2026-09-28T14:07:45.4753824Z deb90161a20d: Preparing
image	Publicar imagem testada e obter digest imutável	2026-09-28T14:07:45.4754250Z 3369dc194fd5: Preparing
image	Publicar imagem testada e obter digest imutável	2026-09-28T14:07:45.4754634Z fada8f6cd3ba: Preparing
image	Publicar imagem testada e obter digest imutável	2026-09-28T14:07:45.4755015Z 47cdf397e38d: Preparing
image	Publicar imagem testada e obter digest imutável	2026-09-28T14:07:45.4755598Z d5878fe0c5eb: Preparing
image	Publicar imagem testada e obter digest imutável	2026-09-28T14:07:45.4756018Z ea16cace8933: Preparing
image	Publicar imagem testada e obter digest imutável	2026-09-28T14:07:45.4756388Z 47cdf397e38d: Waiting
image	Publicar imagem testada e obter digest imutável	2026-09-28T14:07:45.4756894Z d5878fe0c5eb: Waiting
image	Publicar imagem testada e obter digest imutável	2026-09-28T14:07:45.4757409Z ea16cace8933: Waiting
image	Publicar imagem testada e obter digest imutável	2026-09-28T14:07:45.8987773Z 5f70bf18a086: Layer already exists
image	Publicar imagem testada e obter digest imutável	2026-09-28T14:07:47.0728367Z fada8f6cd3ba: Pushed
image	Publicar imagem testada e obter digest imutável	2026-09-28T14:07:47.1325335Z 3369dc194fd5: Pushed
image	Publicar imagem testada e obter digest imutável	2026-09-28T14:07:47.3258703Z ea16cace8933: Layer already exists
image	Publicar imagem testada e obter digest imutável	2026-09-28T14:07:47.5894497Z deb90161a20d: Pushed
image	Publicar imagem testada e obter digest imutável	2026-09-28T14:07:48.8491979Z 93575436d199: Pushed
image	Publicar imagem testada e obter digest imutável	2026-09-28T14:07:50.4277373Z d5878fe0c5eb: Pushed
image	Publicar imagem testada e obter digest imutável	2026-09-28T14:07:52.7654740Z 47cdf397e38d: Pushed
image	Publicar imagem testada e obter digest imutável	2026-09-28T14:07:55.4687010Z 5b00e1eff60e82993258fdec04263a57fb462e49: digest: sha256:443ba973654cfd1cf9b0992f6f746d0c24eb1ef9b4d4a4562f2580c4eba03a3d size: 1994
image	Run actions/upload-artifact@v7	﻿2026-09-28T14:07:55.4910427Z ##[group]Run actions/upload-artifact@v7
image	Run actions/upload-artifact@v7	2026-09-28T14:07:55.4911028Z with:
image	Run actions/upload-artifact@v7	2026-09-28T14:07:55.4911371Z   name: container-evidence-5b00e1eff60e82993258fdec04263a57fb462e49
image	Run actions/upload-artifact@v7	2026-09-28T14:07:55.4911801Z   path: evidence/
image	Run actions/upload-artifact@v7	2026-09-28T14:07:55.4912099Z   if-no-files-found: warn
image	Run actions/upload-artifact@v7	2026-09-28T14:07:55.4912388Z   compression-level: 6
image	Run actions/upload-artifact@v7	2026-09-28T14:07:55.4912672Z   overwrite: false
image	Run actions/upload-artifact@v7	2026-09-28T14:07:55.4912964Z   include-hidden-files: false
image	Run actions/upload-artifact@v7	2026-09-28T14:07:55.4913279Z   archive: true
image	Run actions/upload-artifact@v7	2026-09-28T14:07:55.4913553Z env:
image	Run actions/upload-artifact@v7	2026-09-28T14:07:55.4913938Z   IMAGE: ghcr.io/kalicon/ecohospital-esg-cicd:5b00e1eff60e82993258fdec04263a57fb462e49
image	Run actions/upload-artifact@v7	2026-09-28T14:07:55.4914397Z ##[endgroup]
image	Run actions/upload-artifact@v7	2026-09-28T14:07:55.6154531Z With the provided path, there will be 2 files uploaded
image	Run actions/upload-artifact@v7	2026-09-28T14:07:55.6159009Z Artifact name is valid!
image	Run actions/upload-artifact@v7	2026-09-28T14:07:55.6159713Z Root directory input is valid!
image	Run actions/upload-artifact@v7	2026-09-28T14:07:55.9814368Z Uploading artifact: container-evidence-5b00e1eff60e82993258fdec04263a57fb462e49.zip
image	Run actions/upload-artifact@v7	2026-09-28T14:07:55.9815025Z Beginning upload of artifact content to blob storage
image	Run actions/upload-artifact@v7	2026-09-28T14:07:56.2325733Z Uploaded bytes 520
image	Run actions/upload-artifact@v7	2026-09-28T14:07:56.2902290Z Finished uploading artifact content to blob storage!
image	Run actions/upload-artifact@v7	2026-09-28T14:07:56.2903085Z SHA256 digest of uploaded artifact is 056018d29ba66e83cab131ca010df63afcfe0bcac94fd9b25a3a1453c0a7e2a3
image	Run actions/upload-artifact@v7	2026-09-28T14:07:56.2903780Z Finalizing artifact upload
image	Run actions/upload-artifact@v7	2026-09-28T14:07:56.7036582Z Artifact container-evidence-5b00e1eff60e82993258fdec04263a57fb462e49 successfully finalized. Artifact ID 10974536641
image	Run actions/upload-artifact@v7	2026-09-28T14:07:56.7038140Z Artifact container-evidence-5b00e1eff60e82993258fdec04263a57fb462e49 has been successfully uploaded! Final size is 520 bytes. Artifact ID is 10974536641
image	Run actions/upload-artifact@v7	2026-09-28T14:07:56.7041822Z Artifact download URL: https://github.com/Kalicon/ecohospital-esg-cicd/actions/runs/36433415005/artifacts/10974536641
image	Post Autenticar no GHCR	﻿2026-09-28T14:07:56.7154921Z Post job cleanup.
image	Post Autenticar no GHCR	2026-09-28T14:07:56.8897489Z ##[group]Logout from ghcr.io
image	Post Autenticar no GHCR	2026-09-28T14:07:56.8954727Z [command]/usr/bin/docker logout ghcr.io
image	Post Autenticar no GHCR	2026-09-28T14:07:56.9086111Z Removing login credentials for ghcr.io
image	Post Autenticar no GHCR	2026-09-28T14:07:56.9108686Z ##[endgroup]
image	Post Autenticar no GHCR	2026-09-28T14:07:56.9109421Z ##[group]Post cache
image	Post Autenticar no GHCR	2026-09-28T14:07:56.9109843Z State not set
image	Post Autenticar no GHCR	2026-09-28T14:07:56.9111115Z ##[endgroup]
image	Post Construir imagem (também em pull requests)	﻿2026-09-28T14:07:56.9263217Z Post job cleanup.
image	Post Construir imagem (também em pull requests)	2026-09-28T14:07:57.1336919Z ##[group]Generating build summary
image	Post Construir imagem (também em pull requests)	2026-09-28T14:07:57.1947817Z exporting build record to /home/runner/work/_temp/docker-actions-toolkit-hZBwkf/export
image	Post Construir imagem (também em pull requests)	2026-09-28T14:07:57.2914914Z [command]/usr/bin/docker buildx history export --builder builder-d9c861de-ee7e-4507-af23-f0f19639b08e --output /home/runner/work/_temp/docker-actions-toolkit-hZBwkf/export/Kalicon~ecohospital-esg-cicd~RR4FAV.dockerbuild rr4fav7a3sxeox3h8o8mm5jm5 --finalize
image	Post Construir imagem (também em pull requests)	2026-09-28T14:07:57.4472256Z Build record written to /home/runner/work/_temp/docker-actions-toolkit-hZBwkf/export/Kalicon~ecohospital-esg-cicd~RR4FAV.dockerbuild (40.98 KB)
image	Post Construir imagem (também em pull requests)	2026-09-28T14:07:57.4474066Z Uploading Kalicon~ecohospital-esg-cicd~RR4FAV.dockerbuild as an artifact
image	Post Construir imagem (também em pull requests)	2026-09-28T14:07:57.4474788Z Artifact name is valid!
image	Post Construir imagem (também em pull requests)	2026-09-28T14:07:57.4475241Z Root directory input is valid!
image	Post Construir imagem (também em pull requests)	2026-09-28T14:07:57.7942691Z Uploading artifact: Kalicon~ecohospital-esg-cicd~RR4FAV.dockerbuild
image	Post Construir imagem (também em pull requests)	2026-09-28T14:07:57.7974524Z Beginning upload of artifact content to blob storage
image	Post Construir imagem (também em pull requests)	2026-09-28T14:07:58.1183935Z Uploaded bytes 41963
image	Post Construir imagem (também em pull requests)	2026-09-28T14:07:58.1746512Z Finished uploading artifact content to blob storage!
image	Post Construir imagem (também em pull requests)	2026-09-28T14:07:58.1747489Z SHA256 digest of uploaded artifact is fae18809e884ca5f80253683a92b141e512a7bd961439e17364dc93c4cc048fc
image	Post Construir imagem (também em pull requests)	2026-09-28T14:07:58.1748154Z Finalizing artifact upload
image	Post Construir imagem (também em pull requests)	2026-09-28T14:07:58.5641743Z Artifact Kalicon~ecohospital-esg-cicd~RR4FAV.dockerbuild successfully finalized. Artifact ID 10974776158
image	Post Construir imagem (também em pull requests)	2026-09-28T14:07:58.5642704Z Artifact download URL: https://github.com/Kalicon/ecohospital-esg-cicd/actions/runs/36433415005/artifacts/10974776158
image	Post Construir imagem (também em pull requests)	2026-09-28T14:07:58.5670946Z Writing summary
image	Post Construir imagem (também em pull requests)	2026-09-28T14:07:58.5681675Z ##[endgroup]
image	Post Construir imagem (também em pull requests)	2026-09-28T14:07:58.5682326Z ##[group]Removing temp folder /home/runner/work/_temp/docker-actions-toolkit-Sbqzly
image	Post Construir imagem (também em pull requests)	2026-09-28T14:07:58.5688637Z ##[endgroup]
image	Post Construir imagem (também em pull requests)	2026-09-28T14:07:58.5689092Z ##[group]Post cache
image	Post Construir imagem (também em pull requests)	2026-09-28T14:07:58.5689761Z State not set
image	Post Construir imagem (também em pull requests)	2026-09-28T14:07:58.5690198Z ##[endgroup]
image	Post Run docker/setup-buildx-action@v4	﻿2026-09-28T14:07:58.5805539Z Post job cleanup.
image	Post Run docker/setup-buildx-action@v4	2026-09-28T14:07:58.7381410Z ##[group]Removing builder
image	Post Run docker/setup-buildx-action@v4	2026-09-28T14:07:58.8439784Z [command]/usr/bin/docker buildx rm builder-d9c861de-ee7e-4507-af23-f0f19639b08e
image	Post Run docker/setup-buildx-action@v4	2026-09-28T14:07:59.0415051Z builder-d9c861de-ee7e-4507-af23-f0f19639b08e removed
image	Post Run docker/setup-buildx-action@v4	2026-09-28T14:07:59.0435616Z ##[endgroup]
image	Post Run docker/setup-buildx-action@v4	2026-09-28T14:07:59.0436506Z ##[group]Cleaning up certificates
image	Post Run docker/setup-buildx-action@v4	2026-09-28T14:07:59.0438418Z ##[endgroup]
image	Post Run docker/setup-buildx-action@v4	2026-09-28T14:07:59.0438917Z ##[group]Post cache
image	Post Run docker/setup-buildx-action@v4	2026-09-28T14:07:59.0439604Z State not set
image	Post Run docker/setup-buildx-action@v4	2026-09-28T14:07:59.0440087Z ##[endgroup]
image	Post Run actions/checkout@v7	﻿2026-09-28T14:07:59.0559025Z Post job cleanup.
image	Post Run actions/checkout@v7	2026-09-28T14:07:59.1261329Z [command]/usr/bin/git version
image	Post Run actions/checkout@v7	2026-09-28T14:07:59.1294650Z git version 2.55.0
image	Post Run actions/checkout@v7	2026-09-28T14:07:59.1327781Z Temporarily overriding HOME='/home/runner/work/_temp/ab29d32e-6012-49b6-905f-462628520579' before making global git config changes
image	Post Run actions/checkout@v7	2026-09-28T14:07:59.1328976Z Adding repository directory to the temporary git global config as a safe directory
image	Post Run actions/checkout@v7	2026-09-28T14:07:59.1332304Z [command]/usr/bin/git config --global --add safe.directory /home/runner/work/ecohospital-esg-cicd/ecohospital-esg-cicd
image	Post Run actions/checkout@v7	2026-09-28T14:07:59.1359038Z Removing SSH command configuration
image	Post Run actions/checkout@v7	2026-09-28T14:07:59.1365205Z [command]/usr/bin/git config --local --name-only --get-regexp core\.sshCommand
image	Post Run actions/checkout@v7	2026-09-28T14:07:59.1393069Z [command]/usr/bin/git submodule foreach --recursive sh -c "git config --local --name-only --get-regexp 'core\.sshCommand' && git config --local --unset-all 'core.sshCommand' || :"
image	Post Run actions/checkout@v7	2026-09-28T14:07:59.1572180Z Removing HTTP extra header
image	Post Run actions/checkout@v7	2026-09-28T14:07:59.1577022Z [command]/usr/bin/git config --local --name-only --get-regexp http\.https\:\/\/github\.com\/\.extraheader
image	Post Run actions/checkout@v7	2026-09-28T14:07:59.1603872Z [command]/usr/bin/git submodule foreach --recursive sh -c "git config --local --name-only --get-regexp 'http\.https\:\/\/github\.com\/\.extraheader' && git config --local --unset-all 'http.https://github.com/.extraheader' || :"
image	Post Run actions/checkout@v7	2026-09-28T14:07:59.1779776Z Removing includeIf entries pointing to credentials config files
image	Post Run actions/checkout@v7	2026-09-28T14:07:59.1785660Z [command]/usr/bin/git config --local --name-only --get-regexp ^includeIf\.gitdir:
image	Post Run actions/checkout@v7	2026-09-28T14:07:59.1804797Z includeif.gitdir:/home/runner/work/ecohospital-esg-cicd/ecohospital-esg-cicd/.git.path
image	Post Run actions/checkout@v7	2026-09-28T14:07:59.1806010Z includeif.gitdir:/home/runner/work/ecohospital-esg-cicd/ecohospital-esg-cicd/.git/worktrees/*.path
image	Post Run actions/checkout@v7	2026-09-28T14:07:59.1807003Z includeif.gitdir:/github/workspace/.git.path
image	Post Run actions/checkout@v7	2026-09-28T14:07:59.1807724Z includeif.gitdir:/github/workspace/.git/worktrees/*.path
image	Post Run actions/checkout@v7	2026-09-28T14:07:59.1812363Z [command]/usr/bin/git config --local --get-all includeif.gitdir:/home/runner/work/ecohospital-esg-cicd/ecohospital-esg-cicd/.git.path
image	Post Run actions/checkout@v7	2026-09-28T14:07:59.1829045Z /home/runner/work/_temp/git-credentials-5857d52a-f4e0-4145-b702-3da1e10da948.config
image	Post Run actions/checkout@v7	2026-09-28T14:07:59.1837400Z [command]/usr/bin/git config --local --unset includeif.gitdir:/home/runner/work/ecohospital-esg-cicd/ecohospital-esg-cicd/.git.path \/home\/runner\/work\/_temp\/git\-credentials\-5857d52a\-f4e0\-4145\-b702\-3da1e10da948\.config
image	Post Run actions/checkout@v7	2026-09-28T14:07:59.1867631Z [command]/usr/bin/git config --local --get-all includeif.gitdir:/home/runner/work/ecohospital-esg-cicd/ecohospital-esg-cicd/.git/worktrees/*.path
image	Post Run actions/checkout@v7	2026-09-28T14:07:59.1885609Z /home/runner/work/_temp/git-credentials-5857d52a-f4e0-4145-b702-3da1e10da948.config
image	Post Run actions/checkout@v7	2026-09-28T14:07:59.1901122Z [command]/usr/bin/git config --local --unset includeif.gitdir:/home/runner/work/ecohospital-esg-cicd/ecohospital-esg-cicd/.git/worktrees/*.path \/home\/runner\/work\/_temp\/git\-credentials\-5857d52a\-f4e0\-4145\-b702\-3da1e10da948\.config
image	Post Run actions/checkout@v7	2026-09-28T14:07:59.1926453Z [command]/usr/bin/git config --local --get-all includeif.gitdir:/github/workspace/.git.path
image	Post Run actions/checkout@v7	2026-09-28T14:07:59.1944401Z /github/runner_temp/git-credentials-5857d52a-f4e0-4145-b702-3da1e10da948.config
image	Post Run actions/checkout@v7	2026-09-28T14:07:59.1950229Z [command]/usr/bin/git config --local --unset includeif.gitdir:/github/workspace/.git.path \/github\/runner_temp\/git\-credentials\-5857d52a\-f4e0\-4145\-b702\-3da1e10da948\.config
image	Post Run actions/checkout@v7	2026-09-28T14:07:59.1975844Z [command]/usr/bin/git config --local --get-all includeif.gitdir:/github/workspace/.git/worktrees/*.path
image	Post Run actions/checkout@v7	2026-09-28T14:07:59.1993131Z /github/runner_temp/git-credentials-5857d52a-f4e0-4145-b702-3da1e10da948.config
image	Post Run actions/checkout@v7	2026-09-28T14:07:59.1999471Z [command]/usr/bin/git config --local --unset includeif.gitdir:/github/workspace/.git/worktrees/*.path \/github\/runner_temp\/git\-credentials\-5857d52a\-f4e0\-4145\-b702\-3da1e10da948\.config
image	Post Run actions/checkout@v7	2026-09-28T14:07:59.2027988Z [command]/usr/bin/git submodule foreach --recursive git config --local --show-origin --name-only --get-regexp remote.origin.url
image	Post Run actions/checkout@v7	2026-09-28T14:07:59.2244451Z Removing credentials config '/home/runner/work/_temp/git-credentials-5857d52a-f4e0-4145-b702-3da1e10da948.config'
image	Complete job	﻿2026-09-28T14:07:59.2376349Z Evaluate and set job outputs
image	Complete job	2026-09-28T14:07:59.2382724Z Set output 'reference'
image	Complete job	2026-09-28T14:07:59.2384320Z Cleaning up orphan processes
